change,url,which_live_sitemap,reason
"ADDED","https://www.liquorlicenseagents.com/cities/agoura-hills-liquor-licenses-for-restaurants-bars-and-retailers/","","live, 200, exactly self-canonical, and no sitemap declared it"
"ADDED","https://www.liquorlicenseagents.com/cities/alameda-type-20-liquor-license-for-beer-and-wine-off-sale/","","live, 200, exactly self-canonical, and no sitemap declared it"
"ADDED","https://www.liquorlicenseagents.com/cities/alameda-type-48-full-liquor-license-for-bars-and-nightclubs/","","live, 200, exactly self-canonical, and no sitemap declared it"
"ADDED","https://www.liquorlicenseagents.com/cities/alameda-type-57-full-liquor-license-for-private-clubs/","","live, 200, exactly self-canonical, and no sitemap declared it"
"ADDED","https://www.liquorlicenseagents.com/cities/alameda-type-75-brewpub-license-for-restaurants-and-breweries/","","live, 200, exactly self-canonical, and no sitemap declared it"
"ADDED","https://www.liquorlicenseagents.com/cities/alhambra-liquor-licenses-for-restaurants-bars-and-retailers/","","live, 200, exactly self-canonical, and no sitemap declared it"
"ADDED","https://www.liquorlicenseagents.com/cities/aliso-viejo-liquor-licenses-for-restaurants-bars-and-retailers/","","live, 200, exactly self-canonical, and no sitemap declared it"
"ADDED","https://www.liquorlicenseagents.com/cities/anaheim-liquor-licenses-for-restaurants-bars-and-retailers/","","live, 200, exactly self-canonical, and no sitemap declared it"
"ADDED","https://www.liquorlicenseagents.com/cities/antioch-liquor-licenses-for-restaurants-bars-and-retailers/","","live, 200, exactly self-canonical, and no sitemap declared it"
"ADDED","https://www.liquorlicenseagents.com/cities/arcadia-liquor-licenses-for-restaurants-bars-and-retailers/","","live, 200, exactly self-canonical, and no sitemap declared it"
"ADDED","https://www.liquorlicenseagents.com/cities/artesia-liquor-licenses-for-restaurants-bars-and-retailers/","","live, 200, exactly self-canonical, and no sitemap declared it"
"ADDED","https://www.liquorlicenseagents.com/cities/avalon-liquor-licenses-for-restaurants-bars-and-retailers/","","live, 200, exactly self-canonical, and no sitemap declared it"
"ADDED","https://www.liquorlicenseagents.com/cities/azusa-liquor-licenses-for-restaurants-bars-and-retailers/","","live, 200, exactly self-canonical, and no sitemap declared it"
"ADDED","https://www.liquorlicenseagents.com/cities/baldwin-park-liquor-licenses-for-restaurants-bars-and-retailers/","","live, 200, exactly self-canonical, and no sitemap declared it"
"ADDED","https://www.liquorlicenseagents.com/cities/bell-gardens-liquor-licenses-for-restaurants-bars-and-retailers/","","live, 200, exactly self-canonical, and no sitemap declared it"
"ADDED","https://www.liquorlicenseagents.com/cities/bell-liquor-licenses-for-restaurants-bars-and-retailers/","","live, 200, exactly self-canonical, and no sitemap declared it"
"ADDED","https://www.liquorlicenseagents.com/cities/bellflower-liquor-licenses-for-restaurants-bars-and-retailers/","","live, 200, exactly self-canonical, and no sitemap declared it"
"ADDED","https://www.liquorlicenseagents.com/cities/berkeley-liquor-licenses-for-restaurants-bars-and-retailers/","","live, 200, exactly self-canonical, and no sitemap declared it"
"ADDED","https://www.liquorlicenseagents.com/cities/beverly-hills-liquor-licenses-for-restaurants-bars-and-luxury-retailers/","","live, 200, exactly self-canonical, and no sitemap declared it"
"ADDED","https://www.liquorlicenseagents.com/cities/beverly-hills-type-20-license/","","live, 200, exactly self-canonical, and no sitemap declared it"
"ADDED","https://www.liquorlicenseagents.com/cities/beverly-hills-type-21-license/","","live, 200, exactly self-canonical, and no sitemap declared it"
"ADDED","https://www.liquorlicenseagents.com/cities/beverly-hills-type-41-license/","","live, 200, exactly self-canonical, and no sitemap declared it"
"ADDED","https://www.liquorlicenseagents.com/cities/beverly-hills-type-47-license/","","live, 200, exactly self-canonical, and no sitemap declared it"
"ADDED","https://www.liquorlicenseagents.com/cities/beverly-hills-type-48-license/","","live, 200, exactly self-canonical, and no sitemap declared it"
"ADDED","https://www.liquorlicenseagents.com/cities/beverly-hills-type-57-license/","","live, 200, exactly self-canonical, and no sitemap declared it"
"ADDED","https://www.liquorlicenseagents.com/cities/beverly-hills-type-61-license/","","live, 200, exactly self-canonical, and no sitemap declared it"
"ADDED","https://www.liquorlicenseagents.com/cities/bradbury-liquor-licenses-for-restaurants-bars-and-retailers/","","live, 200, exactly self-canonical, and no sitemap declared it"
"ADDED","https://www.liquorlicenseagents.com/cities/brea-liquor-licenses-for-restaurants-bars-and-retailers/","","live, 200, exactly self-canonical, and no sitemap declared it"
"ADDED","https://www.liquorlicenseagents.com/cities/buena-park-liquor-licenses-for-restaurants-bars-and-retailers/","","live, 200, exactly self-canonical, and no sitemap declared it"
"ADDED","https://www.liquorlicenseagents.com/cities/burbank-liquor-licenses-for-restaurants-bars-and-retailers/","","live, 200, exactly self-canonical, and no sitemap declared it"
"ADDED","https://www.liquorlicenseagents.com/cities/burbank-type-20-license/","","live, 200, exactly self-canonical, and no sitemap declared it"
"ADDED","https://www.liquorlicenseagents.com/cities/burbank-type-21-license/","","live, 200, exactly self-canonical, and no sitemap declared it"
"ADDED","https://www.liquorlicenseagents.com/cities/burbank-type-41-license/","","live, 200, exactly self-canonical, and no sitemap declared it"
"ADDED","https://www.liquorlicenseagents.com/cities/burbank-type-47-license/","","live, 200, exactly self-canonical, and no sitemap declared it"
"ADDED","https://www.liquorlicenseagents.com/cities/burbank-type-48-license/","","live, 200, exactly self-canonical, and no sitemap declared it"
"ADDED","https://www.liquorlicenseagents.com/cities/burbank-type-57-license/","","live, 200, exactly self-canonical, and no sitemap declared it"
"ADDED","https://www.liquorlicenseagents.com/cities/burbank-type-61-license/","","live, 200, exactly self-canonical, and no sitemap declared it"
"ADDED","https://www.liquorlicenseagents.com/cities/calabasas-liquor-licenses-for-restaurants-bars-and-retailers/","","live, 200, exactly self-canonical, and no sitemap declared it"
"ADDED","https://www.liquorlicenseagents.com/cities/calistoga-liquor-licenses-for-restaurants-bars-and-retailers/","","live, 200, exactly self-canonical, and no sitemap declared it"
"ADDED","https://www.liquorlicenseagents.com/cities/camarillo-liquor-licenses-for-restaurants-bars-and-retailers/","","live, 200, exactly self-canonical, and no sitemap declared it"
"ADDED","https://www.liquorlicenseagents.com/cities/cape-coral-13ct-license/","","live, 200, exactly self-canonical, and no sitemap declared it"
"ADDED","https://www.liquorlicenseagents.com/cities/cape-coral-2aps-license/","","live, 200, exactly self-canonical, and no sitemap declared it"
"ADDED","https://www.liquorlicenseagents.com/cities/cape-coral-2cop-license/","","live, 200, exactly self-canonical, and no sitemap declared it"
"ADDED","https://www.liquorlicenseagents.com/cities/cape-coral-3ps-quota-license/","","live, 200, exactly self-canonical, and no sitemap declared it"
"ADDED","https://www.liquorlicenseagents.com/cities/cape-coral-4cop-quota-license/","","live, 200, exactly self-canonical, and no sitemap declared it"
"ADDED","https://www.liquorlicenseagents.com/cities/cape-coral-4cop-sfs-license/","","live, 200, exactly self-canonical, and no sitemap declared it"
"ADDED","https://www.liquorlicenseagents.com/cities/cape-coral-cmb-license/","","live, 200, exactly self-canonical, and no sitemap declared it"
"ADDED","https://www.liquorlicenseagents.com/cities/cape-coral-liquor-licenses-for-restaurants-bars-and-retailers/","","live, 200, exactly self-canonical, and no sitemap declared it"
"ADDED","https://www.liquorlicenseagents.com/cities/carlsbad-liquor-licenses-for-restaurants-bars-and-retailers/","","live, 200, exactly self-canonical, and no sitemap declared it"
"ADDED","https://www.liquorlicenseagents.com/cities/carpinteria-liquor-licenses-for-restaurants-bars-and-retailers/","","live, 200, exactly self-canonical, and no sitemap declared it"
"ADDED","https://www.liquorlicenseagents.com/cities/carson-liquor-licenses-for-restaurants-bars-and-retailers/","","live, 200, exactly self-canonical, and no sitemap declared it"
"ADDED","https://www.liquorlicenseagents.com/cities/cerritos-liquor-licenses-for-restaurants-bars-and-retailers/","","live, 200, exactly self-canonical, and no sitemap declared it"
"ADDED","https://www.liquorlicenseagents.com/cities/chandler-liquor-licenses-for-restaurants-bars-and-retailers/","","live, 200, exactly self-canonical, and no sitemap declared it"
"ADDED","https://www.liquorlicenseagents.com/cities/chandler-series-1-license/","","live, 200, exactly self-canonical, and no sitemap declared it"
"ADDED","https://www.liquorlicenseagents.com/cities/chandler-series-10-license/","","live, 200, exactly self-canonical, and no sitemap declared it"
"ADDED","https://www.liquorlicenseagents.com/cities/chandler-series-11-license/","","live, 200, exactly self-canonical, and no sitemap declared it"
"ADDED","https://www.liquorlicenseagents.com/cities/chandler-series-12-license/","","live, 200, exactly self-canonical, and no sitemap declared it"
"ADDED","https://www.liquorlicenseagents.com/cities/chandler-series-6-license/","","live, 200, exactly self-canonical, and no sitemap declared it"
"ADDED","https://www.liquorlicenseagents.com/cities/chandler-series-7-license/","","live, 200, exactly self-canonical, and no sitemap declared it"
"ADDED","https://www.liquorlicenseagents.com/cities/chandler-series-9-license/","","live, 200, exactly self-canonical, and no sitemap declared it"
"ADDED","https://www.liquorlicenseagents.com/cities/chino-hills-liquor-licenses-for-restaurants-bars-and-retailers/","","live, 200, exactly self-canonical, and no sitemap declared it"
"ADDED","https://www.liquorlicenseagents.com/cities/chino-hills-type-20-license/","","live, 200, exactly self-canonical, and no sitemap declared it"
"ADDED","https://www.liquorlicenseagents.com/cities/chino-hills-type-21-license/","","live, 200, exactly self-canonical, and no sitemap declared it"
"ADDED","https://www.liquorlicenseagents.com/cities/chino-hills-type-41-license/","","live, 200, exactly self-canonical, and no sitemap declared it"
"ADDED","https://www.liquorlicenseagents.com/cities/chino-hills-type-47-license/","","live, 200, exactly self-canonical, and no sitemap declared it"
"ADDED","https://www.liquorlicenseagents.com/cities/chino-hills-type-48-license/","","live, 200, exactly self-canonical, and no sitemap declared it"
"ADDED","https://www.liquorlicenseagents.com/cities/chino-hills-type-57-license/","","live, 200, exactly self-canonical, and no sitemap declared it"
"ADDED","https://www.liquorlicenseagents.com/cities/chino-hills-type-61-license/","","live, 200, exactly self-canonical, and no sitemap declared it"
"ADDED","https://www.liquorlicenseagents.com/cities/chula-vista-type-20-license/","","live, 200, exactly self-canonical, and no sitemap declared it"
"ADDED","https://www.liquorlicenseagents.com/cities/chula-vista-type-21-license/","","live, 200, exactly self-canonical, and no sitemap declared it"
"ADDED","https://www.liquorlicenseagents.com/cities/chula-vista-type-41-license/","","live, 200, exactly self-canonical, and no sitemap declared it"
"ADDED","https://www.liquorlicenseagents.com/cities/chula-vista-type-47-license/","","live, 200, exactly self-canonical, and no sitemap declared it"
"ADDED","https://www.liquorlicenseagents.com/cities/chula-vista-type-48-license/","","live, 200, exactly self-canonical, and no sitemap declared it"
"ADDED","https://www.liquorlicenseagents.com/cities/chula-vista-type-57-license/","","live, 200, exactly self-canonical, and no sitemap declared it"
"ADDED","https://www.liquorlicenseagents.com/cities/chula-vista-type-61-license/","","live, 200, exactly self-canonical, and no sitemap declared it"
"ADDED","https://www.liquorlicenseagents.com/cities/city-of-orange-liquor-licenses-for-restaurants-bars-and-retailers/","","live, 200, exactly self-canonical, and no sitemap declared it"
"ADDED","https://www.liquorlicenseagents.com/cities/claremont-liquor-licenses-for-restaurants-bars-and-retailers/","","live, 200, exactly self-canonical, and no sitemap declared it"
"ADDED","https://www.liquorlicenseagents.com/cities/commerce-liquor-licenses-for-restaurants-bars-and-retailers/","","live, 200, exactly self-canonical, and no sitemap declared it"
"ADDED","https://www.liquorlicenseagents.com/cities/compton-liquor-licenses-for-restaurants-bars-and-retailers/","","live, 200, exactly self-canonical, and no sitemap declared it"
"ADDED","https://www.liquorlicenseagents.com/cities/compton-type-20-license/","","live, 200, exactly self-canonical, and no sitemap declared it"
"ADDED","https://www.liquorlicenseagents.com/cities/compton-type-21-license/","","live, 200, exactly self-canonical, and no sitemap declared it"
"ADDED","https://www.liquorlicenseagents.com/cities/compton-type-41-license/","","live, 200, exactly self-canonical, and no sitemap declared it"
"ADDED","https://www.liquorlicenseagents.com/cities/compton-type-47-license/","","live, 200, exactly self-canonical, and no sitemap declared it"
"ADDED","https://www.liquorlicenseagents.com/cities/compton-type-48-license/","","live, 200, exactly self-canonical, and no sitemap declared it"
"ADDED","https://www.liquorlicenseagents.com/cities/compton-type-57-license/","","live, 200, exactly self-canonical, and no sitemap declared it"
"ADDED","https://www.liquorlicenseagents.com/cities/compton-type-61-license/","","live, 200, exactly self-canonical, and no sitemap declared it"
"ADDED","https://www.liquorlicenseagents.com/cities/concord-liquor-licenses-for-restaurants-bars-and-retailers/","","live, 200, exactly self-canonical, and no sitemap declared it"
"ADDED","https://www.liquorlicenseagents.com/cities/coronado-liquor-licenses-for-restaurants-bars-and-retailers/","","live, 200, exactly self-canonical, and no sitemap declared it"
"ADDED","https://www.liquorlicenseagents.com/cities/costa-mesa-liquor-licenses-for-restaurants-bars-and-retailers/","","live, 200, exactly self-canonical, and no sitemap declared it"
"ADDED","https://www.liquorlicenseagents.com/cities/covina-liquor-licenses-for-restaurants-bars-and-retailers/","","live, 200, exactly self-canonical, and no sitemap declared it"
"ADDED","https://www.liquorlicenseagents.com/cities/cudahy-liquor-licenses-for-restaurants-bars-and-retailers/","","live, 200, exactly self-canonical, and no sitemap declared it"
"ADDED","https://www.liquorlicenseagents.com/cities/cypress-liquor-licenses-for-restaurants-bars-and-retailers/","","live, 200, exactly self-canonical, and no sitemap declared it"
"ADDED","https://www.liquorlicenseagents.com/cities/dana-point-liquor-licenses-for-restaurants-bars-and-retailers-1/","","live, 200, exactly self-canonical, and no sitemap declared it"
"ADDED","https://www.liquorlicenseagents.com/cities/dana-point-liquor-licenses-for-restaurants-bars-and-retailers/","","live, 200, exactly self-canonical, and no sitemap declared it"
"ADDED","https://www.liquorlicenseagents.com/cities/del-mar-liquor-licenses-for-restaurants-bars-and-retailers/","","live, 200, exactly self-canonical, and no sitemap declared it"
"ADDED","https://www.liquorlicenseagents.com/cities/diamond-bar-liquor-licenses-for-restaurants-bars-and-retailers/","","live, 200, exactly self-canonical, and no sitemap declared it"
"ADDED","https://www.liquorlicenseagents.com/cities/downey-liquor-licenses-for-restaurants-bars-and-retailers/","","live, 200, exactly self-canonical, and no sitemap declared it"
"ADDED","https://www.liquorlicenseagents.com/cities/duarte-liquor-licenses-for-restaurants-bars-and-retailers/","","live, 200, exactly self-canonical, and no sitemap declared it"
"ADDED","https://www.liquorlicenseagents.com/cities/el-cajon-liquor-licenses-for-restaurants-bars-and-retailers/","","live, 200, exactly self-canonical, and no sitemap declared it"
"ADDED","https://www.liquorlicenseagents.com/cities/el-monte-type-20-license/","","live, 200, exactly self-canonical, and no sitemap declared it"
"ADDED","https://www.liquorlicenseagents.com/cities/el-monte-type-21-license/","","live, 200, exactly self-canonical, and no sitemap declared it"
"ADDED","https://www.liquorlicenseagents.com/cities/el-monte-type-41-license/","","live, 200, exactly self-canonical, and no sitemap declared it"
"ADDED","https://www.liquorlicenseagents.com/cities/el-monte-type-47-license/","","live, 200, exactly self-canonical, and no sitemap declared it"
"ADDED","https://www.liquorlicenseagents.com/cities/el-monte-type-48-license/","","live, 200, exactly self-canonical, and no sitemap declared it"
"ADDED","https://www.liquorlicenseagents.com/cities/el-monte-type-57-license/","","live, 200, exactly self-canonical, and no sitemap declared it"
"ADDED","https://www.liquorlicenseagents.com/cities/el-monte-type-61-license/","","live, 200, exactly self-canonical, and no sitemap declared it"
"ADDED","https://www.liquorlicenseagents.com/cities/el-segundo-liquor-licenses-for-restaurants-bars-and-retailers/","","live, 200, exactly self-canonical, and no sitemap declared it"
"ADDED","https://www.liquorlicenseagents.com/cities/elk-grove-liquor-licenses-for-restaurants-bars-and-retailers/","","live, 200, exactly self-canonical, and no sitemap declared it"
"ADDED","https://www.liquorlicenseagents.com/cities/encinitas-liquor-licenses-for-restaurants-bars-and-retailers/","","live, 200, exactly self-canonical, and no sitemap declared it"
"ADDED","https://www.liquorlicenseagents.com/cities/encinitas-type-20-license/","","live, 200, exactly self-canonical, and no sitemap declared it"
"ADDED","https://www.liquorlicenseagents.com/cities/encinitas-type-21-license/","","live, 200, exactly self-canonical, and no sitemap declared it"
"ADDED","https://www.liquorlicenseagents.com/cities/encinitas-type-41-license/","","live, 200, exactly self-canonical, and no sitemap declared it"
"ADDED","https://www.liquorlicenseagents.com/cities/encinitas-type-47-license/","","live, 200, exactly self-canonical, and no sitemap declared it"
"ADDED","https://www.liquorlicenseagents.com/cities/encinitas-type-48-license/","","live, 200, exactly self-canonical, and no sitemap declared it"
"ADDED","https://www.liquorlicenseagents.com/cities/encinitas-type-57-license/","","live, 200, exactly self-canonical, and no sitemap declared it"
"ADDED","https://www.liquorlicenseagents.com/cities/encinitas-type-61-license/","","live, 200, exactly self-canonical, and no sitemap declared it"
"ADDED","https://www.liquorlicenseagents.com/cities/escondido-liquor-licenses-for-restaurants-bars-and-retailers/","","live, 200, exactly self-canonical, and no sitemap declared it"
"ADDED","https://www.liquorlicenseagents.com/cities/escondido-type-20-license/","","live, 200, exactly self-canonical, and no sitemap declared it"
"ADDED","https://www.liquorlicenseagents.com/cities/escondido-type-21-license/","","live, 200, exactly self-canonical, and no sitemap declared it"
"ADDED","https://www.liquorlicenseagents.com/cities/escondido-type-41-license/","","live, 200, exactly self-canonical, and no sitemap declared it"
"ADDED","https://www.liquorlicenseagents.com/cities/escondido-type-47-license/","","live, 200, exactly self-canonical, and no sitemap declared it"
"ADDED","https://www.liquorlicenseagents.com/cities/escondido-type-48-license/","","live, 200, exactly self-canonical, and no sitemap declared it"
"ADDED","https://www.liquorlicenseagents.com/cities/escondido-type-57-licens/","","live, 200, exactly self-canonical, and no sitemap declared it"
"ADDED","https://www.liquorlicenseagents.com/cities/escondido-type-61-license/","","live, 200, exactly self-canonical, and no sitemap declared it"
"ADDED","https://www.liquorlicenseagents.com/cities/fontana-liquor-licenses-for-restaurants-bars-and-retailers/","","live, 200, exactly self-canonical, and no sitemap declared it"
"ADDED","https://www.liquorlicenseagents.com/cities/fort-lauderdale-13ct-license/","","live, 200, exactly self-canonical, and no sitemap declared it"
"ADDED","https://www.liquorlicenseagents.com/cities/fort-lauderdale-2aps-license/","","live, 200, exactly self-canonical, and no sitemap declared it"
"ADDED","https://www.liquorlicenseagents.com/cities/fort-lauderdale-2cop-license/","","live, 200, exactly self-canonical, and no sitemap declared it"
"ADDED","https://www.liquorlicenseagents.com/cities/fort-lauderdale-3ps-quota-license/","","live, 200, exactly self-canonical, and no sitemap declared it"
"ADDED","https://www.liquorlicenseagents.com/cities/fort-lauderdale-4cop-quota-license/","","live, 200, exactly self-canonical, and no sitemap declared it"
"ADDED","https://www.liquorlicenseagents.com/cities/fort-lauderdale-4cop-sfs-license/","","live, 200, exactly self-canonical, and no sitemap declared it"
"ADDED","https://www.liquorlicenseagents.com/cities/fort-lauderdale-cmb-license/","","live, 200, exactly self-canonical, and no sitemap declared it"
"ADDED","https://www.liquorlicenseagents.com/cities/fort-lauderdale-liquor-licenses-for-restaurants-bars-and-retailers/","","live, 200, exactly self-canonical, and no sitemap declared it"
"ADDED","https://www.liquorlicenseagents.com/cities/fremont-liquor-licenses-for-restaurants-bars-and-retailers/","","live, 200, exactly self-canonical, and no sitemap declared it"
"ADDED","https://www.liquorlicenseagents.com/cities/fresno-county-type-02-winery-or-winegrower-license/","","live, 200, exactly self-canonical, and no sitemap declared it"
"ADDED","https://www.liquorlicenseagents.com/cities/fresno-county-type-20-liquor-license-for-beer-and-wine-off-sale-1/","","live, 200, exactly self-canonical, and no sitemap declared it"
"ADDED","https://www.liquorlicenseagents.com/cities/fresno-county-type-20-liquor-license-for-beer-and-wine-off-sale/","","live, 200, exactly self-canonical, and no sitemap declared it"
"ADDED","https://www.liquorlicenseagents.com/cities/fresno-county-type-23-small-beer-manufacturer-license/","","live, 200, exactly self-canonical, and no sitemap declared it"
"ADDED","https://www.liquorlicenseagents.com/cities/fresno-county-type-75-brewpub-license-for-restaurants-and-breweries/","","live, 200, exactly self-canonical, and no sitemap declared it"
"ADDED","https://www.liquorlicenseagents.com/cities/fresno-county-type-75-on-sale-general-brewpub-license/","","live, 200, exactly self-canonical, and no sitemap declared it"
"ADDED","https://www.liquorlicenseagents.com/cities/fresno-county-type-85-limited-off-sale-wine-license/","","live, 200, exactly self-canonical, and no sitemap declared it"
"ADDED","https://www.liquorlicenseagents.com/cities/fullerton-liquor-licenses-for-restaurants-bars-and-retailers/","","live, 200, exactly self-canonical, and no sitemap declared it"
"ADDED","https://www.liquorlicenseagents.com/cities/garden-grove-liquor-licenses-for-restaurants-bars-and-retailers/","","live, 200, exactly self-canonical, and no sitemap declared it"
"ADDED","https://www.liquorlicenseagents.com/cities/gardena-liquor-licenses-for-restaurants-bars-and-retailers/","","live, 200, exactly self-canonical, and no sitemap declared it"
"ADDED","https://www.liquorlicenseagents.com/cities/gilbert-liquor-licenses-for-restaurants-bars-and-retailers/","","live, 200, exactly self-canonical, and no sitemap declared it"
"ADDED","https://www.liquorlicenseagents.com/cities/gilbert-series-1-license/","","live, 200, exactly self-canonical, and no sitemap declared it"
"ADDED","https://www.liquorlicenseagents.com/cities/gilbert-series-10-license/","","live, 200, exactly self-canonical, and no sitemap declared it"
"ADDED","https://www.liquorlicenseagents.com/cities/gilbert-series-11-license/","","live, 200, exactly self-canonical, and no sitemap declared it"
"ADDED","https://www.liquorlicenseagents.com/cities/gilbert-series-12-license/","","live, 200, exactly self-canonical, and no sitemap declared it"
"ADDED","https://www.liquorlicenseagents.com/cities/gilbert-series-6-license/","","live, 200, exactly self-canonical, and no sitemap declared it"
"ADDED","https://www.liquorlicenseagents.com/cities/gilbert-series-7-license/","","live, 200, exactly self-canonical, and no sitemap declared it"
"ADDED","https://www.liquorlicenseagents.com/cities/gilbert-series-9-license/","","live, 200, exactly self-canonical, and no sitemap declared it"
"ADDED","https://www.liquorlicenseagents.com/cities/glendale-liquor-licenses-for-restaurants-bars-and-retailers/","","live, 200, exactly self-canonical, and no sitemap declared it"
"ADDED","https://www.liquorlicenseagents.com/cities/glendale-series-1-license/","","live, 200, exactly self-canonical, and no sitemap declared it"
"ADDED","https://www.liquorlicenseagents.com/cities/glendale-series-10-license/","","live, 200, exactly self-canonical, and no sitemap declared it"
"ADDED","https://www.liquorlicenseagents.com/cities/glendale-series-11-license/","","live, 200, exactly self-canonical, and no sitemap declared it"
"ADDED","https://www.liquorlicenseagents.com/cities/glendale-series-12-license/","","live, 200, exactly self-canonical, and no sitemap declared it"
"ADDED","https://www.liquorlicenseagents.com/cities/glendale-series-6-license/","","live, 200, exactly self-canonical, and no sitemap declared it"
"ADDED","https://www.liquorlicenseagents.com/cities/glendale-series-7-license/","","live, 200, exactly self-canonical, and no sitemap declared it"
"ADDED","https://www.liquorlicenseagents.com/cities/glendale-series-9-license/","","live, 200, exactly self-canonical, and no sitemap declared it"
"ADDED","https://www.liquorlicenseagents.com/cities/glendale-type-20-license/","","live, 200, exactly self-canonical, and no sitemap declared it"
"ADDED","https://www.liquorlicenseagents.com/cities/glendale-type-21-license/","","live, 200, exactly self-canonical, and no sitemap declared it"
"ADDED","https://www.liquorlicenseagents.com/cities/glendale-type-41-license/","","live, 200, exactly self-canonical, and no sitemap declared it"
"ADDED","https://www.liquorlicenseagents.com/cities/glendale-type-47-license/","","live, 200, exactly self-canonical, and no sitemap declared it"
"ADDED","https://www.liquorlicenseagents.com/cities/glendale-type-48-license/","","live, 200, exactly self-canonical, and no sitemap declared it"
"ADDED","https://www.liquorlicenseagents.com/cities/glendale-type-57-license/","","live, 200, exactly self-canonical, and no sitemap declared it"
"ADDED","https://www.liquorlicenseagents.com/cities/glendale-type-61-license/","","live, 200, exactly self-canonical, and no sitemap declared it"
"ADDED","https://www.liquorlicenseagents.com/cities/glendora-liquor-licenses-for-restaurants-bars-and-retailers/","","live, 200, exactly self-canonical, and no sitemap declared it"
"ADDED","https://www.liquorlicenseagents.com/cities/goleta-liquor-licenses-for-restaurants-bars-and-retailers/","","live, 200, exactly self-canonical, and no sitemap declared it"
"ADDED","https://www.liquorlicenseagents.com/cities/guadalupe-liquor-licenses-for-restaurants-bars-and-retailers/","","live, 200, exactly self-canonical, and no sitemap declared it"
"ADDED","https://www.liquorlicenseagents.com/cities/hawaiian-gardens-liquor-licenses-for-restaurants-bars-and-retailers/","","live, 200, exactly self-canonical, and no sitemap declared it"
"ADDED","https://www.liquorlicenseagents.com/cities/hawthorne-liquor-licenses-for-restaurants-bars-and-retailers/","","live, 200, exactly self-canonical, and no sitemap declared it"
"ADDED","https://www.liquorlicenseagents.com/cities/hayward-liquor-licenses-for-restaurants-bars-and-retailers/","","live, 200, exactly self-canonical, and no sitemap declared it"
"ADDED","https://www.liquorlicenseagents.com/cities/hermosa-beach-liquor-licenses-for-restaurants-bars-and-retailers/","","live, 200, exactly self-canonical, and no sitemap declared it"
"ADDED","https://www.liquorlicenseagents.com/cities/hialeah-13ct-license/","","live, 200, exactly self-canonical, and no sitemap declared it"
"ADDED","https://www.liquorlicenseagents.com/cities/hialeah-2aps-license/","","live, 200, exactly self-canonical, and no sitemap declared it"
"ADDED","https://www.liquorlicenseagents.com/cities/hialeah-2cop-license/","","live, 200, exactly self-canonical, and no sitemap declared it"
"ADDED","https://www.liquorlicenseagents.com/cities/hialeah-3ps-quota-license/","","live, 200, exactly self-canonical, and no sitemap declared it"
"ADDED","https://www.liquorlicenseagents.com/cities/hialeah-4cop-quota-license/","","live, 200, exactly self-canonical, and no sitemap declared it"
"ADDED","https://www.liquorlicenseagents.com/cities/hialeah-4cop-sfs-license/","","live, 200, exactly self-canonical, and no sitemap declared it"
"ADDED","https://www.liquorlicenseagents.com/cities/hialeah-cmb-license/","","live, 200, exactly self-canonical, and no sitemap declared it"
"ADDED","https://www.liquorlicenseagents.com/cities/hialeah-liquor-licenses-for-restaurants-bars-and-retailers/","","live, 200, exactly self-canonical, and no sitemap declared it"
"ADDED","https://www.liquorlicenseagents.com/cities/hidden-hills-liquor-licenses-for-restaurants-bars-and-retailers/","","live, 200, exactly self-canonical, and no sitemap declared it"
"ADDED","https://www.liquorlicenseagents.com/cities/huntington-beach-liquor-licenses-for-restaurants-bars-and-retailers/","","live, 200, exactly self-canonical, and no sitemap declared it"
"ADDED","https://www.liquorlicenseagents.com/cities/irvine-liquor-licenses-for-restaurants-bars-and-retailers/","","live, 200, exactly self-canonical, and no sitemap declared it"
"ADDED","https://www.liquorlicenseagents.com/cities/irwindale-liquor-licenses-for-restaurants-bars-and-retailers/","","live, 200, exactly self-canonical, and no sitemap declared it"
"ADDED","https://www.liquorlicenseagents.com/cities/jacksonville-13ct-license/","","live, 200, exactly self-canonical, and no sitemap declared it"
"ADDED","https://www.liquorlicenseagents.com/cities/jacksonville-2aps-license/","","live, 200, exactly self-canonical, and no sitemap declared it"
"ADDED","https://www.liquorlicenseagents.com/cities/jacksonville-2cop-license/","","live, 200, exactly self-canonical, and no sitemap declared it"
"ADDED","https://www.liquorlicenseagents.com/cities/jacksonville-3ps-quota-license/","","live, 200, exactly self-canonical, and no sitemap declared it"
"ADDED","https://www.liquorlicenseagents.com/cities/jacksonville-4cop-quota-license/","","live, 200, exactly self-canonical, and no sitemap declared it"
"ADDED","https://www.liquorlicenseagents.com/cities/jacksonville-4cop-sfs-license/","","live, 200, exactly self-canonical, and no sitemap declared it"
"ADDED","https://www.liquorlicenseagents.com/cities/jacksonville-cmb-license/","","live, 200, exactly self-canonical, and no sitemap declared it"
"ADDED","https://www.liquorlicenseagents.com/cities/jacksonville-liquor-licenses-for-restaurants-bars-and-retailers/","","live, 200, exactly self-canonical, and no sitemap declared it"
"ADDED","https://www.liquorlicenseagents.com/cities/la-habra-heights-liquor-licenses-for-restaurants-bars-and-retailers/","","live, 200, exactly self-canonical, and no sitemap declared it"
"ADDED","https://www.liquorlicenseagents.com/cities/la-mesa-liquor-licenses-for-restaurants-bars-and-retailers/","","live, 200, exactly self-canonical, and no sitemap declared it"
"ADDED","https://www.liquorlicenseagents.com/cities/la-mirada-liquor-licenses-for-restaurants-bars-and-retailers/","","live, 200, exactly self-canonical, and no sitemap declared it"
"ADDED","https://www.liquorlicenseagents.com/cities/la-palma-liquor-licenses-for-restaurants-bars-and-retailers/","","live, 200, exactly self-canonical, and no sitemap declared it"
"ADDED","https://www.liquorlicenseagents.com/cities/la-puente-liquor-licenses-for-restaurants-bars-and-retailers/","","live, 200, exactly self-canonical, and no sitemap declared it"
"ADDED","https://www.liquorlicenseagents.com/cities/la-verne-liquor-licenses-for-restaurants-bars-and-retailers/","","live, 200, exactly self-canonical, and no sitemap declared it"
"ADDED","https://www.liquorlicenseagents.com/cities/laguna-beach-liquor-licenses-for-restaurants-bars-and-retailers/","","live, 200, exactly self-canonical, and no sitemap declared it"
"ADDED","https://www.liquorlicenseagents.com/cities/laguna-beach-type-20-license/","","live, 200, exactly self-canonical, and no sitemap declared it"
"ADDED","https://www.liquorlicenseagents.com/cities/laguna-beach-type-21-license/","","live, 200, exactly self-canonical, and no sitemap declared it"
"ADDED","https://www.liquorlicenseagents.com/cities/laguna-beach-type-41-license/","","live, 200, exactly self-canonical, and no sitemap declared it"
"ADDED","https://www.liquorlicenseagents.com/cities/laguna-beach-type-47-license/","","live, 200, exactly self-canonical, and no sitemap declared it"
"ADDED","https://www.liquorlicenseagents.com/cities/laguna-beach-type-48-license/","","live, 200, exactly self-canonical, and no sitemap declared it"
"ADDED","https://www.liquorlicenseagents.com/cities/laguna-beach-type-57-license/","","live, 200, exactly self-canonical, and no sitemap declared it"
"ADDED","https://www.liquorlicenseagents.com/cities/laguna-beach-type-61-license/","","live, 200, exactly self-canonical, and no sitemap declared it"
"ADDED","https://www.liquorlicenseagents.com/cities/laguna-hills-liquor-licenses-for-restaurants-bars-and-retailers/","","live, 200, exactly self-canonical, and no sitemap declared it"
"ADDED","https://www.liquorlicenseagents.com/cities/laguna-niguel-liquor-licenses-for-restaurants-bars-and-retailers/","","live, 200, exactly self-canonical, and no sitemap declared it"
"ADDED","https://www.liquorlicenseagents.com/cities/laguna-woods-liquor-licenses-for-restaurants-bars-and-retailers/","","live, 200, exactly self-canonical, and no sitemap declared it"
"ADDED","https://www.liquorlicenseagents.com/cities/laguna-woods-type-20-license/","","live, 200, exactly self-canonical, and no sitemap declared it"
"ADDED","https://www.liquorlicenseagents.com/cities/laguna-woods-type-21-license/","","live, 200, exactly self-canonical, and no sitemap declared it"
"ADDED","https://www.liquorlicenseagents.com/cities/laguna-woods-type-41-license/","","live, 200, exactly self-canonical, and no sitemap declared it"
"ADDED","https://www.liquorlicenseagents.com/cities/laguna-woods-type-47-license/","","live, 200, exactly self-canonical, and no sitemap declared it"
"ADDED","https://www.liquorlicenseagents.com/cities/laguna-woods-type-48-license/","","live, 200, exactly self-canonical, and no sitemap declared it"
"ADDED","https://www.liquorlicenseagents.com/cities/laguna-woods-type-57-license/","","live, 200, exactly self-canonical, and no sitemap declared it"
"ADDED","https://www.liquorlicenseagents.com/cities/laguna-woods-type-61-license/","","live, 200, exactly self-canonical, and no sitemap declared it"
"ADDED","https://www.liquorlicenseagents.com/cities/lake-forest-liquor-licenses-for-restaurants-bars-and-retailers/","","live, 200, exactly self-canonical, and no sitemap declared it"
"ADDED","https://www.liquorlicenseagents.com/cities/lakewood-liquor-licenses-for-restaurants-bars-and-retailers/","","live, 200, exactly self-canonical, and no sitemap declared it"
"ADDED","https://www.liquorlicenseagents.com/cities/lakewood-type-20-license/","","live, 200, exactly self-canonical, and no sitemap declared it"
"ADDED","https://www.liquorlicenseagents.com/cities/lakewood-type-21-license/","","live, 200, exactly self-canonical, and no sitemap declared it"
"ADDED","https://www.liquorlicenseagents.com/cities/lakewood-type-41-license/","","live, 200, exactly self-canonical, and no sitemap declared it"
"ADDED","https://www.liquorlicenseagents.com/cities/lakewood-type-47-license/","","live, 200, exactly self-canonical, and no sitemap declared it"
"ADDED","https://www.liquorlicenseagents.com/cities/lakewood-type-48-license/","","live, 200, exactly self-canonical, and no sitemap declared it"
"ADDED","https://www.liquorlicenseagents.com/cities/lakewood-type-57-license/","","live, 200, exactly self-canonical, and no sitemap declared it"
"ADDED","https://www.liquorlicenseagents.com/cities/lakewood-type-61-license/","","live, 200, exactly self-canonical, and no sitemap declared it"
"ADDED","https://www.liquorlicenseagents.com/cities/lancaster-liquor-licenses-for-restaurants-bars-and-retailers/","","live, 200, exactly self-canonical, and no sitemap declared it"
"ADDED","https://www.liquorlicenseagents.com/cities/lawndale-liquor-licenses-for-restaurants-bars-and-retailers/","","live, 200, exactly self-canonical, and no sitemap declared it"
"ADDED","https://www.liquorlicenseagents.com/cities/lemon-grove-liquor-licenses-for-restaurants-bars-and-retailers/","","live, 200, exactly self-canonical, and no sitemap declared it"
"ADDED","https://www.liquorlicenseagents.com/cities/lomita-liquor-licenses-for-restaurants-bars-and-retailers/","","live, 200, exactly self-canonical, and no sitemap declared it"
"ADDED","https://www.liquorlicenseagents.com/cities/lompoc-liquor-licenses-for-restaurants-bars-and-retailers/","","live, 200, exactly self-canonical, and no sitemap declared it"
"ADDED","https://www.liquorlicenseagents.com/cities/long-beach-liquor-licenses-for-restaurants-bars-and-retailers/","","live, 200, exactly self-canonical, and no sitemap declared it"
"ADDED","https://www.liquorlicenseagents.com/cities/los-alamitos-liquor-licenses-for-restaurants-bars-and-retailers/","","live, 200, exactly self-canonical, and no sitemap declared it"
"ADDED","https://www.liquorlicenseagents.com/cities/los-angeles-county-type-02-winery-or-winegrower-license/","","live, 200, exactly self-canonical, and no sitemap declared it"
"ADDED","https://www.liquorlicenseagents.com/cities/los-angeles-county-type-20-liquor-license-for-beer-and-wine-off-sale/","","live, 200, exactly self-canonical, and no sitemap declared it"
"ADDED","https://www.liquorlicenseagents.com/cities/los-angeles-county-type-21-full-liquor-license-for-liquor-stores/","","live, 200, exactly self-canonical, and no sitemap declared it"
"ADDED","https://www.liquorlicenseagents.com/cities/los-angeles-county-type-23-small-beer-manufacturer-license/","","live, 200, exactly self-canonical, and no sitemap declared it"
"ADDED","https://www.liquorlicenseagents.com/cities/los-angeles-county-type-40-on-sale-beer-license/","","live, 200, exactly self-canonical, and no sitemap declared it"
"ADDED","https://www.liquorlicenseagents.com/cities/los-angeles-county-type-41-beer-and-wine-eating-place-license/","","live, 200, exactly self-canonical, and no sitemap declared it"
"ADDED","https://www.liquorlicenseagents.com/cities/los-angeles-county-type-41-beer-and-wine-license-for-restaurants/","","live, 200, exactly self-canonical, and no sitemap declared it"
"ADDED","https://www.liquorlicenseagents.com/cities/los-angeles-county-type-42-on-sale-beer-and-wine-public-premises-license/","","live, 200, exactly self-canonical, and no sitemap declared it"
"ADDED","https://www.liquorlicenseagents.com/cities/los-angeles-county-type-47-full-liquor-license-for-restaurants/","","live, 200, exactly self-canonical, and no sitemap declared it"
"ADDED","https://www.liquorlicenseagents.com/cities/los-angeles-county-type-48-full-liquor-license-for-bars-and-nightclubs/","","live, 200, exactly self-canonical, and no sitemap declared it"
"ADDED","https://www.liquorlicenseagents.com/cities/los-angeles-county-type-75-on-sale-general-brewpub-license/","","live, 200, exactly self-canonical, and no sitemap declared it"
"ADDED","https://www.liquorlicenseagents.com/cities/los-angeles-liquor-licenses-for-restaurants-bars-and-retailers/","","live, 200, exactly self-canonical, and no sitemap declared it"
"ADDED","https://www.liquorlicenseagents.com/cities/lynwood-liquor-licenses-for-restaurants-bars-and-retailers/","","live, 200, exactly self-canonical, and no sitemap declared it"
"ADDED","https://www.liquorlicenseagents.com/cities/malibu-liquor-licenses-for-restaurants-bars-and-retailers/","","live, 200, exactly self-canonical, and no sitemap declared it"
"ADDED","https://www.liquorlicenseagents.com/cities/malibu-type-20-license/","","live, 200, exactly self-canonical, and no sitemap declared it"
"ADDED","https://www.liquorlicenseagents.com/cities/malibu-type-21-license/","","live, 200, exactly self-canonical, and no sitemap declared it"
"ADDED","https://www.liquorlicenseagents.com/cities/malibu-type-41-license/","","live, 200, exactly self-canonical, and no sitemap declared it"
"ADDED","https://www.liquorlicenseagents.com/cities/malibu-type-47-license/","","live, 200, exactly self-canonical, and no sitemap declared it"
"ADDED","https://www.liquorlicenseagents.com/cities/malibu-type-57-license/","","live, 200, exactly self-canonical, and no sitemap declared it"
"ADDED","https://www.liquorlicenseagents.com/cities/malibu-type-61-license/","","live, 200, exactly self-canonical, and no sitemap declared it"
"ADDED","https://www.liquorlicenseagents.com/cities/manhattan-beach-liquor-licenses-for-restaurants-bars-and-retailers/","","live, 200, exactly self-canonical, and no sitemap declared it"
"ADDED","https://www.liquorlicenseagents.com/cities/maywood-liquor-licenses-for-restaurants-bars-and-retailers/","","live, 200, exactly self-canonical, and no sitemap declared it"
"ADDED","https://www.liquorlicenseagents.com/cities/mesa-liquor-licenses-for-restaurants-bars-and-retailers/","","live, 200, exactly self-canonical, and no sitemap declared it"
"ADDED","https://www.liquorlicenseagents.com/cities/mesa-series-1-license/","","live, 200, exactly self-canonical, and no sitemap declared it"
"ADDED","https://www.liquorlicenseagents.com/cities/mesa-series-10-license/","","live, 200, exactly self-canonical, and no sitemap declared it"
"ADDED","https://www.liquorlicenseagents.com/cities/mesa-series-11-license/","","live, 200, exactly self-canonical, and no sitemap declared it"
"ADDED","https://www.liquorlicenseagents.com/cities/mesa-series-12-license/","","live, 200, exactly self-canonical, and no sitemap declared it"
"ADDED","https://www.liquorlicenseagents.com/cities/mesa-series-6-license/","","live, 200, exactly self-canonical, and no sitemap declared it"
"ADDED","https://www.liquorlicenseagents.com/cities/mesa-series-7-license/","","live, 200, exactly self-canonical, and no sitemap declared it"
"ADDED","https://www.liquorlicenseagents.com/cities/mesa-series-9-license/","","live, 200, exactly self-canonical, and no sitemap declared it"
"ADDED","https://www.liquorlicenseagents.com/cities/miami-13ct-license/","","live, 200, exactly self-canonical, and no sitemap declared it"
"ADDED","https://www.liquorlicenseagents.com/cities/miami-2aps-license/","","live, 200, exactly self-canonical, and no sitemap declared it"
"ADDED","https://www.liquorlicenseagents.com/cities/miami-2cop-license/","","live, 200, exactly self-canonical, and no sitemap declared it"
"ADDED","https://www.liquorlicenseagents.com/cities/miami-3ps-quota-license/","","live, 200, exactly self-canonical, and no sitemap declared it"
"ADDED","https://www.liquorlicenseagents.com/cities/miami-4cop-quota-license/","","live, 200, exactly self-canonical, and no sitemap declared it"
"ADDED","https://www.liquorlicenseagents.com/cities/miami-4cop-sfs-license/","","live, 200, exactly self-canonical, and no sitemap declared it"
"ADDED","https://www.liquorlicenseagents.com/cities/miami-liquor-licenses-for-restaurants-bars-and-retailers/","","live, 200, exactly self-canonical, and no sitemap declared it"
"ADDED","https://www.liquorlicenseagents.com/cities/mission-viejo-liquor-licenses-for-restaurants-bars-and-retailers/","","live, 200, exactly self-canonical, and no sitemap declared it"
"ADDED","https://www.liquorlicenseagents.com/cities/monrovia-liquor-licenses-for-restaurants-bars-and-retailers/","","live, 200, exactly self-canonical, and no sitemap declared it"
"ADDED","https://www.liquorlicenseagents.com/cities/montebello-liquor-licenses-for-restaurants-bars-and-retailers/","","live, 200, exactly self-canonical, and no sitemap declared it"
"ADDED","https://www.liquorlicenseagents.com/cities/moreno-valley-liquor-licenses-for-restaurants-bars-and-retailers/","","live, 200, exactly self-canonical, and no sitemap declared it"
"ADDED","https://www.liquorlicenseagents.com/cities/murrieta-liquor-licenses-for-restaurants-bars-and-retailers/","","live, 200, exactly self-canonical, and no sitemap declared it"
"ADDED","https://www.liquorlicenseagents.com/cities/newport-beach-type-20-license/","","live, 200, exactly self-canonical, and no sitemap declared it"
"ADDED","https://www.liquorlicenseagents.com/cities/newport-beach-type-21-license/","","live, 200, exactly self-canonical, and no sitemap declared it"
"ADDED","https://www.liquorlicenseagents.com/cities/newport-beach-type-41-license/","","live, 200, exactly self-canonical, and no sitemap declared it"
"ADDED","https://www.liquorlicenseagents.com/cities/newport-beach-type-47-license/","","live, 200, exactly self-canonical, and no sitemap declared it"
"ADDED","https://www.liquorlicenseagents.com/cities/newport-beach-type-48-license/","","live, 200, exactly self-canonical, and no sitemap declared it"
"ADDED","https://www.liquorlicenseagents.com/cities/newport-beach-type-57-license/","","live, 200, exactly self-canonical, and no sitemap declared it"
"ADDED","https://www.liquorlicenseagents.com/cities/newport-beach-type-61-license/","","live, 200, exactly self-canonical, and no sitemap declared it"
"ADDED","https://www.liquorlicenseagents.com/cities/norwalk-liquor-licenses-for-restaurants-bars-and-retailers/","","live, 200, exactly self-canonical, and no sitemap declared it"
"ADDED","https://www.liquorlicenseagents.com/cities/norwalk-type-20-license/","","live, 200, exactly self-canonical, and no sitemap declared it"
"ADDED","https://www.liquorlicenseagents.com/cities/norwalk-type-21-license/","","live, 200, exactly self-canonical, and no sitemap declared it"
"ADDED","https://www.liquorlicenseagents.com/cities/norwalk-type-41-license/","","live, 200, exactly self-canonical, and no sitemap declared it"
"ADDED","https://www.liquorlicenseagents.com/cities/norwalk-type-47-license/","","live, 200, exactly self-canonical, and no sitemap declared it"
"ADDED","https://www.liquorlicenseagents.com/cities/norwalk-type-48-license/","","live, 200, exactly self-canonical, and no sitemap declared it"
"ADDED","https://www.liquorlicenseagents.com/cities/norwalk-type-57-license/","","live, 200, exactly self-canonical, and no sitemap declared it"
"ADDED","https://www.liquorlicenseagents.com/cities/norwalk-type-61-license/","","live, 200, exactly self-canonical, and no sitemap declared it"
"ADDED","https://www.liquorlicenseagents.com/cities/oakland-liquor-licenses-for-restaurants-bars-and-retailers/","","live, 200, exactly self-canonical, and no sitemap declared it"
"ADDED","https://www.liquorlicenseagents.com/cities/oakland-type-20-license/","","live, 200, exactly self-canonical, and no sitemap declared it"
"ADDED","https://www.liquorlicenseagents.com/cities/oakland-type-21-license/","","live, 200, exactly self-canonical, and no sitemap declared it"
"ADDED","https://www.liquorlicenseagents.com/cities/oakland-type-41-license/","","live, 200, exactly self-canonical, and no sitemap declared it"
"ADDED","https://www.liquorlicenseagents.com/cities/oakland-type-47-license/","","live, 200, exactly self-canonical, and no sitemap declared it"
"ADDED","https://www.liquorlicenseagents.com/cities/oakland-type-48-license/","","live, 200, exactly self-canonical, and no sitemap declared it"
"ADDED","https://www.liquorlicenseagents.com/cities/oakland-type-57-license/","","live, 200, exactly self-canonical, and no sitemap declared it"
"ADDED","https://www.liquorlicenseagents.com/cities/oakland-type-61-license/","","live, 200, exactly self-canonical, and no sitemap declared it"
"ADDED","https://www.liquorlicenseagents.com/cities/oceanside-liquor-licenses-for-restaurants-bars-and-retailers/","","live, 200, exactly self-canonical, and no sitemap declared it"
"ADDED","https://www.liquorlicenseagents.com/cities/oceanside-type-20-license/","","live, 200, exactly self-canonical, and no sitemap declared it"
"ADDED","https://www.liquorlicenseagents.com/cities/oceanside-type-21-license/","","live, 200, exactly self-canonical, and no sitemap declared it"
"ADDED","https://www.liquorlicenseagents.com/cities/oceanside-type-41-license/","","live, 200, exactly self-canonical, and no sitemap declared it"
"ADDED","https://www.liquorlicenseagents.com/cities/oceanside-type-47-license/","","live, 200, exactly self-canonical, and no sitemap declared it"
"ADDED","https://www.liquorlicenseagents.com/cities/oceanside-type-48-license/","","live, 200, exactly self-canonical, and no sitemap declared it"
"ADDED","https://www.liquorlicenseagents.com/cities/oceanside-type-57-license/","","live, 200, exactly self-canonical, and no sitemap declared it"
"ADDED","https://www.liquorlicenseagents.com/cities/oceanside-type-61-license/","","live, 200, exactly self-canonical, and no sitemap declared it"
"ADDED","https://www.liquorlicenseagents.com/cities/ontario-liquor-licenses-for-restaurants-bars-and-retailers/","","live, 200, exactly self-canonical, and no sitemap declared it"
"ADDED","https://www.liquorlicenseagents.com/cities/orlando-13ct-license/","","live, 200, exactly self-canonical, and no sitemap declared it"
"ADDED","https://www.liquorlicenseagents.com/cities/orlando-2aps-license/","","live, 200, exactly self-canonical, and no sitemap declared it"
"ADDED","https://www.liquorlicenseagents.com/cities/orlando-2cop-license/","","live, 200, exactly self-canonical, and no sitemap declared it"
"ADDED","https://www.liquorlicenseagents.com/cities/orlando-3ps-quota-license/","","live, 200, exactly self-canonical, and no sitemap declared it"
"ADDED","https://www.liquorlicenseagents.com/cities/orlando-4cop-quota-license/","","live, 200, exactly self-canonical, and no sitemap declared it"
"ADDED","https://www.liquorlicenseagents.com/cities/orlando-4cop-sfs-license/","","live, 200, exactly self-canonical, and no sitemap declared it"
"ADDED","https://www.liquorlicenseagents.com/cities/orlando-cmb-license/","","live, 200, exactly self-canonical, and no sitemap declared it"
"ADDED","https://www.liquorlicenseagents.com/cities/orlando-liquor-licenses-for-restaurants-bars-and-retailers/","","live, 200, exactly self-canonical, and no sitemap declared it"
"ADDED","https://www.liquorlicenseagents.com/cities/oxnard-liquor-licenses-for-restaurants-bars-and-retailers/","","live, 200, exactly self-canonical, and no sitemap declared it"
"ADDED","https://www.liquorlicenseagents.com/cities/oxnard-type-20-license/","","live, 200, exactly self-canonical, and no sitemap declared it"
"ADDED","https://www.liquorlicenseagents.com/cities/oxnard-type-21-license/","","live, 200, exactly self-canonical, and no sitemap declared it"
"ADDED","https://www.liquorlicenseagents.com/cities/oxnard-type-41-license/","","live, 200, exactly self-canonical, and no sitemap declared it"
"ADDED","https://www.liquorlicenseagents.com/cities/oxnard-type-47-license/","","live, 200, exactly self-canonical, and no sitemap declared it"
"ADDED","https://www.liquorlicenseagents.com/cities/oxnard-type-48-license/","","live, 200, exactly self-canonical, and no sitemap declared it"
"ADDED","https://www.liquorlicenseagents.com/cities/oxnard-type-57-license/","","live, 200, exactly self-canonical, and no sitemap declared it"
"ADDED","https://www.liquorlicenseagents.com/cities/oxnard-type-61-license/","","live, 200, exactly self-canonical, and no sitemap declared it"
"ADDED","https://www.liquorlicenseagents.com/cities/palm-desert-liquor-licenses-for-restaurants-bars-and-retailers/","","live, 200, exactly self-canonical, and no sitemap declared it"
"ADDED","https://www.liquorlicenseagents.com/cities/palmdale-liquor-licenses-for-restaurants-bars-and-retailers/","","live, 200, exactly self-canonical, and no sitemap declared it"
"ADDED","https://www.liquorlicenseagents.com/cities/palo-alto-liquor-licenses-for-restaurants-bars-and-retailers/","","live, 200, exactly self-canonical, and no sitemap declared it"
"ADDED","https://www.liquorlicenseagents.com/cities/palos-verdes-estates-liquor-licenses-for-restaurants-bars-and-retailers/","","live, 200, exactly self-canonical, and no sitemap declared it"
"ADDED","https://www.liquorlicenseagents.com/cities/paramount-liquor-licenses-for-restaurants-bars-and-retailers/","","live, 200, exactly self-canonical, and no sitemap declared it"
"ADDED","https://www.liquorlicenseagents.com/cities/pasadena-liquor-licenses-for-restaurants-bars-and-retailers/","","live, 200, exactly self-canonical, and no sitemap declared it"
"ADDED","https://www.liquorlicenseagents.com/cities/peoria-liquor-licenses-for-restaurants-bars-and-retailers/","","live, 200, exactly self-canonical, and no sitemap declared it"
"ADDED","https://www.liquorlicenseagents.com/cities/peoria-series-1-license/","","live, 200, exactly self-canonical, and no sitemap declared it"
"ADDED","https://www.liquorlicenseagents.com/cities/peoria-series-10-license/","","live, 200, exactly self-canonical, and no sitemap declared it"
"ADDED","https://www.liquorlicenseagents.com/cities/peoria-series-11-license/","","live, 200, exactly self-canonical, and no sitemap declared it"
"ADDED","https://www.liquorlicenseagents.com/cities/peoria-series-12-license/","","live, 200, exactly self-canonical, and no sitemap declared it"
"ADDED","https://www.liquorlicenseagents.com/cities/peoria-series-6-license/","","live, 200, exactly self-canonical, and no sitemap declared it"
"ADDED","https://www.liquorlicenseagents.com/cities/peoria-series-7-license/","","live, 200, exactly self-canonical, and no sitemap declared it"
"ADDED","https://www.liquorlicenseagents.com/cities/peoria-series-9-license/","","live, 200, exactly self-canonical, and no sitemap declared it"
"ADDED","https://www.liquorlicenseagents.com/cities/phoenix-liquor-licenses-for-restaurants-bars-and-retailers/","","live, 200, exactly self-canonical, and no sitemap declared it"
"ADDED","https://www.liquorlicenseagents.com/cities/phoenix-series-1-license/","","live, 200, exactly self-canonical, and no sitemap declared it"
"ADDED","https://www.liquorlicenseagents.com/cities/phoenix-series-10-license/","","live, 200, exactly self-canonical, and no sitemap declared it"
"ADDED","https://www.liquorlicenseagents.com/cities/phoenix-series-11-license/","","live, 200, exactly self-canonical, and no sitemap declared it"
"ADDED","https://www.liquorlicenseagents.com/cities/phoenix-series-12-license/","","live, 200, exactly self-canonical, and no sitemap declared it"
"ADDED","https://www.liquorlicenseagents.com/cities/phoenix-series-6-license/","","live, 200, exactly self-canonical, and no sitemap declared it"
"ADDED","https://www.liquorlicenseagents.com/cities/phoenix-series-7-license/","","live, 200, exactly self-canonical, and no sitemap declared it"
"ADDED","https://www.liquorlicenseagents.com/cities/phoenix-series-9-license/","","live, 200, exactly self-canonical, and no sitemap declared it"
"ADDED","https://www.liquorlicenseagents.com/cities/pico-rivera-liquor-licenses-for-restaurants-bars-and-retailers/","","live, 200, exactly self-canonical, and no sitemap declared it"
"ADDED","https://www.liquorlicenseagents.com/cities/placentia-liquor-licenses-for-restaurants-bars-and-retailers/","","live, 200, exactly self-canonical, and no sitemap declared it"
"ADDED","https://www.liquorlicenseagents.com/cities/pomona-liquor-licenses-for-restaurants-bars-and-retailers/","","live, 200, exactly self-canonical, and no sitemap declared it"
"ADDED","https://www.liquorlicenseagents.com/cities/port-st-lucie-13ct-license/","","live, 200, exactly self-canonical, and no sitemap declared it"
"ADDED","https://www.liquorlicenseagents.com/cities/port-st-lucie-2aps-license/","","live, 200, exactly self-canonical, and no sitemap declared it"
"ADDED","https://www.liquorlicenseagents.com/cities/port-st-lucie-2cop-license/","","live, 200, exactly self-canonical, and no sitemap declared it"
"ADDED","https://www.liquorlicenseagents.com/cities/port-st-lucie-3ps-quota-license/","","live, 200, exactly self-canonical, and no sitemap declared it"
"ADDED","https://www.liquorlicenseagents.com/cities/port-st-lucie-4cop-quota-license/","","live, 200, exactly self-canonical, and no sitemap declared it"
"ADDED","https://www.liquorlicenseagents.com/cities/port-st-lucie-4cop-sfs-license/","","live, 200, exactly self-canonical, and no sitemap declared it"
"ADDED","https://www.liquorlicenseagents.com/cities/port-st-lucie-cmb-license/","","live, 200, exactly self-canonical, and no sitemap declared it"
"ADDED","https://www.liquorlicenseagents.com/cities/port-st-lucie-liquor-licenses-for-restaurants-bars-and-retailers/","","live, 200, exactly self-canonical, and no sitemap declared it"
"ADDED","https://www.liquorlicenseagents.com/cities/rancho-mirage-liquor-licenses-for-restaurants-bars-and-retailers-1/","","live, 200, exactly self-canonical, and no sitemap declared it"
"ADDED","https://www.liquorlicenseagents.com/cities/rancho-santa-margarita-liquor-licenses-for-restaurants-bars-and-retailers/","","live, 200, exactly self-canonical, and no sitemap declared it"
"ADDED","https://www.liquorlicenseagents.com/cities/redondo-beach-liquor-licenses-for-restaurants-bars-and-retailers/","","live, 200, exactly self-canonical, and no sitemap declared it"
"ADDED","https://www.liquorlicenseagents.com/cities/richmond-liquor-licenses-for-restaurants-bars-and-retailers/","","live, 200, exactly self-canonical, and no sitemap declared it"
"ADDED","https://www.liquorlicenseagents.com/cities/rolling-hills-estates-liquor-licenses-for-restaurants-bars-and-retailers/","","live, 200, exactly self-canonical, and no sitemap declared it"
"ADDED","https://www.liquorlicenseagents.com/cities/rosemead-liquor-licenses-for-restaurants-bars-and-retailers/","","live, 200, exactly self-canonical, and no sitemap declared it"
"ADDED","https://www.liquorlicenseagents.com/cities/san-clemente-liquor-licenses-for-restaurants-bars-and-retailers-1/","","live, 200, exactly self-canonical, and no sitemap declared it"
"ADDED","https://www.liquorlicenseagents.com/cities/san-clemente-liquor-licenses-for-restaurants-bars-and-retailers/","","live, 200, exactly self-canonical, and no sitemap declared it"
"ADDED","https://www.liquorlicenseagents.com/cities/san-diego-county-type-02-winery-or-winegrower-license/","","live, 200, exactly self-canonical, and no sitemap declared it"
"ADDED","https://www.liquorlicenseagents.com/cities/san-diego-county-type-20-liquor-license-for-beer-and-wine-off-sale/","","live, 200, exactly self-canonical, and no sitemap declared it"
"ADDED","https://www.liquorlicenseagents.com/cities/san-diego-county-type-23-small-beer-manufacturer-license/","","live, 200, exactly self-canonical, and no sitemap declared it"
"ADDED","https://www.liquorlicenseagents.com/cities/san-diego-county-type-40-on-sale-beer-license/","","live, 200, exactly self-canonical, and no sitemap declared it"
"ADDED","https://www.liquorlicenseagents.com/cities/san-diego-county-type-41-beer-and-wine-license-for-restaurants/","","live, 200, exactly self-canonical, and no sitemap declared it"
"ADDED","https://www.liquorlicenseagents.com/cities/san-diego-county-type-47-full-liquor-license-for-restaurants/","","live, 200, exactly self-canonical, and no sitemap declared it"
"ADDED","https://www.liquorlicenseagents.com/cities/san-diego-county-type-75-on-sale-general-brewpub-license/","","live, 200, exactly self-canonical, and no sitemap declared it"
"ADDED","https://www.liquorlicenseagents.com/cities/san-diego-liquor-licenses-for-restaurants-bars-and-retailers-1/","","live, 200, exactly self-canonical, and no sitemap declared it"
"ADDED","https://www.liquorlicenseagents.com/cities/san-diego-liquor-licenses-for-restaurants-bars-and-retailers/","","live, 200, exactly self-canonical, and no sitemap declared it"
"ADDED","https://www.liquorlicenseagents.com/cities/san-dimas-liquor-licenses-for-restaurants-bars-and-retailers-1/","","live, 200, exactly self-canonical, and no sitemap declared it"
"ADDED","https://www.liquorlicenseagents.com/cities/san-dimas-liquor-licenses-for-restaurants-bars-and-retailers/","","live, 200, exactly self-canonical, and no sitemap declared it"
"ADDED","https://www.liquorlicenseagents.com/cities/san-fernando-liquor-licenses-for-restaurants-bars-and-retailers-1/","","live, 200, exactly self-canonical, and no sitemap declared it"
"ADDED","https://www.liquorlicenseagents.com/cities/san-fernando-liquor-licenses-for-restaurants-bars-and-retailers/","","live, 200, exactly self-canonical, and no sitemap declared it"
"ADDED","https://www.liquorlicenseagents.com/cities/san-gabriel-liquor-licenses-for-restaurants-bars-and-retailers/","","live, 200, exactly self-canonical, and no sitemap declared it"
"ADDED","https://www.liquorlicenseagents.com/cities/san-juan-capistrano-liquor-licenses-for-restaurants-bars-and-retailers-1/","","live, 200, exactly self-canonical, and no sitemap declared it"
"ADDED","https://www.liquorlicenseagents.com/cities/san-marcos-liquor-licenses-for-restaurants-bars-and-retailers/","","live, 200, exactly self-canonical, and no sitemap declared it"
"ADDED","https://www.liquorlicenseagents.com/cities/san-marino-liquor-licenses-for-restaurants-bars-and-retailers/","","live, 200, exactly self-canonical, and no sitemap declared it"
"ADDED","https://www.liquorlicenseagents.com/cities/santa-ana-liquor-licenses-for-restaurants-bars-and-retailers/","","live, 200, exactly self-canonical, and no sitemap declared it"
"ADDED","https://www.liquorlicenseagents.com/cities/santa-clarita-liquor-licenses-for-restaurants-bars-and-retailers/","","live, 200, exactly self-canonical, and no sitemap declared it"
"ADDED","https://www.liquorlicenseagents.com/cities/santa-fe-springs-liquor-licenses-for-restaurants-bars-and-retailers/","","live, 200, exactly self-canonical, and no sitemap declared it"
"ADDED","https://www.liquorlicenseagents.com/cities/santa-maria-liquor-licenses-for-restaurants-bars-and-retailers/","","live, 200, exactly self-canonical, and no sitemap declared it"
"ADDED","https://www.liquorlicenseagents.com/cities/santa-monica-liquor-licenses-for-restaurants-bars-and-retailers/","","live, 200, exactly self-canonical, and no sitemap declared it"
"ADDED","https://www.liquorlicenseagents.com/cities/santa-rosa-liquor-licenses-for-restaurants-bars-and-retailers/","","live, 200, exactly self-canonical, and no sitemap declared it"
"ADDED","https://www.liquorlicenseagents.com/cities/santee-liquor-licenses-for-restaurants-bars-and-retailers/","","live, 200, exactly self-canonical, and no sitemap declared it"
"ADDED","https://www.liquorlicenseagents.com/cities/scottsdale-liquor-licenses-for-restaurants-bars-and-retailers/","","live, 200, exactly self-canonical, and no sitemap declared it"
"ADDED","https://www.liquorlicenseagents.com/cities/scottsdale-series-1-license/","","live, 200, exactly self-canonical, and no sitemap declared it"
"ADDED","https://www.liquorlicenseagents.com/cities/scottsdale-series-10-license/","","live, 200, exactly self-canonical, and no sitemap declared it"
"ADDED","https://www.liquorlicenseagents.com/cities/scottsdale-series-11-license/","","live, 200, exactly self-canonical, and no sitemap declared it"
"ADDED","https://www.liquorlicenseagents.com/cities/scottsdale-series-12-license/","","live, 200, exactly self-canonical, and no sitemap declared it"
"ADDED","https://www.liquorlicenseagents.com/cities/scottsdale-series-6-license/","","live, 200, exactly self-canonical, and no sitemap declared it"
"ADDED","https://www.liquorlicenseagents.com/cities/scottsdale-series-7-license/","","live, 200, exactly self-canonical, and no sitemap declared it"
"ADDED","https://www.liquorlicenseagents.com/cities/scottsdale-series-9-license/","","live, 200, exactly self-canonical, and no sitemap declared it"
"ADDED","https://www.liquorlicenseagents.com/cities/seal-beach-liquor-licenses-for-restaurants-bars-and-retailers/","","live, 200, exactly self-canonical, and no sitemap declared it"
"ADDED","https://www.liquorlicenseagents.com/cities/sierra-madre-liquor-licenses-for-restaurants-bars-and-retailers/","","live, 200, exactly self-canonical, and no sitemap declared it"
"ADDED","https://www.liquorlicenseagents.com/cities/simi-valley-liquor-licenses-for-restaurants-bars-and-retailers/","","live, 200, exactly self-canonical, and no sitemap declared it"
"ADDED","https://www.liquorlicenseagents.com/cities/solana-beach-liquor-licenses-for-restaurants-bars-and-retailers/","","live, 200, exactly self-canonical, and no sitemap declared it"
"ADDED","https://www.liquorlicenseagents.com/cities/solvang-liquor-licenses-for-restaurants-bars-and-retailers/","","live, 200, exactly self-canonical, and no sitemap declared it"
"ADDED","https://www.liquorlicenseagents.com/cities/south-el-monte-liquor-licenses-for-restaurants-bars-and-retailers/","","live, 200, exactly self-canonical, and no sitemap declared it"
"ADDED","https://www.liquorlicenseagents.com/cities/south-gate-liquor-licenses-for-restaurants-bars-and-retailers/","","live, 200, exactly self-canonical, and no sitemap declared it"
"ADDED","https://www.liquorlicenseagents.com/cities/st-petersburg-13ct-license/","","live, 200, exactly self-canonical, and no sitemap declared it"
"ADDED","https://www.liquorlicenseagents.com/cities/st-petersburg-2aps-license/","","live, 200, exactly self-canonical, and no sitemap declared it"
"ADDED","https://www.liquorlicenseagents.com/cities/st-petersburg-2cop-license/","","live, 200, exactly self-canonical, and no sitemap declared it"
"ADDED","https://www.liquorlicenseagents.com/cities/st-petersburg-3ps-quota-license/","","live, 200, exactly self-canonical, and no sitemap declared it"
"ADDED","https://www.liquorlicenseagents.com/cities/st-petersburg-4cop-quota-license/","","live, 200, exactly self-canonical, and no sitemap declared it"
"ADDED","https://www.liquorlicenseagents.com/cities/st-petersburg-4cop-sfs-license/","","live, 200, exactly self-canonical, and no sitemap declared it"
"ADDED","https://www.liquorlicenseagents.com/cities/st-petersburg-cmb-license/","","live, 200, exactly self-canonical, and no sitemap declared it"
"ADDED","https://www.liquorlicenseagents.com/cities/st-petersburg-liquor-licenses-for-restaurants-bars-and-retailers/","","live, 200, exactly self-canonical, and no sitemap declared it"
"ADDED","https://www.liquorlicenseagents.com/cities/surprise-liquor-licenses-for-restaurants-bars-and-retailers/","","live, 200, exactly self-canonical, and no sitemap declared it"
"ADDED","https://www.liquorlicenseagents.com/cities/surprise-series-1-license/","","live, 200, exactly self-canonical, and no sitemap declared it"
"ADDED","https://www.liquorlicenseagents.com/cities/surprise-series-10-license/","","live, 200, exactly self-canonical, and no sitemap declared it"
"ADDED","https://www.liquorlicenseagents.com/cities/surprise-series-11-license/","","live, 200, exactly self-canonical, and no sitemap declared it"
"ADDED","https://www.liquorlicenseagents.com/cities/surprise-series-12-license/","","live, 200, exactly self-canonical, and no sitemap declared it"
"ADDED","https://www.liquorlicenseagents.com/cities/surprise-series-6-license/","","live, 200, exactly self-canonical, and no sitemap declared it"
"ADDED","https://www.liquorlicenseagents.com/cities/surprise-series-7-license/","","live, 200, exactly self-canonical, and no sitemap declared it"
"ADDED","https://www.liquorlicenseagents.com/cities/surprise-series-9-license/","","live, 200, exactly self-canonical, and no sitemap declared it"
"ADDED","https://www.liquorlicenseagents.com/cities/tallahassee-13ct-license/","","live, 200, exactly self-canonical, and no sitemap declared it"
"ADDED","https://www.liquorlicenseagents.com/cities/tallahassee-2aps-license/","","live, 200, exactly self-canonical, and no sitemap declared it"
"ADDED","https://www.liquorlicenseagents.com/cities/tallahassee-2cop-license/","","live, 200, exactly self-canonical, and no sitemap declared it"
"ADDED","https://www.liquorlicenseagents.com/cities/tallahassee-3ps-quota-license/","","live, 200, exactly self-canonical, and no sitemap declared it"
"ADDED","https://www.liquorlicenseagents.com/cities/tallahassee-4cop-quota-license/","","live, 200, exactly self-canonical, and no sitemap declared it"
"ADDED","https://www.liquorlicenseagents.com/cities/tallahassee-4cop-sfs-license/","","live, 200, exactly self-canonical, and no sitemap declared it"
"ADDED","https://www.liquorlicenseagents.com/cities/tallahassee-cmb-license/","","live, 200, exactly self-canonical, and no sitemap declared it"
"ADDED","https://www.liquorlicenseagents.com/cities/tallahassee-liquor-licenses-for-restaurants-bars-and-retailers/","","live, 200, exactly self-canonical, and no sitemap declared it"
"ADDED","https://www.liquorlicenseagents.com/cities/tampa-13ct-license/","","live, 200, exactly self-canonical, and no sitemap declared it"
"ADDED","https://www.liquorlicenseagents.com/cities/tampa-2aps-license/","","live, 200, exactly self-canonical, and no sitemap declared it"
"ADDED","https://www.liquorlicenseagents.com/cities/tampa-2cop-license/","","live, 200, exactly self-canonical, and no sitemap declared it"
"ADDED","https://www.liquorlicenseagents.com/cities/tampa-3ps-quota-license/","","live, 200, exactly self-canonical, and no sitemap declared it"
"ADDED","https://www.liquorlicenseagents.com/cities/tampa-4cop-quota-license/","","live, 200, exactly self-canonical, and no sitemap declared it"
"ADDED","https://www.liquorlicenseagents.com/cities/tampa-4cop-sfs-license/","","live, 200, exactly self-canonical, and no sitemap declared it"
"ADDED","https://www.liquorlicenseagents.com/cities/tampa-cmb-license/","","live, 200, exactly self-canonical, and no sitemap declared it"
"ADDED","https://www.liquorlicenseagents.com/cities/tampa-liquor-licenses-for-restaurants-bars-and-retailers/","","live, 200, exactly self-canonical, and no sitemap declared it"
"ADDED","https://www.liquorlicenseagents.com/cities/temecula-liquor-licenses-for-restaurants-bars-and-retailers/","","live, 200, exactly self-canonical, and no sitemap declared it"
"ADDED","https://www.liquorlicenseagents.com/cities/tempe-liquor-licenses-for-restaurants-bars-and-retailers/","","live, 200, exactly self-canonical, and no sitemap declared it"
"ADDED","https://www.liquorlicenseagents.com/cities/tempe-series-1-license/","","live, 200, exactly self-canonical, and no sitemap declared it"
"ADDED","https://www.liquorlicenseagents.com/cities/tempe-series-10-license/","","live, 200, exactly self-canonical, and no sitemap declared it"
"ADDED","https://www.liquorlicenseagents.com/cities/tempe-series-11-license/","","live, 200, exactly self-canonical, and no sitemap declared it"
"ADDED","https://www.liquorlicenseagents.com/cities/tempe-series-12-license/","","live, 200, exactly self-canonical, and no sitemap declared it"
"ADDED","https://www.liquorlicenseagents.com/cities/tempe-series-6-license/","","live, 200, exactly self-canonical, and no sitemap declared it"
"ADDED","https://www.liquorlicenseagents.com/cities/tempe-series-7-license/","","live, 200, exactly self-canonical, and no sitemap declared it"
"ADDED","https://www.liquorlicenseagents.com/cities/tempe-series-9-license/","","live, 200, exactly self-canonical, and no sitemap declared it"
"ADDED","https://www.liquorlicenseagents.com/cities/temple-city-liquor-licenses-for-restaurants-bars-and-retailers/","","live, 200, exactly self-canonical, and no sitemap declared it"
"ADDED","https://www.liquorlicenseagents.com/cities/thousand-oaks-liquor-licenses-for-restaurants-bars-and-retailers/","","live, 200, exactly self-canonical, and no sitemap declared it"
"ADDED","https://www.liquorlicenseagents.com/cities/torrance-liquor-licenses-for-restaurants-bars-and-retailers/","","live, 200, exactly self-canonical, and no sitemap declared it"
"ADDED","https://www.liquorlicenseagents.com/cities/tucson-liquor-licenses-for-restaurants-bars-and-retailers/","","live, 200, exactly self-canonical, and no sitemap declared it"
"ADDED","https://www.liquorlicenseagents.com/cities/tucson-series-1-license/","","live, 200, exactly self-canonical, and no sitemap declared it"
"ADDED","https://www.liquorlicenseagents.com/cities/tucson-series-10-license/","","live, 200, exactly self-canonical, and no sitemap declared it"
"ADDED","https://www.liquorlicenseagents.com/cities/tucson-series-11-license/","","live, 200, exactly self-canonical, and no sitemap declared it"
"ADDED","https://www.liquorlicenseagents.com/cities/tucson-series-12-license/","","live, 200, exactly self-canonical, and no sitemap declared it"
"ADDED","https://www.liquorlicenseagents.com/cities/tucson-series-6-license/","","live, 200, exactly self-canonical, and no sitemap declared it"
"ADDED","https://www.liquorlicenseagents.com/cities/tucson-series-7-license/","","live, 200, exactly self-canonical, and no sitemap declared it"
"ADDED","https://www.liquorlicenseagents.com/cities/tucson-series-9-license/","","live, 200, exactly self-canonical, and no sitemap declared it"
"ADDED","https://www.liquorlicenseagents.com/cities/tustin-liquor-licenses-for-restaurants-bars-and-retailers/","","live, 200, exactly self-canonical, and no sitemap declared it"
"ADDED","https://www.liquorlicenseagents.com/cities/vernon-liquor-licenses-for-restaurants-bars-and-retailers/","","live, 200, exactly self-canonical, and no sitemap declared it"
"ADDED","https://www.liquorlicenseagents.com/cities/villa-park-liquor-licenses-for-restaurants-bars-and-retailers/","","live, 200, exactly self-canonical, and no sitemap declared it"
"ADDED","https://www.liquorlicenseagents.com/cities/visalia-liquor-licenses-for-restaurants-bars-and-retailers/","","live, 200, exactly self-canonical, and no sitemap declared it"
"ADDED","https://www.liquorlicenseagents.com/cities/vista-liquor-licenses-for-restaurants-bars-and-retailers/","","live, 200, exactly self-canonical, and no sitemap declared it"
"ADDED","https://www.liquorlicenseagents.com/cities/walnut-liquor-licenses-for-restaurants-bars-and-retailers/","","live, 200, exactly self-canonical, and no sitemap declared it"
"ADDED","https://www.liquorlicenseagents.com/cities/west-covina-liquor-licenses-for-restaurants-bars-and-retailers/","","live, 200, exactly self-canonical, and no sitemap declared it"
"ADDED","https://www.liquorlicenseagents.com/cities/west-hollywood-liquor-licenses-for-restaurants-bars-and-retailers/","","live, 200, exactly self-canonical, and no sitemap declared it"
"ADDED","https://www.liquorlicenseagents.com/cities/westlake-village-liquor-licenses-for-restaurants-bars-and-retailers/","","live, 200, exactly self-canonical, and no sitemap declared it"
"ADDED","https://www.liquorlicenseagents.com/cities/westminster-liquor-licenses-for-restaurants-bars-and-retailers/","","live, 200, exactly self-canonical, and no sitemap declared it"
"ADDED","https://www.liquorlicenseagents.com/cities/whittier-liquor-licenses-for-restaurants-bars-and-retailers/","","live, 200, exactly self-canonical, and no sitemap declared it"
"ADDED","https://www.liquorlicenseagents.com/counties/alachua-county-florida-liquor-licenses-for-restaurants-bars-and-retailers/","","live, 200, exactly self-canonical, and no sitemap declared it"
"ADDED","https://www.liquorlicenseagents.com/counties/alameda-county-liquor-licenses/","","live, 200, exactly self-canonical, and no sitemap declared it"
"ADDED","https://www.liquorlicenseagents.com/counties/alameda-county-type-20/","","live, 200, exactly self-canonical, and no sitemap declared it"
"ADDED","https://www.liquorlicenseagents.com/counties/alameda-county-type-21/","","live, 200, exactly self-canonical, and no sitemap declared it"
"ADDED","https://www.liquorlicenseagents.com/counties/alameda-county-type-41/","","live, 200, exactly self-canonical, and no sitemap declared it"
"ADDED","https://www.liquorlicenseagents.com/counties/alameda-county-type-47-liquor-license-for-restaurants-and-bars/","","live, 200, exactly self-canonical, and no sitemap declared it"
"ADDED","https://www.liquorlicenseagents.com/counties/alameda-county-type-48/","","live, 200, exactly self-canonical, and no sitemap declared it"
"ADDED","https://www.liquorlicenseagents.com/counties/apache-county-arizona-liquor-licenses-for-restaurants-bars-and-retailers/","","live, 200, exactly self-canonical, and no sitemap declared it"
"ADDED","https://www.liquorlicenseagents.com/counties/apache-county-liquor-licenses/","","live, 200, exactly self-canonical, and no sitemap declared it"
"ADDED","https://www.liquorlicenseagents.com/counties/apache-county-series-10/","","live, 200, exactly self-canonical, and no sitemap declared it"
"ADDED","https://www.liquorlicenseagents.com/counties/apache-county-series-11/","","live, 200, exactly self-canonical, and no sitemap declared it"
"ADDED","https://www.liquorlicenseagents.com/counties/apache-county-series-12/","","live, 200, exactly self-canonical, and no sitemap declared it"
"ADDED","https://www.liquorlicenseagents.com/counties/apache-county-series-14/","","live, 200, exactly self-canonical, and no sitemap declared it"
"ADDED","https://www.liquorlicenseagents.com/counties/apache-county-series-6/","","live, 200, exactly self-canonical, and no sitemap declared it"
"ADDED","https://www.liquorlicenseagents.com/counties/apache-county-series-7/","","live, 200, exactly self-canonical, and no sitemap declared it"
"ADDED","https://www.liquorlicenseagents.com/counties/apache-county-series-9/","","live, 200, exactly self-canonical, and no sitemap declared it"
"ADDED","https://www.liquorlicenseagents.com/counties/baker-county-florida-liquor-licenses-for-restaurants-bars-and-retailers/","","live, 200, exactly self-canonical, and no sitemap declared it"
"ADDED","https://www.liquorlicenseagents.com/counties/bay-county-florida-liquor-licenses-for-restaurants-bars-and-retailers/","","live, 200, exactly self-canonical, and no sitemap declared it"
"ADDED","https://www.liquorlicenseagents.com/counties/bradford-county-florida-liquor-licenses-for-restaurants-bars-and-retailers/","","live, 200, exactly self-canonical, and no sitemap declared it"
"ADDED","https://www.liquorlicenseagents.com/counties/brevard-county-1cop/","","live, 200, exactly self-canonical, and no sitemap declared it"
"ADDED","https://www.liquorlicenseagents.com/counties/brevard-county-2cop/","","live, 200, exactly self-canonical, and no sitemap declared it"
"ADDED","https://www.liquorlicenseagents.com/counties/brevard-county-3ps/","","live, 200, exactly self-canonical, and no sitemap declared it"
"ADDED","https://www.liquorlicenseagents.com/counties/brevard-county-4cop-sfs/","","live, 200, exactly self-canonical, and no sitemap declared it"
"ADDED","https://www.liquorlicenseagents.com/counties/brevard-county-4cop/","","live, 200, exactly self-canonical, and no sitemap declared it"
"ADDED","https://www.liquorlicenseagents.com/counties/brevard-county-6cop/","","live, 200, exactly self-canonical, and no sitemap declared it"
"ADDED","https://www.liquorlicenseagents.com/counties/brevard-county-florida-liquor-licenses-for-restaurants-bars-and-retailers/","","live, 200, exactly self-canonical, and no sitemap declared it"
"ADDED","https://www.liquorlicenseagents.com/counties/brevard-county-liquor-licenses/","","live, 200, exactly self-canonical, and no sitemap declared it"
"ADDED","https://www.liquorlicenseagents.com/counties/broward-county-1cop/","","live, 200, exactly self-canonical, and no sitemap declared it"
"ADDED","https://www.liquorlicenseagents.com/counties/broward-county-2cop/","","live, 200, exactly self-canonical, and no sitemap declared it"
"ADDED","https://www.liquorlicenseagents.com/counties/broward-county-3ps/","","live, 200, exactly self-canonical, and no sitemap declared it"
"ADDED","https://www.liquorlicenseagents.com/counties/broward-county-4cop-sfs/","","live, 200, exactly self-canonical, and no sitemap declared it"
"ADDED","https://www.liquorlicenseagents.com/counties/broward-county-4cop/","","live, 200, exactly self-canonical, and no sitemap declared it"
"ADDED","https://www.liquorlicenseagents.com/counties/broward-county-6cop/","","live, 200, exactly self-canonical, and no sitemap declared it"
"ADDED","https://www.liquorlicenseagents.com/counties/broward-county-florida-liquor-licenses-for-restaurants-bars-and-retailers/","","live, 200, exactly self-canonical, and no sitemap declared it"
"ADDED","https://www.liquorlicenseagents.com/counties/broward-county-liquor-licenses/","","live, 200, exactly self-canonical, and no sitemap declared it"
"ADDED","https://www.liquorlicenseagents.com/counties/butte-county-liquor-licenses-for-restaurants-bars-and-retailers/","","live, 200, exactly self-canonical, and no sitemap declared it"
"ADDED","https://www.liquorlicenseagents.com/counties/calaveras-county-liquor-licenses-for-restaurants-bars-and-retailers/","","live, 200, exactly self-canonical, and no sitemap declared it"
"ADDED","https://www.liquorlicenseagents.com/counties/calhoun-county-florida-liquor-licenses-for-restaurants-bars-and-retailers/","","live, 200, exactly self-canonical, and no sitemap declared it"
"ADDED","https://www.liquorlicenseagents.com/counties/charlotte-county-florida-liquor-licenses-for-restaurants-bars-and-retailers/","","live, 200, exactly self-canonical, and no sitemap declared it"
"ADDED","https://www.liquorlicenseagents.com/counties/citrus-county-florida-liquor-licenses-for-restaurants-bars-and-retailers/","","live, 200, exactly self-canonical, and no sitemap declared it"
"ADDED","https://www.liquorlicenseagents.com/counties/clay-county-florida-liquor-licenses-for-restaurants-bars-and-retailers/","","live, 200, exactly self-canonical, and no sitemap declared it"
"ADDED","https://www.liquorlicenseagents.com/counties/cochise-county-arizona-liquor-licenses-for-restaurants-bars-and-retailers/","","live, 200, exactly self-canonical, and no sitemap declared it"
"ADDED","https://www.liquorlicenseagents.com/counties/cochise-county-liquor-licenses/","","live, 200, exactly self-canonical, and no sitemap declared it"
"ADDED","https://www.liquorlicenseagents.com/counties/cochise-county-series-10/","","live, 200, exactly self-canonical, and no sitemap declared it"
"ADDED","https://www.liquorlicenseagents.com/counties/cochise-county-series-11/","","live, 200, exactly self-canonical, and no sitemap declared it"
"ADDED","https://www.liquorlicenseagents.com/counties/cochise-county-series-12/","","live, 200, exactly self-canonical, and no sitemap declared it"
"ADDED","https://www.liquorlicenseagents.com/counties/cochise-county-series-14/","","live, 200, exactly self-canonical, and no sitemap declared it"
"ADDED","https://www.liquorlicenseagents.com/counties/cochise-county-series-6/","","live, 200, exactly self-canonical, and no sitemap declared it"
"ADDED","https://www.liquorlicenseagents.com/counties/cochise-county-series-7/","","live, 200, exactly self-canonical, and no sitemap declared it"
"ADDED","https://www.liquorlicenseagents.com/counties/cochise-county-series-9/","","live, 200, exactly self-canonical, and no sitemap declared it"
"ADDED","https://www.liquorlicenseagents.com/counties/coconino-county-arizona-liquor-licenses-for-restaurants-bars-and-retailers/","","live, 200, exactly self-canonical, and no sitemap declared it"
"ADDED","https://www.liquorlicenseagents.com/counties/coconino-county-liquor-licenses/","","live, 200, exactly self-canonical, and no sitemap declared it"
"ADDED","https://www.liquorlicenseagents.com/counties/coconino-county-series-10/","","live, 200, exactly self-canonical, and no sitemap declared it"
"ADDED","https://www.liquorlicenseagents.com/counties/coconino-county-series-11/","","live, 200, exactly self-canonical, and no sitemap declared it"
"ADDED","https://www.liquorlicenseagents.com/counties/coconino-county-series-12/","","live, 200, exactly self-canonical, and no sitemap declared it"
"ADDED","https://www.liquorlicenseagents.com/counties/coconino-county-series-14/","","live, 200, exactly self-canonical, and no sitemap declared it"
"ADDED","https://www.liquorlicenseagents.com/counties/coconino-county-series-6/","","live, 200, exactly self-canonical, and no sitemap declared it"
"ADDED","https://www.liquorlicenseagents.com/counties/coconino-county-series-7/","","live, 200, exactly self-canonical, and no sitemap declared it"
"ADDED","https://www.liquorlicenseagents.com/counties/coconino-county-series-9/","","live, 200, exactly self-canonical, and no sitemap declared it"
"ADDED","https://www.liquorlicenseagents.com/counties/collier-county-florida-liquor-licenses-for-restaurants-bars-and-retailers/","","live, 200, exactly self-canonical, and no sitemap declared it"
"ADDED","https://www.liquorlicenseagents.com/counties/columbia-county-florida-liquor-licenses-for-restaurants-bars-and-retailers/","","live, 200, exactly self-canonical, and no sitemap declared it"
"ADDED","https://www.liquorlicenseagents.com/counties/colusa-county-liquor-licenses-for-restaurants-bars-and-retailers/","","live, 200, exactly self-canonical, and no sitemap declared it"
"ADDED","https://www.liquorlicenseagents.com/counties/contra-costa-county-liquor-licenses/","","live, 200, exactly self-canonical, and no sitemap declared it"
"ADDED","https://www.liquorlicenseagents.com/counties/contra-costa-county-type-20/","","live, 200, exactly self-canonical, and no sitemap declared it"
"ADDED","https://www.liquorlicenseagents.com/counties/contra-costa-county-type-21/","","live, 200, exactly self-canonical, and no sitemap declared it"
"ADDED","https://www.liquorlicenseagents.com/counties/contra-costa-county-type-41/","","live, 200, exactly self-canonical, and no sitemap declared it"
"ADDED","https://www.liquorlicenseagents.com/counties/contra-costa-county-type-47/","","live, 200, exactly self-canonical, and no sitemap declared it"
"ADDED","https://www.liquorlicenseagents.com/counties/contra-costa-county-type-48/","","live, 200, exactly self-canonical, and no sitemap declared it"
"ADDED","https://www.liquorlicenseagents.com/counties/desoto-county-florida-liquor-licenses-for-restaurants-bars-and-retailers/","","live, 200, exactly self-canonical, and no sitemap declared it"
"ADDED","https://www.liquorlicenseagents.com/counties/dixie-county-florida-liquor-licenses-for-restaurants-bars-and-retailers/","","live, 200, exactly self-canonical, and no sitemap declared it"
"ADDED","https://www.liquorlicenseagents.com/counties/duval-county-1cop/","","live, 200, exactly self-canonical, and no sitemap declared it"
"ADDED","https://www.liquorlicenseagents.com/counties/duval-county-2cop/","","live, 200, exactly self-canonical, and no sitemap declared it"
"ADDED","https://www.liquorlicenseagents.com/counties/duval-county-3ps/","","live, 200, exactly self-canonical, and no sitemap declared it"
"ADDED","https://www.liquorlicenseagents.com/counties/duval-county-4cop-sfs/","","live, 200, exactly self-canonical, and no sitemap declared it"
"ADDED","https://www.liquorlicenseagents.com/counties/duval-county-4cop/","","live, 200, exactly self-canonical, and no sitemap declared it"
"ADDED","https://www.liquorlicenseagents.com/counties/duval-county-6cop/","","live, 200, exactly self-canonical, and no sitemap declared it"
"ADDED","https://www.liquorlicenseagents.com/counties/duval-county-florida-liquor-licenses-for-restaurants-bars-and-retailers/","","live, 200, exactly self-canonical, and no sitemap declared it"
"ADDED","https://www.liquorlicenseagents.com/counties/duval-county-liquor-licenses/","","live, 200, exactly self-canonical, and no sitemap declared it"
"ADDED","https://www.liquorlicenseagents.com/counties/el-dorado-county-liquor-licenses-for-restaurants-bars-and-retailers/","","live, 200, exactly self-canonical, and no sitemap declared it"
"ADDED","https://www.liquorlicenseagents.com/counties/escambia-county-florida-liquor-licenses-for-restaurants-bars-and-retailers/","","live, 200, exactly self-canonical, and no sitemap declared it"
"ADDED","https://www.liquorlicenseagents.com/counties/flagler-county-florida-liquor-licenses-for-restaurants-bars-and-retailers/","","live, 200, exactly self-canonical, and no sitemap declared it"
"ADDED","https://www.liquorlicenseagents.com/counties/franklin-county-florida-liquor-licenses-for-restaurants-bars-and-retailers/","","live, 200, exactly self-canonical, and no sitemap declared it"
"ADDED","https://www.liquorlicenseagents.com/counties/fresno-county-liquor-licenses/","","live, 200, exactly self-canonical, and no sitemap declared it"
"ADDED","https://www.liquorlicenseagents.com/counties/fresno-county-type-21/","","live, 200, exactly self-canonical, and no sitemap declared it"
"ADDED","https://www.liquorlicenseagents.com/counties/fresno-county-type-41/","","live, 200, exactly self-canonical, and no sitemap declared it"
"ADDED","https://www.liquorlicenseagents.com/counties/fresno-county-type-47/","","live, 200, exactly self-canonical, and no sitemap declared it"
"ADDED","https://www.liquorlicenseagents.com/counties/fresno-county-type-48/","","live, 200, exactly self-canonical, and no sitemap declared it"
"ADDED","https://www.liquorlicenseagents.com/counties/gadsden-county-florida-liquor-licenses-for-restaurants-bars-and-retailers/","","live, 200, exactly self-canonical, and no sitemap declared it"
"ADDED","https://www.liquorlicenseagents.com/counties/gila-county-arizona-liquor-licenses-for-restaurants-bars-and-retailers/","","live, 200, exactly self-canonical, and no sitemap declared it"
"ADDED","https://www.liquorlicenseagents.com/counties/gilchrist-county-florida-liquor-licenses-for-restaurants-bars-and-retailers/","","live, 200, exactly self-canonical, and no sitemap declared it"
"ADDED","https://www.liquorlicenseagents.com/counties/glades-county-florida-liquor-licenses-for-restaurants-bars-and-retailers/","","live, 200, exactly self-canonical, and no sitemap declared it"
"ADDED","https://www.liquorlicenseagents.com/counties/graham-county-arizona-liquor-licenses-for-restaurants-bars-and-retailers/","","live, 200, exactly self-canonical, and no sitemap declared it"
"ADDED","https://www.liquorlicenseagents.com/counties/greenlee-county-arizona-liquor-licenses-for-restaurants-bars-and-retailers/","","live, 200, exactly self-canonical, and no sitemap declared it"
"ADDED","https://www.liquorlicenseagents.com/counties/gulf-county-florida-liquor-licenses-for-restaurants-bars-and-retailers/","","live, 200, exactly self-canonical, and no sitemap declared it"
"ADDED","https://www.liquorlicenseagents.com/counties/hamilton-county-florida-liquor-licenses-for-restaurants-bars-and-retailers/","","live, 200, exactly self-canonical, and no sitemap declared it"
"ADDED","https://www.liquorlicenseagents.com/counties/hardee-county-florida-liquor-licenses-for-restaurants-bars-and-retailers/","","live, 200, exactly self-canonical, and no sitemap declared it"
"ADDED","https://www.liquorlicenseagents.com/counties/hendry-county-florida-liquor-licenses-for-restaurants-bars-and-retailers/","","live, 200, exactly self-canonical, and no sitemap declared it"
"ADDED","https://www.liquorlicenseagents.com/counties/hernando-county-florida-liquor-licenses-for-restaurants-bars-and-retailers/","","live, 200, exactly self-canonical, and no sitemap declared it"
"ADDED","https://www.liquorlicenseagents.com/counties/highlands-county-florida-liquor-licenses-for-restaurants-bars-and-retailers/","","live, 200, exactly self-canonical, and no sitemap declared it"
"ADDED","https://www.liquorlicenseagents.com/counties/hillsborough-county-1cop/","","live, 200, exactly self-canonical, and no sitemap declared it"
"ADDED","https://www.liquorlicenseagents.com/counties/hillsborough-county-2cop/","","live, 200, exactly self-canonical, and no sitemap declared it"
"ADDED","https://www.liquorlicenseagents.com/counties/hillsborough-county-3ps/","","live, 200, exactly self-canonical, and no sitemap declared it"
"ADDED","https://www.liquorlicenseagents.com/counties/hillsborough-county-4cop-sfs/","","live, 200, exactly self-canonical, and no sitemap declared it"
"ADDED","https://www.liquorlicenseagents.com/counties/hillsborough-county-4cop/","","live, 200, exactly self-canonical, and no sitemap declared it"
"ADDED","https://www.liquorlicenseagents.com/counties/hillsborough-county-6cop/","","live, 200, exactly self-canonical, and no sitemap declared it"
"ADDED","https://www.liquorlicenseagents.com/counties/hillsborough-county-florida-liquor-licenses-for-restaurants-bars-and-retailers/","","live, 200, exactly self-canonical, and no sitemap declared it"
"ADDED","https://www.liquorlicenseagents.com/counties/hillsborough-county-liquor-licenses/","","live, 200, exactly self-canonical, and no sitemap declared it"
"ADDED","https://www.liquorlicenseagents.com/counties/holmes-county-florida-liquor-licenses-for-restaurants-bars-and-retailers/","","live, 200, exactly self-canonical, and no sitemap declared it"
"ADDED","https://www.liquorlicenseagents.com/counties/humboldt-county-liquor-licenses-for-restaurants-bars-and-retailers/","","live, 200, exactly self-canonical, and no sitemap declared it"
"ADDED","https://www.liquorlicenseagents.com/counties/imperial-county-liquor-licenses-for-restaurants-bars-and-retailers/","","live, 200, exactly self-canonical, and no sitemap declared it"
"ADDED","https://www.liquorlicenseagents.com/counties/indian-river-county-florida-liquor-licenses-for-restaurants-bars-and-retailers/","","live, 200, exactly self-canonical, and no sitemap declared it"
"ADDED","https://www.liquorlicenseagents.com/counties/jackson-county-florida-liquor-licenses-for-restaurants-bars-and-retailers/","","live, 200, exactly self-canonical, and no sitemap declared it"
"ADDED","https://www.liquorlicenseagents.com/counties/jefferson-county-florida-liquor-licenses-for-restaurants-bars-and-retailers/","","live, 200, exactly self-canonical, and no sitemap declared it"
"ADDED","https://www.liquorlicenseagents.com/counties/kern-county-liquor-licenses-for-restaurants-bars-and-retailers/","","live, 200, exactly self-canonical, and no sitemap declared it"
"ADDED","https://www.liquorlicenseagents.com/counties/kern-county-liquor-licenses/","","live, 200, exactly self-canonical, and no sitemap declared it"
"ADDED","https://www.liquorlicenseagents.com/counties/kern-county-type-21/","","live, 200, exactly self-canonical, and no sitemap declared it"
"ADDED","https://www.liquorlicenseagents.com/counties/kern-county-type-41/","","live, 200, exactly self-canonical, and no sitemap declared it"
"ADDED","https://www.liquorlicenseagents.com/counties/kern-county-type-47/","","live, 200, exactly self-canonical, and no sitemap declared it"
"ADDED","https://www.liquorlicenseagents.com/counties/kern-county-type-48/","","live, 200, exactly self-canonical, and no sitemap declared it"
"ADDED","https://www.liquorlicenseagents.com/counties/kings-county-liquor-licenses-for-restaurants-bars-and-retailers/","","live, 200, exactly self-canonical, and no sitemap declared it"
"ADDED","https://www.liquorlicenseagents.com/counties/la-paz-county-arizona-liquor-licenses-for-restaurants-bars-and-retailers/","","live, 200, exactly self-canonical, and no sitemap declared it"
"ADDED","https://www.liquorlicenseagents.com/counties/lafayette-county-florida-liquor-licenses-for-restaurants-bars-and-retailers/","","live, 200, exactly self-canonical, and no sitemap declared it"
"ADDED","https://www.liquorlicenseagents.com/counties/lake-county-florida-liquor-licenses-for-restaurants-bars-and-retailers/","","live, 200, exactly self-canonical, and no sitemap declared it"
"ADDED","https://www.liquorlicenseagents.com/counties/lake-county-liquor-licenses-for-restaurants-bars-and-retailers/","","live, 200, exactly self-canonical, and no sitemap declared it"
"ADDED","https://www.liquorlicenseagents.com/counties/lassen-county-liquor-licenses-for-restaurants-bars-and-retailers/","","live, 200, exactly self-canonical, and no sitemap declared it"
"ADDED","https://www.liquorlicenseagents.com/counties/lee-county-1cop/","","live, 200, exactly self-canonical, and no sitemap declared it"
"ADDED","https://www.liquorlicenseagents.com/counties/lee-county-2cop/","","live, 200, exactly self-canonical, and no sitemap declared it"
"ADDED","https://www.liquorlicenseagents.com/counties/lee-county-3ps/","","live, 200, exactly self-canonical, and no sitemap declared it"
"ADDED","https://www.liquorlicenseagents.com/counties/lee-county-4cop-sfs/","","live, 200, exactly self-canonical, and no sitemap declared it"
"ADDED","https://www.liquorlicenseagents.com/counties/lee-county-4cop/","","live, 200, exactly self-canonical, and no sitemap declared it"
"ADDED","https://www.liquorlicenseagents.com/counties/lee-county-6cop/","","live, 200, exactly self-canonical, and no sitemap declared it"
"ADDED","https://www.liquorlicenseagents.com/counties/lee-county-florida-liquor-licenses-for-restaurants-bars-and-retailers/","","live, 200, exactly self-canonical, and no sitemap declared it"
"ADDED","https://www.liquorlicenseagents.com/counties/lee-county-liquor-licenses/","","live, 200, exactly self-canonical, and no sitemap declared it"
"ADDED","https://www.liquorlicenseagents.com/counties/leon-county-florida-liquor-licenses-for-restaurants-bars-and-retailers/","","live, 200, exactly self-canonical, and no sitemap declared it"
"ADDED","https://www.liquorlicenseagents.com/counties/levy-county-florida-liquor-licenses-for-restaurants-bars-and-retailers/","","live, 200, exactly self-canonical, and no sitemap declared it"
"ADDED","https://www.liquorlicenseagents.com/counties/liberty-county-florida-liquor-licenses-for-restaurants-bars-and-retailers/","","live, 200, exactly self-canonical, and no sitemap declared it"
"ADDED","https://www.liquorlicenseagents.com/counties/liquor-license-agents-supports-2cop/","","live, 200, exactly self-canonical, and no sitemap declared it"
"ADDED","https://www.liquorlicenseagents.com/counties/los-angeles-county-liquor-licenses/","","live, 200, exactly self-canonical, and no sitemap declared it"
"ADDED","https://www.liquorlicenseagents.com/counties/los-angeles-county-type-20/","","live, 200, exactly self-canonical, and no sitemap declared it"
"ADDED","https://www.liquorlicenseagents.com/counties/los-angeles-county-type-21/","","live, 200, exactly self-canonical, and no sitemap declared it"
"ADDED","https://www.liquorlicenseagents.com/counties/los-angeles-county-type-41/","","live, 200, exactly self-canonical, and no sitemap declared it"
"ADDED","https://www.liquorlicenseagents.com/counties/los-angeles-county-type-47/","","live, 200, exactly self-canonical, and no sitemap declared it"
"ADDED","https://www.liquorlicenseagents.com/counties/los-angeles-county-type-48/","","live, 200, exactly self-canonical, and no sitemap declared it"
"ADDED","https://www.liquorlicenseagents.com/counties/madera-county-liquor-licenses-for-restaurants-bars-and-retailers/","","live, 200, exactly self-canonical, and no sitemap declared it"
"ADDED","https://www.liquorlicenseagents.com/counties/madison-county-florida-liquor-licenses-for-restaurants-bars-and-retailers/","","live, 200, exactly self-canonical, and no sitemap declared it"
"ADDED","https://www.liquorlicenseagents.com/counties/manatee-county-florida-liquor-licenses-for-restaurants-bars-and-retailers/","","live, 200, exactly self-canonical, and no sitemap declared it"
"ADDED","https://www.liquorlicenseagents.com/counties/maricopa-county-arizona-liquor-licenses-for-restaurants-bars-and-retailers/","","live, 200, exactly self-canonical, and no sitemap declared it"
"ADDED","https://www.liquorlicenseagents.com/counties/maricopa-county-liquor-ilcenses/","","live, 200, exactly self-canonical, and no sitemap declared it"
"ADDED","https://www.liquorlicenseagents.com/counties/maricopa-county-series-10/","","live, 200, exactly self-canonical, and no sitemap declared it"
"ADDED","https://www.liquorlicenseagents.com/counties/maricopa-county-series-11/","","live, 200, exactly self-canonical, and no sitemap declared it"
"ADDED","https://www.liquorlicenseagents.com/counties/maricopa-county-series-12/","","live, 200, exactly self-canonical, and no sitemap declared it"
"ADDED","https://www.liquorlicenseagents.com/counties/maricopa-county-series-14/","","live, 200, exactly self-canonical, and no sitemap declared it"
"ADDED","https://www.liquorlicenseagents.com/counties/maricopa-county-series-6/","","live, 200, exactly self-canonical, and no sitemap declared it"
"ADDED","https://www.liquorlicenseagents.com/counties/maricopa-county-series-7/","","live, 200, exactly self-canonical, and no sitemap declared it"
"ADDED","https://www.liquorlicenseagents.com/counties/maricopa-county-series-9/","","live, 200, exactly self-canonical, and no sitemap declared it"
"ADDED","https://www.liquorlicenseagents.com/counties/marin-county-liquor-licenses-for-restaurants-bars-and-retailers/","","live, 200, exactly self-canonical, and no sitemap declared it"
"ADDED","https://www.liquorlicenseagents.com/counties/marion-county-florida-liquor-licenses-for-restaurants-bars-and-retailers/","","live, 200, exactly self-canonical, and no sitemap declared it"
"ADDED","https://www.liquorlicenseagents.com/counties/martin-county-florida-liquor-licenses-for-restaurants-bars-and-retailers/","","live, 200, exactly self-canonical, and no sitemap declared it"
"ADDED","https://www.liquorlicenseagents.com/counties/mendocino-county-liquor-licenses-for-restaurants-bars-and-retailers/","","live, 200, exactly self-canonical, and no sitemap declared it"
"ADDED","https://www.liquorlicenseagents.com/counties/merced-county-liquor-licenses-for-restaurants-bars-and-retailers/","","live, 200, exactly self-canonical, and no sitemap declared it"
"ADDED","https://www.liquorlicenseagents.com/counties/miami-dade-county-1cop/","","live, 200, exactly self-canonical, and no sitemap declared it"
"ADDED","https://www.liquorlicenseagents.com/counties/miami-dade-county-2cop/","","live, 200, exactly self-canonical, and no sitemap declared it"
"ADDED","https://www.liquorlicenseagents.com/counties/miami-dade-county-3ps/","","live, 200, exactly self-canonical, and no sitemap declared it"
"ADDED","https://www.liquorlicenseagents.com/counties/miami-dade-county-4cop-sfs/","","live, 200, exactly self-canonical, and no sitemap declared it"
"ADDED","https://www.liquorlicenseagents.com/counties/miami-dade-county-4cop/","","live, 200, exactly self-canonical, and no sitemap declared it"
"ADDED","https://www.liquorlicenseagents.com/counties/miami-dade-county-6cop/","","live, 200, exactly self-canonical, and no sitemap declared it"
"ADDED","https://www.liquorlicenseagents.com/counties/miami-dade-county-florida-liquor-licenses-for-restaurants-bars-and-retailers/","","live, 200, exactly self-canonical, and no sitemap declared it"
"ADDED","https://www.liquorlicenseagents.com/counties/miami-dade-county-liquor-licenses/","","live, 200, exactly self-canonical, and no sitemap declared it"
"ADDED","https://www.liquorlicenseagents.com/counties/modoc-county-liquor-licenses-for-restaurants-bars-and-retailers/","","live, 200, exactly self-canonical, and no sitemap declared it"
"ADDED","https://www.liquorlicenseagents.com/counties/mohave-county-arizona-liquor-licenses-for-restaurants-bars-and-retailers/","","live, 200, exactly self-canonical, and no sitemap declared it"
"ADDED","https://www.liquorlicenseagents.com/counties/mohave-county-liquor-licenses/","","live, 200, exactly self-canonical, and no sitemap declared it"
"ADDED","https://www.liquorlicenseagents.com/counties/mohave-county-series-10/","","live, 200, exactly self-canonical, and no sitemap declared it"
"ADDED","https://www.liquorlicenseagents.com/counties/mohave-county-series-11/","","live, 200, exactly self-canonical, and no sitemap declared it"
"ADDED","https://www.liquorlicenseagents.com/counties/mohave-county-series-12/","","live, 200, exactly self-canonical, and no sitemap declared it"
"ADDED","https://www.liquorlicenseagents.com/counties/mohave-county-series-14/","","live, 200, exactly self-canonical, and no sitemap declared it"
"ADDED","https://www.liquorlicenseagents.com/counties/mohave-county-series-6/","","live, 200, exactly self-canonical, and no sitemap declared it"
"ADDED","https://www.liquorlicenseagents.com/counties/mohave-county-series-7/","","live, 200, exactly self-canonical, and no sitemap declared it"
"ADDED","https://www.liquorlicenseagents.com/counties/mohave-county-series-9-1/","","live, 200, exactly self-canonical, and no sitemap declared it"
"ADDED","https://www.liquorlicenseagents.com/counties/mohave-county-series-9/","","live, 200, exactly self-canonical, and no sitemap declared it"
"ADDED","https://www.liquorlicenseagents.com/counties/mono-county-liquor-licenses-for-restaurants-bars-and-retailers/","","live, 200, exactly self-canonical, and no sitemap declared it"
"ADDED","https://www.liquorlicenseagents.com/counties/monroe-county-florida-liquor-licenses-for-restaurants-bars-and-retailers/","","live, 200, exactly self-canonical, and no sitemap declared it"
"ADDED","https://www.liquorlicenseagents.com/counties/monterey-county-liquor-licenses-for-restaurants-bars-and-retailers/","","live, 200, exactly self-canonical, and no sitemap declared it"
"ADDED","https://www.liquorlicenseagents.com/counties/napa-county-liquor-licenses-for-restaurants-bars-and-retailers/","","live, 200, exactly self-canonical, and no sitemap declared it"
"ADDED","https://www.liquorlicenseagents.com/counties/navajo-county-arizona-liquor-licenses-for-restaurants-bars-and-retailers/","","live, 200, exactly self-canonical, and no sitemap declared it"
"ADDED","https://www.liquorlicenseagents.com/counties/navajo-county-liquor-licenses/","","live, 200, exactly self-canonical, and no sitemap declared it"
"ADDED","https://www.liquorlicenseagents.com/counties/navajo-county-series-10/","","live, 200, exactly self-canonical, and no sitemap declared it"
"ADDED","https://www.liquorlicenseagents.com/counties/navajo-county-series-11/","","live, 200, exactly self-canonical, and no sitemap declared it"
"ADDED","https://www.liquorlicenseagents.com/counties/navajo-county-series-12/","","live, 200, exactly self-canonical, and no sitemap declared it"
"ADDED","https://www.liquorlicenseagents.com/counties/navajo-county-series-14/","","live, 200, exactly self-canonical, and no sitemap declared it"
"ADDED","https://www.liquorlicenseagents.com/counties/navajo-county-series-6/","","live, 200, exactly self-canonical, and no sitemap declared it"
"ADDED","https://www.liquorlicenseagents.com/counties/navajo-county-series-7/","","live, 200, exactly self-canonical, and no sitemap declared it"
"ADDED","https://www.liquorlicenseagents.com/counties/navajo-county-series-9/","","live, 200, exactly self-canonical, and no sitemap declared it"
"ADDED","https://www.liquorlicenseagents.com/counties/nevada-county-liquor-licenses-for-restaurants-bars-and-retailers/","","live, 200, exactly self-canonical, and no sitemap declared it"
"ADDED","https://www.liquorlicenseagents.com/counties/okaloosa-county-florida-liquor-licenses-for-restaurants-bars-and-retailers/","","live, 200, exactly self-canonical, and no sitemap declared it"
"ADDED","https://www.liquorlicenseagents.com/counties/okeechobee-county-florida-liquor-licenses-for-restaurants-bars-and-retailers/","","live, 200, exactly self-canonical, and no sitemap declared it"
"ADDED","https://www.liquorlicenseagents.com/counties/orange-county-1cop/","","live, 200, exactly self-canonical, and no sitemap declared it"
"ADDED","https://www.liquorlicenseagents.com/counties/orange-county-2cop/","","live, 200, exactly self-canonical, and no sitemap declared it"
"ADDED","https://www.liquorlicenseagents.com/counties/orange-county-3ps/","","live, 200, exactly self-canonical, and no sitemap declared it"
"ADDED","https://www.liquorlicenseagents.com/counties/orange-county-4cop-sfs/","","live, 200, exactly self-canonical, and no sitemap declared it"
"ADDED","https://www.liquorlicenseagents.com/counties/orange-county-4cop/","","live, 200, exactly self-canonical, and no sitemap declared it"
"ADDED","https://www.liquorlicenseagents.com/counties/orange-county-6cop/","","live, 200, exactly self-canonical, and no sitemap declared it"
"ADDED","https://www.liquorlicenseagents.com/counties/orange-county-florida-liquor-licenses-for-restaurants-bars-and-retailers/","","live, 200, exactly self-canonical, and no sitemap declared it"
"ADDED","https://www.liquorlicenseagents.com/counties/orange-county-liquor-licenses-1/","","live, 200, exactly self-canonical, and no sitemap declared it"
"ADDED","https://www.liquorlicenseagents.com/counties/orange-county-liquor-licenses/","","live, 200, exactly self-canonical, and no sitemap declared it"
"ADDED","https://www.liquorlicenseagents.com/counties/orange-county-type-20-license/","","live, 200, exactly self-canonical, and no sitemap declared it"
"ADDED","https://www.liquorlicenseagents.com/counties/orange-county-type-20/","","live, 200, exactly self-canonical, and no sitemap declared it"
"ADDED","https://www.liquorlicenseagents.com/counties/orange-county-type-21-license/","","live, 200, exactly self-canonical, and no sitemap declared it"
"ADDED","https://www.liquorlicenseagents.com/counties/orange-county-type-21/","","live, 200, exactly self-canonical, and no sitemap declared it"
"ADDED","https://www.liquorlicenseagents.com/counties/orange-county-type-41-license/","","live, 200, exactly self-canonical, and no sitemap declared it"
"ADDED","https://www.liquorlicenseagents.com/counties/orange-county-type-41/","","live, 200, exactly self-canonical, and no sitemap declared it"
"ADDED","https://www.liquorlicenseagents.com/counties/orange-county-type-47-license/","","live, 200, exactly self-canonical, and no sitemap declared it"
"ADDED","https://www.liquorlicenseagents.com/counties/orange-county-type-47/","","live, 200, exactly self-canonical, and no sitemap declared it"
"ADDED","https://www.liquorlicenseagents.com/counties/orange-county-type-48-license/","","live, 200, exactly self-canonical, and no sitemap declared it"
"ADDED","https://www.liquorlicenseagents.com/counties/orange-county-type-48/","","live, 200, exactly self-canonical, and no sitemap declared it"
"ADDED","https://www.liquorlicenseagents.com/counties/osceola-county-florida-liquor-licenses-for-restaurants-bars-and-retailers/","","live, 200, exactly self-canonical, and no sitemap declared it"
"ADDED","https://www.liquorlicenseagents.com/counties/palm-beach-county-1cop/","","live, 200, exactly self-canonical, and no sitemap declared it"
"ADDED","https://www.liquorlicenseagents.com/counties/palm-beach-county-2cop/","","live, 200, exactly self-canonical, and no sitemap declared it"
"ADDED","https://www.liquorlicenseagents.com/counties/palm-beach-county-3ps/","","live, 200, exactly self-canonical, and no sitemap declared it"
"ADDED","https://www.liquorlicenseagents.com/counties/palm-beach-county-4cop-sfs/","","live, 200, exactly self-canonical, and no sitemap declared it"
"ADDED","https://www.liquorlicenseagents.com/counties/palm-beach-county-4cop/","","live, 200, exactly self-canonical, and no sitemap declared it"
"ADDED","https://www.liquorlicenseagents.com/counties/palm-beach-county-6cop/","","live, 200, exactly self-canonical, and no sitemap declared it"
"ADDED","https://www.liquorlicenseagents.com/counties/palm-beach-county-florida-liquor-licenses-for-restaurants-bars-and-retailers/","","live, 200, exactly self-canonical, and no sitemap declared it"
"ADDED","https://www.liquorlicenseagents.com/counties/palm-beach-county-liquor-licenses/","","live, 200, exactly self-canonical, and no sitemap declared it"
"ADDED","https://www.liquorlicenseagents.com/counties/pasco-county-florida-liquor-licenses-for-restaurants-bars-and-retailers/","","live, 200, exactly self-canonical, and no sitemap declared it"
"ADDED","https://www.liquorlicenseagents.com/counties/pima-county-arizona-liquor-licenses-for-restaurants-bars-and-retailers/","","live, 200, exactly self-canonical, and no sitemap declared it"
"ADDED","https://www.liquorlicenseagents.com/counties/pima-county-liquor-licenses/","","live, 200, exactly self-canonical, and no sitemap declared it"
"ADDED","https://www.liquorlicenseagents.com/counties/pima-county-series-10/","","live, 200, exactly self-canonical, and no sitemap declared it"
"ADDED","https://www.liquorlicenseagents.com/counties/pima-county-series-11/","","live, 200, exactly self-canonical, and no sitemap declared it"
"ADDED","https://www.liquorlicenseagents.com/counties/pima-county-series-12/","","live, 200, exactly self-canonical, and no sitemap declared it"
"ADDED","https://www.liquorlicenseagents.com/counties/pima-county-series-14/","","live, 200, exactly self-canonical, and no sitemap declared it"
"ADDED","https://www.liquorlicenseagents.com/counties/pima-county-series-6/","","live, 200, exactly self-canonical, and no sitemap declared it"
"ADDED","https://www.liquorlicenseagents.com/counties/pima-county-series-7/","","live, 200, exactly self-canonical, and no sitemap declared it"
"ADDED","https://www.liquorlicenseagents.com/counties/pima-county-series-9/","","live, 200, exactly self-canonical, and no sitemap declared it"
"ADDED","https://www.liquorlicenseagents.com/counties/pinal-county-arizona-liquor-licenses-for-restaurants-bars-and-retailers/","","live, 200, exactly self-canonical, and no sitemap declared it"
"ADDED","https://www.liquorlicenseagents.com/counties/pinal-county-liquor-licenses/","","live, 200, exactly self-canonical, and no sitemap declared it"
"ADDED","https://www.liquorlicenseagents.com/counties/pinal-county-series-10/","","live, 200, exactly self-canonical, and no sitemap declared it"
"ADDED","https://www.liquorlicenseagents.com/counties/pinal-county-series-11/","","live, 200, exactly self-canonical, and no sitemap declared it"
"ADDED","https://www.liquorlicenseagents.com/counties/pinal-county-series-12/","","live, 200, exactly self-canonical, and no sitemap declared it"
"ADDED","https://www.liquorlicenseagents.com/counties/pinal-county-series-14/","","live, 200, exactly self-canonical, and no sitemap declared it"
"ADDED","https://www.liquorlicenseagents.com/counties/pinal-county-series-6/","","live, 200, exactly self-canonical, and no sitemap declared it"
"ADDED","https://www.liquorlicenseagents.com/counties/pinal-county-series-7/","","live, 200, exactly self-canonical, and no sitemap declared it"
"ADDED","https://www.liquorlicenseagents.com/counties/pinal-county-series-9/","","live, 200, exactly self-canonical, and no sitemap declared it"
"ADDED","https://www.liquorlicenseagents.com/counties/pinellas-county-1cop/","","live, 200, exactly self-canonical, and no sitemap declared it"
"ADDED","https://www.liquorlicenseagents.com/counties/pinellas-county-3ps/","","live, 200, exactly self-canonical, and no sitemap declared it"
"ADDED","https://www.liquorlicenseagents.com/counties/pinellas-county-4cop-sfs/","","live, 200, exactly self-canonical, and no sitemap declared it"
"ADDED","https://www.liquorlicenseagents.com/counties/pinellas-county-4cop/","","live, 200, exactly self-canonical, and no sitemap declared it"
"ADDED","https://www.liquorlicenseagents.com/counties/pinellas-county-6cop/","","live, 200, exactly self-canonical, and no sitemap declared it"
"ADDED","https://www.liquorlicenseagents.com/counties/pinellas-county-florida-liquor-licenses-for-restaurants-bars-and-retailers/","","live, 200, exactly self-canonical, and no sitemap declared it"
"ADDED","https://www.liquorlicenseagents.com/counties/pinellas-county-liquor-licenses/","","live, 200, exactly self-canonical, and no sitemap declared it"
"ADDED","https://www.liquorlicenseagents.com/counties/polk-county-1cop/","","live, 200, exactly self-canonical, and no sitemap declared it"
"ADDED","https://www.liquorlicenseagents.com/counties/polk-county-2cop/","","live, 200, exactly self-canonical, and no sitemap declared it"
"ADDED","https://www.liquorlicenseagents.com/counties/polk-county-3ps/","","live, 200, exactly self-canonical, and no sitemap declared it"
"ADDED","https://www.liquorlicenseagents.com/counties/polk-county-4cop-sfs/","","live, 200, exactly self-canonical, and no sitemap declared it"
"ADDED","https://www.liquorlicenseagents.com/counties/polk-county-4cop/","","live, 200, exactly self-canonical, and no sitemap declared it"
"ADDED","https://www.liquorlicenseagents.com/counties/polk-county-6cop/","","live, 200, exactly self-canonical, and no sitemap declared it"
"ADDED","https://www.liquorlicenseagents.com/counties/polk-county-florida-liquor-licenses-for-restaurants-bars-and-retailers/","","live, 200, exactly self-canonical, and no sitemap declared it"
"ADDED","https://www.liquorlicenseagents.com/counties/polk-county-liquor-licenses/","","live, 200, exactly self-canonical, and no sitemap declared it"
"ADDED","https://www.liquorlicenseagents.com/counties/putnam-county-florida-liquor-licenses-for-restaurants-bars-and-retailers/","","live, 200, exactly self-canonical, and no sitemap declared it"
"ADDED","https://www.liquorlicenseagents.com/counties/riverside-county-liquor-licenses-for-restaurants-bars-and-retailers/","","live, 200, exactly self-canonical, and no sitemap declared it"
"ADDED","https://www.liquorlicenseagents.com/counties/riverside-county-liquor-licenses/","","live, 200, exactly self-canonical, and no sitemap declared it"
"ADDED","https://www.liquorlicenseagents.com/counties/riverside-county-type-20/","","live, 200, exactly self-canonical, and no sitemap declared it"
"ADDED","https://www.liquorlicenseagents.com/counties/riverside-county-type-21/","","live, 200, exactly self-canonical, and no sitemap declared it"
"ADDED","https://www.liquorlicenseagents.com/counties/riverside-county-type-41/","","live, 200, exactly self-canonical, and no sitemap declared it"
"ADDED","https://www.liquorlicenseagents.com/counties/riverside-county-type-47/","","live, 200, exactly self-canonical, and no sitemap declared it"
"ADDED","https://www.liquorlicenseagents.com/counties/riverside-county-type-48/","","live, 200, exactly self-canonical, and no sitemap declared it"
"ADDED","https://www.liquorlicenseagents.com/counties/sacramento-county-liquor-licenses-for-restaurants-bars-and-retailers/","","live, 200, exactly self-canonical, and no sitemap declared it"
"ADDED","https://www.liquorlicenseagents.com/counties/sacramento-county-liquor-licenses/","","live, 200, exactly self-canonical, and no sitemap declared it"
"ADDED","https://www.liquorlicenseagents.com/counties/sacramento-county-type-20/","","live, 200, exactly self-canonical, and no sitemap declared it"
"ADDED","https://www.liquorlicenseagents.com/counties/sacramento-county-type-21/","","live, 200, exactly self-canonical, and no sitemap declared it"
"ADDED","https://www.liquorlicenseagents.com/counties/sacramento-county-type-41/","","live, 200, exactly self-canonical, and no sitemap declared it"
"ADDED","https://www.liquorlicenseagents.com/counties/sacramento-county-type-47/","","live, 200, exactly self-canonical, and no sitemap declared it"
"ADDED","https://www.liquorlicenseagents.com/counties/sacramento-county-type-48/","","live, 200, exactly self-canonical, and no sitemap declared it"
"ADDED","https://www.liquorlicenseagents.com/counties/san-bernardino-county-liquor-licenses-for-restaurants-bars-and-retailers/","","live, 200, exactly self-canonical, and no sitemap declared it"
"ADDED","https://www.liquorlicenseagents.com/counties/san-bernardino-county-liquor-licenses/","","live, 200, exactly self-canonical, and no sitemap declared it"
"ADDED","https://www.liquorlicenseagents.com/counties/san-bernardino-county-type-20/","","live, 200, exactly self-canonical, and no sitemap declared it"
"ADDED","https://www.liquorlicenseagents.com/counties/san-bernardino-county-type-21/","","live, 200, exactly self-canonical, and no sitemap declared it"
"ADDED","https://www.liquorlicenseagents.com/counties/san-bernardino-county-type-41/","","live, 200, exactly self-canonical, and no sitemap declared it"
"ADDED","https://www.liquorlicenseagents.com/counties/san-bernardino-county-type-47/","","live, 200, exactly self-canonical, and no sitemap declared it"
"ADDED","https://www.liquorlicenseagents.com/counties/san-bernardino-county-type-48/","","live, 200, exactly self-canonical, and no sitemap declared it"
"ADDED","https://www.liquorlicenseagents.com/counties/san-diego-county-liquor-licenses/","","live, 200, exactly self-canonical, and no sitemap declared it"
"ADDED","https://www.liquorlicenseagents.com/counties/san-diego-county-type-20/","","live, 200, exactly self-canonical, and no sitemap declared it"
"ADDED","https://www.liquorlicenseagents.com/counties/san-diego-county-type-21/","","live, 200, exactly self-canonical, and no sitemap declared it"
"ADDED","https://www.liquorlicenseagents.com/counties/san-diego-county-type-41/","","live, 200, exactly self-canonical, and no sitemap declared it"
"ADDED","https://www.liquorlicenseagents.com/counties/san-diego-county-type-47/","","live, 200, exactly self-canonical, and no sitemap declared it"
"ADDED","https://www.liquorlicenseagents.com/counties/san-diego-county-type-48/","","live, 200, exactly self-canonical, and no sitemap declared it"
"ADDED","https://www.liquorlicenseagents.com/counties/san-francisco-county-liquor-licenses/","","live, 200, exactly self-canonical, and no sitemap declared it"
"ADDED","https://www.liquorlicenseagents.com/counties/san-francisco-county-type-20/","","live, 200, exactly self-canonical, and no sitemap declared it"
"ADDED","https://www.liquorlicenseagents.com/counties/san-francisco-county-type-21/","","live, 200, exactly self-canonical, and no sitemap declared it"
"ADDED","https://www.liquorlicenseagents.com/counties/san-francisco-county-type-41/","","live, 200, exactly self-canonical, and no sitemap declared it"
"ADDED","https://www.liquorlicenseagents.com/counties/san-francisco-county-type-47/","","live, 200, exactly self-canonical, and no sitemap declared it"
"ADDED","https://www.liquorlicenseagents.com/counties/san-francisco-county-type-48/","","live, 200, exactly self-canonical, and no sitemap declared it"
"ADDED","https://www.liquorlicenseagents.com/counties/san-joaquin-county-liquor-licenses-for-restaurants-bars-and-retailers/","","live, 200, exactly self-canonical, and no sitemap declared it"
"ADDED","https://www.liquorlicenseagents.com/counties/san-joaquin-county-liquor-licenses/","","live, 200, exactly self-canonical, and no sitemap declared it"
"ADDED","https://www.liquorlicenseagents.com/counties/san-joaquin-county-type-20/","","live, 200, exactly self-canonical, and no sitemap declared it"
"ADDED","https://www.liquorlicenseagents.com/counties/san-joaquin-county-type-21/","","live, 200, exactly self-canonical, and no sitemap declared it"
"ADDED","https://www.liquorlicenseagents.com/counties/san-joaquin-county-type-41/","","live, 200, exactly self-canonical, and no sitemap declared it"
"ADDED","https://www.liquorlicenseagents.com/counties/san-joaquin-county-type-47/","","live, 200, exactly self-canonical, and no sitemap declared it"
"ADDED","https://www.liquorlicenseagents.com/counties/san-joaquin-county-type-48/","","live, 200, exactly self-canonical, and no sitemap declared it"
"ADDED","https://www.liquorlicenseagents.com/counties/san-luis-obispo-county-liquor-licenses-for-restaurants-bars-and-retailers/","","live, 200, exactly self-canonical, and no sitemap declared it"
"ADDED","https://www.liquorlicenseagents.com/counties/san-mateo-county-liquor-licenses/","","live, 200, exactly self-canonical, and no sitemap declared it"
"ADDED","https://www.liquorlicenseagents.com/counties/san-mateo-county-type-20/","","live, 200, exactly self-canonical, and no sitemap declared it"
"ADDED","https://www.liquorlicenseagents.com/counties/san-mateo-county-type-21/","","live, 200, exactly self-canonical, and no sitemap declared it"
"ADDED","https://www.liquorlicenseagents.com/counties/san-mateo-county-type-41/","","live, 200, exactly self-canonical, and no sitemap declared it"
"ADDED","https://www.liquorlicenseagents.com/counties/san-mateo-county-type-47/","","live, 200, exactly self-canonical, and no sitemap declared it"
"ADDED","https://www.liquorlicenseagents.com/counties/san-mateo-county-type-48/","","live, 200, exactly self-canonical, and no sitemap declared it"
"ADDED","https://www.liquorlicenseagents.com/counties/santa-barbara-county-liquor-licenses-for-restaurants-bars-and-retailers/","","live, 200, exactly self-canonical, and no sitemap declared it"
"ADDED","https://www.liquorlicenseagents.com/counties/santa-barbara-county-liquor-licenses/","","live, 200, exactly self-canonical, and no sitemap declared it"
"ADDED","https://www.liquorlicenseagents.com/counties/santa-barbara-county-type-20/","","live, 200, exactly self-canonical, and no sitemap declared it"
"ADDED","https://www.liquorlicenseagents.com/counties/santa-barbara-county-type-21/","","live, 200, exactly self-canonical, and no sitemap declared it"
"ADDED","https://www.liquorlicenseagents.com/counties/santa-barbara-county-type-41/","","live, 200, exactly self-canonical, and no sitemap declared it"
"ADDED","https://www.liquorlicenseagents.com/counties/santa-barbara-county-type-47/","","live, 200, exactly self-canonical, and no sitemap declared it"
"ADDED","https://www.liquorlicenseagents.com/counties/santa-barbara-county-type-48/","","live, 200, exactly self-canonical, and no sitemap declared it"
"ADDED","https://www.liquorlicenseagents.com/counties/santa-clara-county-liquor-licenses/","","live, 200, exactly self-canonical, and no sitemap declared it"
"ADDED","https://www.liquorlicenseagents.com/counties/santa-clara-county-type-20/","","live, 200, exactly self-canonical, and no sitemap declared it"
"ADDED","https://www.liquorlicenseagents.com/counties/santa-clara-county-type-21/","","live, 200, exactly self-canonical, and no sitemap declared it"
"ADDED","https://www.liquorlicenseagents.com/counties/santa-clara-county-type-41/","","live, 200, exactly self-canonical, and no sitemap declared it"
"ADDED","https://www.liquorlicenseagents.com/counties/santa-clara-county-type-47/","","live, 200, exactly self-canonical, and no sitemap declared it"
"ADDED","https://www.liquorlicenseagents.com/counties/santa-clara-county-type-48/","","live, 200, exactly self-canonical, and no sitemap declared it"
"ADDED","https://www.liquorlicenseagents.com/counties/santa-cruz-county-arizona-liquor-licenses-for-restaurants-bars-and-retailers/","","live, 200, exactly self-canonical, and no sitemap declared it"
"ADDED","https://www.liquorlicenseagents.com/counties/santa-rosa-county-florida-liquor-licenses-for-restaurants-bars-and-retailers/","","live, 200, exactly self-canonical, and no sitemap declared it"
"ADDED","https://www.liquorlicenseagents.com/counties/seminole-county-florida-liquor-licenses-for-restaurants-bars-and-retailers/","","live, 200, exactly self-canonical, and no sitemap declared it"
"ADDED","https://www.liquorlicenseagents.com/counties/sierra-county-liquor-licenses-for-restaurants-bars-and-retailers/","","live, 200, exactly self-canonical, and no sitemap declared it"
"ADDED","https://www.liquorlicenseagents.com/counties/siskiyou-county-liquor-licenses-for-restaurants-bars-and-retailers/","","live, 200, exactly self-canonical, and no sitemap declared it"
"ADDED","https://www.liquorlicenseagents.com/counties/solano-county-liquor-licenses/","","live, 200, exactly self-canonical, and no sitemap declared it"
"ADDED","https://www.liquorlicenseagents.com/counties/solano-county-type-20/","","live, 200, exactly self-canonical, and no sitemap declared it"
"ADDED","https://www.liquorlicenseagents.com/counties/solano-county-type-21/","","live, 200, exactly self-canonical, and no sitemap declared it"
"ADDED","https://www.liquorlicenseagents.com/counties/solano-county-type-41/","","live, 200, exactly self-canonical, and no sitemap declared it"
"ADDED","https://www.liquorlicenseagents.com/counties/solano-county-type-47/","","live, 200, exactly self-canonical, and no sitemap declared it"
"ADDED","https://www.liquorlicenseagents.com/counties/solano-county-type-48/","","live, 200, exactly self-canonical, and no sitemap declared it"
"ADDED","https://www.liquorlicenseagents.com/counties/sonoma-county-liquor-licenses-for-restaurants-bars-and-retailers/","","live, 200, exactly self-canonical, and no sitemap declared it"
"ADDED","https://www.liquorlicenseagents.com/counties/sonoma-county-liquor-licenses/","","live, 200, exactly self-canonical, and no sitemap declared it"
"ADDED","https://www.liquorlicenseagents.com/counties/sonoma-county-type-20/","","live, 200, exactly self-canonical, and no sitemap declared it"
"ADDED","https://www.liquorlicenseagents.com/counties/sonoma-county-type-21/","","live, 200, exactly self-canonical, and no sitemap declared it"
"ADDED","https://www.liquorlicenseagents.com/counties/sonoma-county-type-41/","","live, 200, exactly self-canonical, and no sitemap declared it"
"ADDED","https://www.liquorlicenseagents.com/counties/sonoma-county-type-47/","","live, 200, exactly self-canonical, and no sitemap declared it"
"ADDED","https://www.liquorlicenseagents.com/counties/sonoma-county-type-48/","","live, 200, exactly self-canonical, and no sitemap declared it"
"ADDED","https://www.liquorlicenseagents.com/counties/st-johns-county-florida-liquor-licenses-for-restaurants-bars-and-retailers/","","live, 200, exactly self-canonical, and no sitemap declared it"
"ADDED","https://www.liquorlicenseagents.com/counties/st-lucie-county-florida-liquor-licenses-for-restaurants-bars-and-retailers/","","live, 200, exactly self-canonical, and no sitemap declared it"
"ADDED","https://www.liquorlicenseagents.com/counties/stanislaus-county-liquor-licenses-for-restaurants-bars-and-retailers/","","live, 200, exactly self-canonical, and no sitemap declared it"
"ADDED","https://www.liquorlicenseagents.com/counties/stanislaus-county-liquor-licenses/","","live, 200, exactly self-canonical, and no sitemap declared it"
"ADDED","https://www.liquorlicenseagents.com/counties/stanislaus-county-type-20/","","live, 200, exactly self-canonical, and no sitemap declared it"
"ADDED","https://www.liquorlicenseagents.com/counties/stanislaus-county-type-21/","","live, 200, exactly self-canonical, and no sitemap declared it"
"ADDED","https://www.liquorlicenseagents.com/counties/stanislaus-county-type-41/","","live, 200, exactly self-canonical, and no sitemap declared it"
"ADDED","https://www.liquorlicenseagents.com/counties/stanislaus-county-type-47/","","live, 200, exactly self-canonical, and no sitemap declared it"
"ADDED","https://www.liquorlicenseagents.com/counties/stanislaus-county-type-48/","","live, 200, exactly self-canonical, and no sitemap declared it"
"ADDED","https://www.liquorlicenseagents.com/counties/sumter-county-florida-liquor-licenses-for-restaurants-bars-and-retailers/","","live, 200, exactly self-canonical, and no sitemap declared it"
"ADDED","https://www.liquorlicenseagents.com/counties/sutter-county-liquor-licenses-for-restaurants-bars-and-retailers/","","live, 200, exactly self-canonical, and no sitemap declared it"
"ADDED","https://www.liquorlicenseagents.com/counties/suwannee-county-florida-liquor-licenses-for-restaurants-bars-and-retailers/","","live, 200, exactly self-canonical, and no sitemap declared it"
"ADDED","https://www.liquorlicenseagents.com/counties/taylor-county-florida-liquor-licenses-for-restaurants-bars-and-retailers/","","live, 200, exactly self-canonical, and no sitemap declared it"
"ADDED","https://www.liquorlicenseagents.com/counties/tehama-county-liquor-licenses-for-restaurants-bars-and-retailers/","","live, 200, exactly self-canonical, and no sitemap declared it"
"ADDED","https://www.liquorlicenseagents.com/counties/tulare-county-liquor-licenses-for-restaurants-bars-and-retailers/","","live, 200, exactly self-canonical, and no sitemap declared it"
"ADDED","https://www.liquorlicenseagents.com/counties/tulare-county-liquor-licenses/","","live, 200, exactly self-canonical, and no sitemap declared it"
"ADDED","https://www.liquorlicenseagents.com/counties/tulare-county-type-20/","","live, 200, exactly self-canonical, and no sitemap declared it"
"ADDED","https://www.liquorlicenseagents.com/counties/tulare-county-type-21/","","live, 200, exactly self-canonical, and no sitemap declared it"
"ADDED","https://www.liquorlicenseagents.com/counties/tulare-county-type-41/","","live, 200, exactly self-canonical, and no sitemap declared it"
"ADDED","https://www.liquorlicenseagents.com/counties/tulare-county-type-47/","","live, 200, exactly self-canonical, and no sitemap declared it"
"ADDED","https://www.liquorlicenseagents.com/counties/tulare-county-type-48/","","live, 200, exactly self-canonical, and no sitemap declared it"
"ADDED","https://www.liquorlicenseagents.com/counties/tuolumne-county-liquor-licenses-for-restaurants-bars-and-retailers/","","live, 200, exactly self-canonical, and no sitemap declared it"
"ADDED","https://www.liquorlicenseagents.com/counties/union-county-florida-liquor-licenses-for-restaurants-bars-and-retailers/","","live, 200, exactly self-canonical, and no sitemap declared it"
"ADDED","https://www.liquorlicenseagents.com/counties/ventura-county-liquor-licenses/","","live, 200, exactly self-canonical, and no sitemap declared it"
"ADDED","https://www.liquorlicenseagents.com/counties/ventura-county-type-20/","","live, 200, exactly self-canonical, and no sitemap declared it"
"ADDED","https://www.liquorlicenseagents.com/counties/ventura-county-type-21/","","live, 200, exactly self-canonical, and no sitemap declared it"
"ADDED","https://www.liquorlicenseagents.com/counties/ventura-county-type-41/","","live, 200, exactly self-canonical, and no sitemap declared it"
"ADDED","https://www.liquorlicenseagents.com/counties/ventura-county-type-47/","","live, 200, exactly self-canonical, and no sitemap declared it"
"ADDED","https://www.liquorlicenseagents.com/counties/ventura-county-type-48/","","live, 200, exactly self-canonical, and no sitemap declared it"
"ADDED","https://www.liquorlicenseagents.com/counties/volusia-county-florida-liquor-licenses-for-restaurants-bars-and-retailers/","","live, 200, exactly self-canonical, and no sitemap declared it"
"ADDED","https://www.liquorlicenseagents.com/counties/wakulla-county-florida-liquor-licenses-for-restaurants-bars-and-retailers/","","live, 200, exactly self-canonical, and no sitemap declared it"
"ADDED","https://www.liquorlicenseagents.com/counties/walton-county-florida-liquor-licenses-for-restaurants-bars-and-retailers-1/","","live, 200, exactly self-canonical, and no sitemap declared it"
"ADDED","https://www.liquorlicenseagents.com/counties/walton-county-florida-liquor-licenses-for-restaurants-bars-and-retailers/","","live, 200, exactly self-canonical, and no sitemap declared it"
"ADDED","https://www.liquorlicenseagents.com/counties/yavapai-county-arizona-liquor-licenses-for-restaurants-bars-and-retailers-1/","","live, 200, exactly self-canonical, and no sitemap declared it"
"ADDED","https://www.liquorlicenseagents.com/counties/yavapai-county-arizona-liquor-licenses-for-restaurants-bars-and-retailers/","","live, 200, exactly self-canonical, and no sitemap declared it"
"ADDED","https://www.liquorlicenseagents.com/counties/yavapai-county-liquor-licenses/","","live, 200, exactly self-canonical, and no sitemap declared it"
"ADDED","https://www.liquorlicenseagents.com/counties/yavapai-county-series-10/","","live, 200, exactly self-canonical, and no sitemap declared it"
"ADDED","https://www.liquorlicenseagents.com/counties/yavapai-county-series-11/","","live, 200, exactly self-canonical, and no sitemap declared it"
"ADDED","https://www.liquorlicenseagents.com/counties/yavapai-county-series-12/","","live, 200, exactly self-canonical, and no sitemap declared it"
"ADDED","https://www.liquorlicenseagents.com/counties/yavapai-county-series-14/","","live, 200, exactly self-canonical, and no sitemap declared it"
"ADDED","https://www.liquorlicenseagents.com/counties/yavapai-county-series-6/","","live, 200, exactly self-canonical, and no sitemap declared it"
"ADDED","https://www.liquorlicenseagents.com/counties/yavapai-county-series-7/","","live, 200, exactly self-canonical, and no sitemap declared it"
"ADDED","https://www.liquorlicenseagents.com/counties/yavapai-county-series-9/","","live, 200, exactly self-canonical, and no sitemap declared it"
"ADDED","https://www.liquorlicenseagents.com/counties/yuba-county-liquor-licenses/","","live, 200, exactly self-canonical, and no sitemap declared it"
"ADDED","https://www.liquorlicenseagents.com/counties/yuma-county-liquor-licenses/","","live, 200, exactly self-canonical, and no sitemap declared it"
"ADDED","https://www.liquorlicenseagents.com/counties/yuma-county-series-10/","","live, 200, exactly self-canonical, and no sitemap declared it"
"ADDED","https://www.liquorlicenseagents.com/counties/yuma-county-series-11/","","live, 200, exactly self-canonical, and no sitemap declared it"
"ADDED","https://www.liquorlicenseagents.com/counties/yuma-county-series-12/","","live, 200, exactly self-canonical, and no sitemap declared it"
"ADDED","https://www.liquorlicenseagents.com/counties/yuma-county-series-14/","","live, 200, exactly self-canonical, and no sitemap declared it"
"ADDED","https://www.liquorlicenseagents.com/counties/yuma-county-series-6/","","live, 200, exactly self-canonical, and no sitemap declared it"
"ADDED","https://www.liquorlicenseagents.com/counties/yuma-county-series-7/","","live, 200, exactly self-canonical, and no sitemap declared it"
"ADDED","https://www.liquorlicenseagents.com/counties/yuma-county-series-9/","","live, 200, exactly self-canonical, and no sitemap declared it"
"ADDED","https://www.liquorlicenseagents.com/products","","live, 200, exactly self-canonical, and no sitemap declared it"
"ADDED","https://www.liquorlicenseagents.com/state","","live, 200, exactly self-canonical, and no sitemap declared it"
"REMOVED","https://www.liquorlicenseagents.com/state/","/sitemaps/sitemap-pages.xml","the same page is canonical at /state, which differs only by the trailing slash"
"REMOVED","https://www.liquorlicenseagents.com/counties/alameda-county/alameda-county-liquor-licenses/","/sitemaps/sitemap-counties.xml","canonical is /counties/alameda-county-liquor-licenses/"
"REMOVED","https://www.liquorlicenseagents.com/counties/alameda-county/alameda-county-type-20/","/sitemaps/sitemap-counties.xml","canonical is /counties/alameda-county-type-20/"
"REMOVED","https://www.liquorlicenseagents.com/counties/alameda-county/alameda-county-type-21/","/sitemaps/sitemap-counties.xml","canonical is /counties/alameda-county-type-21/"
"REMOVED","https://www.liquorlicenseagents.com/counties/alameda-county/alameda-county-type-41/","/sitemaps/sitemap-counties.xml","canonical is /counties/alameda-county-type-41/"
"REMOVED","https://www.liquorlicenseagents.com/counties/alameda-county/alameda-county-type-47-liquor-license-for-restaurants-and-bars/","/sitemaps/sitemap-counties.xml","canonical is /counties/alameda-county-type-47-liquor-license-for-restaurants-and-bars/"
"REMOVED","https://www.liquorlicenseagents.com/counties/alameda-county/alameda-county-type-48/","/sitemaps/sitemap-counties.xml","canonical is /counties/alameda-county-type-48/"
"REMOVED","https://www.liquorlicenseagents.com/counties/apache-county/apache-county-liquor-licenses/","/sitemaps/sitemap-counties.xml","canonical is /counties/apache-county-liquor-licenses/"
"REMOVED","https://www.liquorlicenseagents.com/counties/apache-county/apache-county-series-10/","/sitemaps/sitemap-counties.xml","canonical is /counties/apache-county-series-10/"
"REMOVED","https://www.liquorlicenseagents.com/counties/apache-county/apache-county-series-11/","/sitemaps/sitemap-counties.xml","canonical is /counties/apache-county-series-11/"
"REMOVED","https://www.liquorlicenseagents.com/counties/apache-county/apache-county-series-12/","/sitemaps/sitemap-counties.xml","canonical is /counties/apache-county-series-12/"
"REMOVED","https://www.liquorlicenseagents.com/counties/apache-county/apache-county-series-14/","/sitemaps/sitemap-counties.xml","canonical is /counties/apache-county-series-14/"
"REMOVED","https://www.liquorlicenseagents.com/counties/apache-county/apache-county-series-6/","/sitemaps/sitemap-counties.xml","canonical is /counties/apache-county-series-6/"
"REMOVED","https://www.liquorlicenseagents.com/counties/apache-county/apache-county-series-7/","/sitemaps/sitemap-counties.xml","canonical is /counties/apache-county-series-7/"
"REMOVED","https://www.liquorlicenseagents.com/counties/apache-county/apache-county-series-9/","/sitemaps/sitemap-counties.xml","canonical is /counties/apache-county-series-9/"
"REMOVED","https://www.liquorlicenseagents.com/counties/arizona-county/apache-county-arizona-liquor-licenses-for-restaurants-bars-and-retailers/","/sitemaps/sitemap-counties.xml","canonical is /counties/apache-county-arizona-liquor-licenses-for-restaurants-bars-and-retailers/"
"REMOVED","https://www.liquorlicenseagents.com/counties/arizona-county/cochise-county-arizona-liquor-licenses-for-restaurants-bars-and-retailers/","/sitemaps/sitemap-counties.xml","canonical is /counties/cochise-county-arizona-liquor-licenses-for-restaurants-bars-and-retailers/"
"REMOVED","https://www.liquorlicenseagents.com/counties/arizona-county/coconino-county-arizona-liquor-licenses-for-restaurants-bars-and-retailers/","/sitemaps/sitemap-counties.xml","canonical is /counties/coconino-county-arizona-liquor-licenses-for-restaurants-bars-and-retailers/"
"REMOVED","https://www.liquorlicenseagents.com/counties/arizona-county/gila-county-arizona-liquor-licenses-for-restaurants-bars-and-retailers/","/sitemaps/sitemap-counties.xml","canonical is /counties/gila-county-arizona-liquor-licenses-for-restaurants-bars-and-retailers/"
"REMOVED","https://www.liquorlicenseagents.com/counties/arizona-county/graham-county-arizona-liquor-licenses-for-restaurants-bars-and-retailers/","/sitemaps/sitemap-counties.xml","canonical is /counties/graham-county-arizona-liquor-licenses-for-restaurants-bars-and-retailers/"
"REMOVED","https://www.liquorlicenseagents.com/counties/arizona-county/greenlee-county-arizona-liquor-licenses-for-restaurants-bars-and-retailers/","/sitemaps/sitemap-counties.xml","canonical is /counties/greenlee-county-arizona-liquor-licenses-for-restaurants-bars-and-retailers/"
"REMOVED","https://www.liquorlicenseagents.com/counties/arizona-county/la-paz-county-arizona-liquor-licenses-for-restaurants-bars-and-retailers/","/sitemaps/sitemap-counties.xml","canonical is /counties/la-paz-county-arizona-liquor-licenses-for-restaurants-bars-and-retailers/"
"REMOVED","https://www.liquorlicenseagents.com/counties/arizona-county/maricopa-county-arizona-liquor-licenses-for-restaurants-bars-and-retailers/","/sitemaps/sitemap-counties.xml","canonical is /counties/maricopa-county-arizona-liquor-licenses-for-restaurants-bars-and-retailers/"
"REMOVED","https://www.liquorlicenseagents.com/counties/arizona-county/mohave-county-arizona-liquor-licenses-for-restaurants-bars-and-retailers/","/sitemaps/sitemap-counties.xml","canonical is /counties/mohave-county-arizona-liquor-licenses-for-restaurants-bars-and-retailers/"
"REMOVED","https://www.liquorlicenseagents.com/counties/arizona-county/navajo-county-arizona-liquor-licenses-for-restaurants-bars-and-retailers/","/sitemaps/sitemap-counties.xml","canonical is /counties/navajo-county-arizona-liquor-licenses-for-restaurants-bars-and-retailers/"
"REMOVED","https://www.liquorlicenseagents.com/counties/arizona-county/pima-county-arizona-liquor-licenses-for-restaurants-bars-and-retailers/","/sitemaps/sitemap-counties.xml","canonical is /counties/pima-county-arizona-liquor-licenses-for-restaurants-bars-and-retailers/"
"REMOVED","https://www.liquorlicenseagents.com/counties/arizona-county/pinal-county-arizona-liquor-licenses-for-restaurants-bars-and-retailers/","/sitemaps/sitemap-counties.xml","canonical is /counties/pinal-county-arizona-liquor-licenses-for-restaurants-bars-and-retailers/"
"REMOVED","https://www.liquorlicenseagents.com/counties/arizona-county/santa-cruz-county-arizona-liquor-licenses-for-restaurants-bars-and-retailers/","/sitemaps/sitemap-counties.xml","canonical is /counties/santa-cruz-county-arizona-liquor-licenses-for-restaurants-bars-and-retailers/"
"REMOVED","https://www.liquorlicenseagents.com/counties/arizona-county/yavapai-county-arizona-liquor-licenses-for-restaurants-bars-and-retailers-1/","/sitemaps/sitemap-counties.xml","canonical is /counties/yavapai-county-arizona-liquor-licenses-for-restaurants-bars-and-retailers-1/"
"REMOVED","https://www.liquorlicenseagents.com/counties/arizona-county/yavapai-county-arizona-liquor-licenses-for-restaurants-bars-and-retailers/","/sitemaps/sitemap-counties.xml","canonical is /counties/yavapai-county-arizona-liquor-licenses-for-restaurants-bars-and-retailers/"
"REMOVED","https://www.liquorlicenseagents.com/counties/brevard-county/brevard-county-1cop/","/sitemaps/sitemap-counties.xml","canonical is /counties/brevard-county-1cop/"
"REMOVED","https://www.liquorlicenseagents.com/counties/brevard-county/brevard-county-2cop/","/sitemaps/sitemap-counties.xml","canonical is /counties/brevard-county-2cop/"
"REMOVED","https://www.liquorlicenseagents.com/counties/brevard-county/brevard-county-3ps/","/sitemaps/sitemap-counties.xml","canonical is /counties/brevard-county-3ps/"
"REMOVED","https://www.liquorlicenseagents.com/counties/brevard-county/brevard-county-4cop-sfs/","/sitemaps/sitemap-counties.xml","canonical is /counties/brevard-county-4cop-sfs/"
"REMOVED","https://www.liquorlicenseagents.com/counties/brevard-county/brevard-county-4cop/","/sitemaps/sitemap-counties.xml","canonical is /counties/brevard-county-4cop/"
"REMOVED","https://www.liquorlicenseagents.com/counties/brevard-county/brevard-county-6cop/","/sitemaps/sitemap-counties.xml","canonical is /counties/brevard-county-6cop/"
"REMOVED","https://www.liquorlicenseagents.com/counties/brevard-county/brevard-county-liquor-licenses/","/sitemaps/sitemap-counties.xml","canonical is /counties/brevard-county-liquor-licenses/"
"REMOVED","https://www.liquorlicenseagents.com/counties/broward-county/broward-county-1cop/","/sitemaps/sitemap-counties.xml","canonical is /counties/broward-county-1cop/"
"REMOVED","https://www.liquorlicenseagents.com/counties/broward-county/broward-county-2cop/","/sitemaps/sitemap-counties.xml","canonical is /counties/broward-county-2cop/"
"REMOVED","https://www.liquorlicenseagents.com/counties/broward-county/broward-county-3ps/","/sitemaps/sitemap-counties.xml","canonical is /counties/broward-county-3ps/"
"REMOVED","https://www.liquorlicenseagents.com/counties/broward-county/broward-county-4cop-sfs/","/sitemaps/sitemap-counties.xml","canonical is /counties/broward-county-4cop-sfs/"
"REMOVED","https://www.liquorlicenseagents.com/counties/broward-county/broward-county-4cop/","/sitemaps/sitemap-counties.xml","canonical is /counties/broward-county-4cop/"
"REMOVED","https://www.liquorlicenseagents.com/counties/broward-county/broward-county-6cop/","/sitemaps/sitemap-counties.xml","canonical is /counties/broward-county-6cop/"
"REMOVED","https://www.liquorlicenseagents.com/counties/broward-county/broward-county-liquor-licenses/","/sitemaps/sitemap-counties.xml","canonical is /counties/broward-county-liquor-licenses/"
"REMOVED","https://www.liquorlicenseagents.com/counties/butte-county/butte-county-liquor-licenses-for-restaurants-bars-and-retailers/","/sitemaps/sitemap-counties.xml","canonical is /counties/butte-county-liquor-licenses-for-restaurants-bars-and-retailers/"
"REMOVED","https://www.liquorlicenseagents.com/counties/calaveras-county/calaveras-county-liquor-licenses-for-restaurants-bars-and-retailers/","/sitemaps/sitemap-counties.xml","canonical is /counties/calaveras-county-liquor-licenses-for-restaurants-bars-and-retailers/"
"REMOVED","https://www.liquorlicenseagents.com/counties/cochise-county/cochise-county-liquor-licenses/","/sitemaps/sitemap-counties.xml","canonical is /counties/cochise-county-liquor-licenses/"
"REMOVED","https://www.liquorlicenseagents.com/counties/cochise-county/cochise-county-series-10/","/sitemaps/sitemap-counties.xml","canonical is /counties/cochise-county-series-10/"
"REMOVED","https://www.liquorlicenseagents.com/counties/cochise-county/cochise-county-series-11/","/sitemaps/sitemap-counties.xml","canonical is /counties/cochise-county-series-11/"
"REMOVED","https://www.liquorlicenseagents.com/counties/cochise-county/cochise-county-series-12/","/sitemaps/sitemap-counties.xml","canonical is /counties/cochise-county-series-12/"
"REMOVED","https://www.liquorlicenseagents.com/counties/cochise-county/cochise-county-series-14/","/sitemaps/sitemap-counties.xml","canonical is /counties/cochise-county-series-14/"
"REMOVED","https://www.liquorlicenseagents.com/counties/cochise-county/cochise-county-series-6/","/sitemaps/sitemap-counties.xml","canonical is /counties/cochise-county-series-6/"
"REMOVED","https://www.liquorlicenseagents.com/counties/cochise-county/cochise-county-series-7/","/sitemaps/sitemap-counties.xml","canonical is /counties/cochise-county-series-7/"
"REMOVED","https://www.liquorlicenseagents.com/counties/cochise-county/cochise-county-series-9/","/sitemaps/sitemap-counties.xml","canonical is /counties/cochise-county-series-9/"
"REMOVED","https://www.liquorlicenseagents.com/counties/coconino-county/coconino-county-liquor-licenses/","/sitemaps/sitemap-counties.xml","canonical is /counties/coconino-county-liquor-licenses/"
"REMOVED","https://www.liquorlicenseagents.com/counties/coconino-county/coconino-county-series-10/","/sitemaps/sitemap-counties.xml","canonical is /counties/coconino-county-series-10/"
"REMOVED","https://www.liquorlicenseagents.com/counties/coconino-county/coconino-county-series-11/","/sitemaps/sitemap-counties.xml","canonical is /counties/coconino-county-series-11/"
"REMOVED","https://www.liquorlicenseagents.com/counties/coconino-county/coconino-county-series-12/","/sitemaps/sitemap-counties.xml","canonical is /counties/coconino-county-series-12/"
"REMOVED","https://www.liquorlicenseagents.com/counties/coconino-county/coconino-county-series-14/","/sitemaps/sitemap-counties.xml","canonical is /counties/coconino-county-series-14/"
"REMOVED","https://www.liquorlicenseagents.com/counties/coconino-county/coconino-county-series-6/","/sitemaps/sitemap-counties.xml","canonical is /counties/coconino-county-series-6/"
"REMOVED","https://www.liquorlicenseagents.com/counties/coconino-county/coconino-county-series-7/","/sitemaps/sitemap-counties.xml","canonical is /counties/coconino-county-series-7/"
"REMOVED","https://www.liquorlicenseagents.com/counties/coconino-county/coconino-county-series-9/","/sitemaps/sitemap-counties.xml","canonical is /counties/coconino-county-series-9/"
"REMOVED","https://www.liquorlicenseagents.com/counties/colusa-county/colusa-county-liquor-licenses-for-restaurants-bars-and-retailers/","/sitemaps/sitemap-counties.xml","canonical is /counties/colusa-county-liquor-licenses-for-restaurants-bars-and-retailers/"
"REMOVED","https://www.liquorlicenseagents.com/counties/contra-costa-county/contra-costa-county-liquor-licenses/","/sitemaps/sitemap-counties.xml","canonical is /counties/contra-costa-county-liquor-licenses/"
"REMOVED","https://www.liquorlicenseagents.com/counties/contra-costa-county/contra-costa-county-type-20/","/sitemaps/sitemap-counties.xml","canonical is /counties/contra-costa-county-type-20/"
"REMOVED","https://www.liquorlicenseagents.com/counties/contra-costa-county/contra-costa-county-type-21/","/sitemaps/sitemap-counties.xml","canonical is /counties/contra-costa-county-type-21/"
"REMOVED","https://www.liquorlicenseagents.com/counties/contra-costa-county/contra-costa-county-type-41/","/sitemaps/sitemap-counties.xml","canonical is /counties/contra-costa-county-type-41/"
"REMOVED","https://www.liquorlicenseagents.com/counties/contra-costa-county/contra-costa-county-type-47/","/sitemaps/sitemap-counties.xml","canonical is /counties/contra-costa-county-type-47/"
"REMOVED","https://www.liquorlicenseagents.com/counties/contra-costa-county/contra-costa-county-type-48/","/sitemaps/sitemap-counties.xml","canonical is /counties/contra-costa-county-type-48/"
"REMOVED","https://www.liquorlicenseagents.com/counties/duval-county/duval-county-1cop/","/sitemaps/sitemap-counties.xml","canonical is /counties/duval-county-1cop/"
"REMOVED","https://www.liquorlicenseagents.com/counties/duval-county/duval-county-2cop/","/sitemaps/sitemap-counties.xml","canonical is /counties/duval-county-2cop/"
"REMOVED","https://www.liquorlicenseagents.com/counties/duval-county/duval-county-3ps/","/sitemaps/sitemap-counties.xml","canonical is /counties/duval-county-3ps/"
"REMOVED","https://www.liquorlicenseagents.com/counties/duval-county/duval-county-4cop-sfs/","/sitemaps/sitemap-counties.xml","canonical is /counties/duval-county-4cop-sfs/"
"REMOVED","https://www.liquorlicenseagents.com/counties/duval-county/duval-county-4cop/","/sitemaps/sitemap-counties.xml","canonical is /counties/duval-county-4cop/"
"REMOVED","https://www.liquorlicenseagents.com/counties/duval-county/duval-county-6cop/","/sitemaps/sitemap-counties.xml","canonical is /counties/duval-county-6cop/"
"REMOVED","https://www.liquorlicenseagents.com/counties/duval-county/duval-county-liquor-licenses/","/sitemaps/sitemap-counties.xml","canonical is /counties/duval-county-liquor-licenses/"
"REMOVED","https://www.liquorlicenseagents.com/counties/el-dorado-county/el-dorado-county-liquor-licenses-for-restaurants-bars-and-retailers/","/sitemaps/sitemap-counties.xml","canonical is /counties/el-dorado-county-liquor-licenses-for-restaurants-bars-and-retailers/"
"REMOVED","https://www.liquorlicenseagents.com/counties/florida-county/alachua-county-florida-liquor-licenses-for-restaurants-bars-and-retailers/","/sitemaps/sitemap-counties.xml","canonical is /counties/alachua-county-florida-liquor-licenses-for-restaurants-bars-and-retailers/"
"REMOVED","https://www.liquorlicenseagents.com/counties/florida-county/baker-county-florida-liquor-licenses-for-restaurants-bars-and-retailers/","/sitemaps/sitemap-counties.xml","canonical is /counties/baker-county-florida-liquor-licenses-for-restaurants-bars-and-retailers/"
"REMOVED","https://www.liquorlicenseagents.com/counties/florida-county/bay-county-florida-liquor-licenses-for-restaurants-bars-and-retailers/","/sitemaps/sitemap-counties.xml","canonical is /counties/bay-county-florida-liquor-licenses-for-restaurants-bars-and-retailers/"
"REMOVED","https://www.liquorlicenseagents.com/counties/florida-county/bradford-county-florida-liquor-licenses-for-restaurants-bars-and-retailers/","/sitemaps/sitemap-counties.xml","canonical is /counties/bradford-county-florida-liquor-licenses-for-restaurants-bars-and-retailers/"
"REMOVED","https://www.liquorlicenseagents.com/counties/florida-county/brevard-county-florida-liquor-licenses-for-restaurants-bars-and-retailers/","/sitemaps/sitemap-counties.xml","canonical is /counties/brevard-county-florida-liquor-licenses-for-restaurants-bars-and-retailers/"
"REMOVED","https://www.liquorlicenseagents.com/counties/florida-county/broward-county-florida-liquor-licenses-for-restaurants-bars-and-retailers/","/sitemaps/sitemap-counties.xml","canonical is /counties/broward-county-florida-liquor-licenses-for-restaurants-bars-and-retailers/"
"REMOVED","https://www.liquorlicenseagents.com/counties/florida-county/calhoun-county-florida-liquor-licenses-for-restaurants-bars-and-retailers/","/sitemaps/sitemap-counties.xml","canonical is /counties/calhoun-county-florida-liquor-licenses-for-restaurants-bars-and-retailers/"
"REMOVED","https://www.liquorlicenseagents.com/counties/florida-county/charlotte-county-florida-liquor-licenses-for-restaurants-bars-and-retailers/","/sitemaps/sitemap-counties.xml","canonical is /counties/charlotte-county-florida-liquor-licenses-for-restaurants-bars-and-retailers/"
"REMOVED","https://www.liquorlicenseagents.com/counties/florida-county/citrus-county-florida-liquor-licenses-for-restaurants-bars-and-retailers/","/sitemaps/sitemap-counties.xml","canonical is /counties/citrus-county-florida-liquor-licenses-for-restaurants-bars-and-retailers/"
"REMOVED","https://www.liquorlicenseagents.com/counties/florida-county/clay-county-florida-liquor-licenses-for-restaurants-bars-and-retailers/","/sitemaps/sitemap-counties.xml","canonical is /counties/clay-county-florida-liquor-licenses-for-restaurants-bars-and-retailers/"
"REMOVED","https://www.liquorlicenseagents.com/counties/florida-county/collier-county-florida-liquor-licenses-for-restaurants-bars-and-retailers/","/sitemaps/sitemap-counties.xml","canonical is /counties/collier-county-florida-liquor-licenses-for-restaurants-bars-and-retailers/"
"REMOVED","https://www.liquorlicenseagents.com/counties/florida-county/columbia-county-florida-liquor-licenses-for-restaurants-bars-and-retailers/","/sitemaps/sitemap-counties.xml","canonical is /counties/columbia-county-florida-liquor-licenses-for-restaurants-bars-and-retailers/"
"REMOVED","https://www.liquorlicenseagents.com/counties/florida-county/desoto-county-florida-liquor-licenses-for-restaurants-bars-and-retailers/","/sitemaps/sitemap-counties.xml","canonical is /counties/desoto-county-florida-liquor-licenses-for-restaurants-bars-and-retailers/"
"REMOVED","https://www.liquorlicenseagents.com/counties/florida-county/dixie-county-florida-liquor-licenses-for-restaurants-bars-and-retailers/","/sitemaps/sitemap-counties.xml","canonical is /counties/dixie-county-florida-liquor-licenses-for-restaurants-bars-and-retailers/"
"REMOVED","https://www.liquorlicenseagents.com/counties/florida-county/duval-county-florida-liquor-licenses-for-restaurants-bars-and-retailers/","/sitemaps/sitemap-counties.xml","canonical is /counties/duval-county-florida-liquor-licenses-for-restaurants-bars-and-retailers/"
"REMOVED","https://www.liquorlicenseagents.com/counties/florida-county/escambia-county-florida-liquor-licenses-for-restaurants-bars-and-retailers/","/sitemaps/sitemap-counties.xml","canonical is /counties/escambia-county-florida-liquor-licenses-for-restaurants-bars-and-retailers/"
"REMOVED","https://www.liquorlicenseagents.com/counties/florida-county/flagler-county-florida-liquor-licenses-for-restaurants-bars-and-retailers/","/sitemaps/sitemap-counties.xml","canonical is /counties/flagler-county-florida-liquor-licenses-for-restaurants-bars-and-retailers/"
"REMOVED","https://www.liquorlicenseagents.com/counties/florida-county/franklin-county-florida-liquor-licenses-for-restaurants-bars-and-retailers/","/sitemaps/sitemap-counties.xml","canonical is /counties/franklin-county-florida-liquor-licenses-for-restaurants-bars-and-retailers/"
"REMOVED","https://www.liquorlicenseagents.com/counties/florida-county/gadsden-county-florida-liquor-licenses-for-restaurants-bars-and-retailers/","/sitemaps/sitemap-counties.xml","canonical is /counties/gadsden-county-florida-liquor-licenses-for-restaurants-bars-and-retailers/"
"REMOVED","https://www.liquorlicenseagents.com/counties/florida-county/gilchrist-county-florida-liquor-licenses-for-restaurants-bars-and-retailers/","/sitemaps/sitemap-counties.xml","canonical is /counties/gilchrist-county-florida-liquor-licenses-for-restaurants-bars-and-retailers/"
"REMOVED","https://www.liquorlicenseagents.com/counties/florida-county/glades-county-florida-liquor-licenses-for-restaurants-bars-and-retailers/","/sitemaps/sitemap-counties.xml","canonical is /counties/glades-county-florida-liquor-licenses-for-restaurants-bars-and-retailers/"
"REMOVED","https://www.liquorlicenseagents.com/counties/florida-county/gulf-county-florida-liquor-licenses-for-restaurants-bars-and-retailers/","/sitemaps/sitemap-counties.xml","canonical is /counties/gulf-county-florida-liquor-licenses-for-restaurants-bars-and-retailers/"
"REMOVED","https://www.liquorlicenseagents.com/counties/florida-county/hamilton-county-florida-liquor-licenses-for-restaurants-bars-and-retailers/","/sitemaps/sitemap-counties.xml","canonical is /counties/hamilton-county-florida-liquor-licenses-for-restaurants-bars-and-retailers/"
"REMOVED","https://www.liquorlicenseagents.com/counties/florida-county/hardee-county-florida-liquor-licenses-for-restaurants-bars-and-retailers/","/sitemaps/sitemap-counties.xml","canonical is /counties/hardee-county-florida-liquor-licenses-for-restaurants-bars-and-retailers/"
"REMOVED","https://www.liquorlicenseagents.com/counties/florida-county/hendry-county-florida-liquor-licenses-for-restaurants-bars-and-retailers/","/sitemaps/sitemap-counties.xml","canonical is /counties/hendry-county-florida-liquor-licenses-for-restaurants-bars-and-retailers/"
"REMOVED","https://www.liquorlicenseagents.com/counties/florida-county/hernando-county-florida-liquor-licenses-for-restaurants-bars-and-retailers/","/sitemaps/sitemap-counties.xml","canonical is /counties/hernando-county-florida-liquor-licenses-for-restaurants-bars-and-retailers/"
"REMOVED","https://www.liquorlicenseagents.com/counties/florida-county/highlands-county-florida-liquor-licenses-for-restaurants-bars-and-retailers/","/sitemaps/sitemap-counties.xml","canonical is /counties/highlands-county-florida-liquor-licenses-for-restaurants-bars-and-retailers/"
"REMOVED","https://www.liquorlicenseagents.com/counties/florida-county/hillsborough-county-florida-liquor-licenses-for-restaurants-bars-and-retailers/","/sitemaps/sitemap-counties.xml","canonical is /counties/hillsborough-county-florida-liquor-licenses-for-restaurants-bars-and-retailers/"
"REMOVED","https://www.liquorlicenseagents.com/counties/florida-county/holmes-county-florida-liquor-licenses-for-restaurants-bars-and-retailers/","/sitemaps/sitemap-counties.xml","canonical is /counties/holmes-county-florida-liquor-licenses-for-restaurants-bars-and-retailers/"
"REMOVED","https://www.liquorlicenseagents.com/counties/florida-county/indian-river-county-florida-liquor-licenses-for-restaurants-bars-and-retailers/","/sitemaps/sitemap-counties.xml","canonical is /counties/indian-river-county-florida-liquor-licenses-for-restaurants-bars-and-retailers/"
"REMOVED","https://www.liquorlicenseagents.com/counties/florida-county/jackson-county-florida-liquor-licenses-for-restaurants-bars-and-retailers/","/sitemaps/sitemap-counties.xml","canonical is /counties/jackson-county-florida-liquor-licenses-for-restaurants-bars-and-retailers/"
"REMOVED","https://www.liquorlicenseagents.com/counties/florida-county/jefferson-county-florida-liquor-licenses-for-restaurants-bars-and-retailers/","/sitemaps/sitemap-counties.xml","canonical is /counties/jefferson-county-florida-liquor-licenses-for-restaurants-bars-and-retailers/"
"REMOVED","https://www.liquorlicenseagents.com/counties/florida-county/lafayette-county-florida-liquor-licenses-for-restaurants-bars-and-retailers/","/sitemaps/sitemap-counties.xml","canonical is /counties/lafayette-county-florida-liquor-licenses-for-restaurants-bars-and-retailers/"
"REMOVED","https://www.liquorlicenseagents.com/counties/florida-county/lake-county-florida-liquor-licenses-for-restaurants-bars-and-retailers/","/sitemaps/sitemap-counties.xml","canonical is /counties/lake-county-florida-liquor-licenses-for-restaurants-bars-and-retailers/"
"REMOVED","https://www.liquorlicenseagents.com/counties/florida-county/lee-county-florida-liquor-licenses-for-restaurants-bars-and-retailers/","/sitemaps/sitemap-counties.xml","canonical is /counties/lee-county-florida-liquor-licenses-for-restaurants-bars-and-retailers/"
"REMOVED","https://www.liquorlicenseagents.com/counties/florida-county/leon-county-florida-liquor-licenses-for-restaurants-bars-and-retailers/","/sitemaps/sitemap-counties.xml","canonical is /counties/leon-county-florida-liquor-licenses-for-restaurants-bars-and-retailers/"
"REMOVED","https://www.liquorlicenseagents.com/counties/florida-county/levy-county-florida-liquor-licenses-for-restaurants-bars-and-retailers/","/sitemaps/sitemap-counties.xml","canonical is /counties/levy-county-florida-liquor-licenses-for-restaurants-bars-and-retailers/"
"REMOVED","https://www.liquorlicenseagents.com/counties/florida-county/liberty-county-florida-liquor-licenses-for-restaurants-bars-and-retailers/","/sitemaps/sitemap-counties.xml","canonical is /counties/liberty-county-florida-liquor-licenses-for-restaurants-bars-and-retailers/"
"REMOVED","https://www.liquorlicenseagents.com/counties/florida-county/madison-county-florida-liquor-licenses-for-restaurants-bars-and-retailers/","/sitemaps/sitemap-counties.xml","canonical is /counties/madison-county-florida-liquor-licenses-for-restaurants-bars-and-retailers/"
"REMOVED","https://www.liquorlicenseagents.com/counties/florida-county/manatee-county-florida-liquor-licenses-for-restaurants-bars-and-retailers/","/sitemaps/sitemap-counties.xml","canonical is /counties/manatee-county-florida-liquor-licenses-for-restaurants-bars-and-retailers/"
"REMOVED","https://www.liquorlicenseagents.com/counties/florida-county/marion-county-florida-liquor-licenses-for-restaurants-bars-and-retailers/","/sitemaps/sitemap-counties.xml","canonical is /counties/marion-county-florida-liquor-licenses-for-restaurants-bars-and-retailers/"
"REMOVED","https://www.liquorlicenseagents.com/counties/florida-county/martin-county-florida-liquor-licenses-for-restaurants-bars-and-retailers/","/sitemaps/sitemap-counties.xml","canonical is /counties/martin-county-florida-liquor-licenses-for-restaurants-bars-and-retailers/"
"REMOVED","https://www.liquorlicenseagents.com/counties/florida-county/miami-dade-county-florida-liquor-licenses-for-restaurants-bars-and-retailers/","/sitemaps/sitemap-counties.xml","canonical is /counties/miami-dade-county-florida-liquor-licenses-for-restaurants-bars-and-retailers/"
"REMOVED","https://www.liquorlicenseagents.com/counties/florida-county/monroe-county-florida-liquor-licenses-for-restaurants-bars-and-retailers/","/sitemaps/sitemap-counties.xml","canonical is /counties/monroe-county-florida-liquor-licenses-for-restaurants-bars-and-retailers/"
"REMOVED","https://www.liquorlicenseagents.com/counties/florida-county/okaloosa-county-florida-liquor-licenses-for-restaurants-bars-and-retailers/","/sitemaps/sitemap-counties.xml","canonical is /counties/okaloosa-county-florida-liquor-licenses-for-restaurants-bars-and-retailers/"
"REMOVED","https://www.liquorlicenseagents.com/counties/florida-county/okeechobee-county-florida-liquor-licenses-for-restaurants-bars-and-retailers/","/sitemaps/sitemap-counties.xml","canonical is /counties/okeechobee-county-florida-liquor-licenses-for-restaurants-bars-and-retailers/"
"REMOVED","https://www.liquorlicenseagents.com/counties/florida-county/orange-county-florida-liquor-licenses-for-restaurants-bars-and-retailers/","/sitemaps/sitemap-counties.xml","canonical is /counties/orange-county-florida-liquor-licenses-for-restaurants-bars-and-retailers/"
"REMOVED","https://www.liquorlicenseagents.com/counties/florida-county/osceola-county-florida-liquor-licenses-for-restaurants-bars-and-retailers/","/sitemaps/sitemap-counties.xml","canonical is /counties/osceola-county-florida-liquor-licenses-for-restaurants-bars-and-retailers/"
"REMOVED","https://www.liquorlicenseagents.com/counties/florida-county/palm-beach-county-florida-liquor-licenses-for-restaurants-bars-and-retailers/","/sitemaps/sitemap-counties.xml","canonical is /counties/palm-beach-county-florida-liquor-licenses-for-restaurants-bars-and-retailers/"
"REMOVED","https://www.liquorlicenseagents.com/counties/florida-county/pasco-county-florida-liquor-licenses-for-restaurants-bars-and-retailers/","/sitemaps/sitemap-counties.xml","canonical is /counties/pasco-county-florida-liquor-licenses-for-restaurants-bars-and-retailers/"
"REMOVED","https://www.liquorlicenseagents.com/counties/florida-county/pinellas-county-florida-liquor-licenses-for-restaurants-bars-and-retailers/","/sitemaps/sitemap-counties.xml","canonical is /counties/pinellas-county-florida-liquor-licenses-for-restaurants-bars-and-retailers/"
"REMOVED","https://www.liquorlicenseagents.com/counties/florida-county/polk-county-florida-liquor-licenses-for-restaurants-bars-and-retailers/","/sitemaps/sitemap-counties.xml","canonical is /counties/polk-county-florida-liquor-licenses-for-restaurants-bars-and-retailers/"
"REMOVED","https://www.liquorlicenseagents.com/counties/florida-county/putnam-county-florida-liquor-licenses-for-restaurants-bars-and-retailers/","/sitemaps/sitemap-counties.xml","canonical is /counties/putnam-county-florida-liquor-licenses-for-restaurants-bars-and-retailers/"
"REMOVED","https://www.liquorlicenseagents.com/counties/florida-county/santa-rosa-county-florida-liquor-licenses-for-restaurants-bars-and-retailers/","/sitemaps/sitemap-counties.xml","canonical is /counties/santa-rosa-county-florida-liquor-licenses-for-restaurants-bars-and-retailers/"
"REMOVED","https://www.liquorlicenseagents.com/counties/florida-county/seminole-county-florida-liquor-licenses-for-restaurants-bars-and-retailers/","/sitemaps/sitemap-counties.xml","canonical is /counties/seminole-county-florida-liquor-licenses-for-restaurants-bars-and-retailers/"
"REMOVED","https://www.liquorlicenseagents.com/counties/florida-county/st-johns-county-florida-liquor-licenses-for-restaurants-bars-and-retailers/","/sitemaps/sitemap-counties.xml","canonical is /counties/st-johns-county-florida-liquor-licenses-for-restaurants-bars-and-retailers/"
"REMOVED","https://www.liquorlicenseagents.com/counties/florida-county/st-lucie-county-florida-liquor-licenses-for-restaurants-bars-and-retailers/","/sitemaps/sitemap-counties.xml","canonical is /counties/st-lucie-county-florida-liquor-licenses-for-restaurants-bars-and-retailers/"
"REMOVED","https://www.liquorlicenseagents.com/counties/florida-county/sumter-county-florida-liquor-licenses-for-restaurants-bars-and-retailers/","/sitemaps/sitemap-counties.xml","canonical is /counties/sumter-county-florida-liquor-licenses-for-restaurants-bars-and-retailers/"
"REMOVED","https://www.liquorlicenseagents.com/counties/florida-county/suwannee-county-florida-liquor-licenses-for-restaurants-bars-and-retailers/","/sitemaps/sitemap-counties.xml","canonical is /counties/suwannee-county-florida-liquor-licenses-for-restaurants-bars-and-retailers/"
"REMOVED","https://www.liquorlicenseagents.com/counties/florida-county/taylor-county-florida-liquor-licenses-for-restaurants-bars-and-retailers/","/sitemaps/sitemap-counties.xml","canonical is /counties/taylor-county-florida-liquor-licenses-for-restaurants-bars-and-retailers/"
"REMOVED","https://www.liquorlicenseagents.com/counties/florida-county/union-county-florida-liquor-licenses-for-restaurants-bars-and-retailers/","/sitemaps/sitemap-counties.xml","canonical is /counties/union-county-florida-liquor-licenses-for-restaurants-bars-and-retailers/"
"REMOVED","https://www.liquorlicenseagents.com/counties/florida-county/volusia-county-florida-liquor-licenses-for-restaurants-bars-and-retailers/","/sitemaps/sitemap-counties.xml","canonical is /counties/volusia-county-florida-liquor-licenses-for-restaurants-bars-and-retailers/"
"REMOVED","https://www.liquorlicenseagents.com/counties/florida-county/wakulla-county-florida-liquor-licenses-for-restaurants-bars-and-retailers/","/sitemaps/sitemap-counties.xml","canonical is /counties/wakulla-county-florida-liquor-licenses-for-restaurants-bars-and-retailers/"
"REMOVED","https://www.liquorlicenseagents.com/counties/florida-county/walton-county-florida-liquor-licenses-for-restaurants-bars-and-retailers-1/","/sitemaps/sitemap-counties.xml","canonical is /counties/walton-county-florida-liquor-licenses-for-restaurants-bars-and-retailers-1/"
"REMOVED","https://www.liquorlicenseagents.com/counties/florida-county/walton-county-florida-liquor-licenses-for-restaurants-bars-and-retailers/","/sitemaps/sitemap-counties.xml","canonical is /counties/walton-county-florida-liquor-licenses-for-restaurants-bars-and-retailers/"
"REMOVED","https://www.liquorlicenseagents.com/counties/fresno-county/fresno-county-liquor-licenses/","/sitemaps/sitemap-counties.xml","canonical is /counties/fresno-county-liquor-licenses/"
"REMOVED","https://www.liquorlicenseagents.com/counties/fresno-county/fresno-county-type-21/","/sitemaps/sitemap-counties.xml","canonical is /counties/fresno-county-type-21/"
"REMOVED","https://www.liquorlicenseagents.com/counties/fresno-county/fresno-county-type-41/","/sitemaps/sitemap-counties.xml","canonical is /counties/fresno-county-type-41/"
"REMOVED","https://www.liquorlicenseagents.com/counties/fresno-county/fresno-county-type-47/","/sitemaps/sitemap-counties.xml","canonical is /counties/fresno-county-type-47/"
"REMOVED","https://www.liquorlicenseagents.com/counties/fresno-county/fresno-county-type-48/","/sitemaps/sitemap-counties.xml","canonical is /counties/fresno-county-type-48/"
"REMOVED","https://www.liquorlicenseagents.com/counties/hillsborough-county/hillsborough-county-1cop/","/sitemaps/sitemap-counties.xml","canonical is /counties/hillsborough-county-1cop/"
"REMOVED","https://www.liquorlicenseagents.com/counties/hillsborough-county/hillsborough-county-2cop/","/sitemaps/sitemap-counties.xml","canonical is /counties/hillsborough-county-2cop/"
"REMOVED","https://www.liquorlicenseagents.com/counties/hillsborough-county/hillsborough-county-3ps/","/sitemaps/sitemap-counties.xml","canonical is /counties/hillsborough-county-3ps/"
"REMOVED","https://www.liquorlicenseagents.com/counties/hillsborough-county/hillsborough-county-4cop-sfs/","/sitemaps/sitemap-counties.xml","canonical is /counties/hillsborough-county-4cop-sfs/"
"REMOVED","https://www.liquorlicenseagents.com/counties/hillsborough-county/hillsborough-county-4cop/","/sitemaps/sitemap-counties.xml","canonical is /counties/hillsborough-county-4cop/"
"REMOVED","https://www.liquorlicenseagents.com/counties/hillsborough-county/hillsborough-county-6cop/","/sitemaps/sitemap-counties.xml","canonical is /counties/hillsborough-county-6cop/"
"REMOVED","https://www.liquorlicenseagents.com/counties/hillsborough-county/hillsborough-county-liquor-licenses/","/sitemaps/sitemap-counties.xml","canonical is /counties/hillsborough-county-liquor-licenses/"
"REMOVED","https://www.liquorlicenseagents.com/counties/humboldt-county/humboldt-county-liquor-licenses-for-restaurants-bars-and-retailers/","/sitemaps/sitemap-counties.xml","canonical is /counties/humboldt-county-liquor-licenses-for-restaurants-bars-and-retailers/"
"REMOVED","https://www.liquorlicenseagents.com/counties/imperial-county/imperial-county-liquor-licenses-for-restaurants-bars-and-retailers/","/sitemaps/sitemap-counties.xml","canonical is /counties/imperial-county-liquor-licenses-for-restaurants-bars-and-retailers/"
"REMOVED","https://www.liquorlicenseagents.com/counties/kern-county/kern-county-liquor-licenses-for-restaurants-bars-and-retailers/","/sitemaps/sitemap-counties.xml","canonical is /counties/kern-county-liquor-licenses-for-restaurants-bars-and-retailers/"
"REMOVED","https://www.liquorlicenseagents.com/counties/kern-county/kern-county-liquor-licenses/","/sitemaps/sitemap-counties.xml","canonical is /counties/kern-county-liquor-licenses/"
"REMOVED","https://www.liquorlicenseagents.com/counties/kern-county/kern-county-type-21/","/sitemaps/sitemap-counties.xml","canonical is /counties/kern-county-type-21/"
"REMOVED","https://www.liquorlicenseagents.com/counties/kern-county/kern-county-type-41/","/sitemaps/sitemap-counties.xml","canonical is /counties/kern-county-type-41/"
"REMOVED","https://www.liquorlicenseagents.com/counties/kern-county/kern-county-type-47/","/sitemaps/sitemap-counties.xml","canonical is /counties/kern-county-type-47/"
"REMOVED","https://www.liquorlicenseagents.com/counties/kern-county/kern-county-type-48/","/sitemaps/sitemap-counties.xml","canonical is /counties/kern-county-type-48/"
"REMOVED","https://www.liquorlicenseagents.com/counties/kings-county/kings-county-liquor-licenses-for-restaurants-bars-and-retailers/","/sitemaps/sitemap-counties.xml","canonical is /counties/kings-county-liquor-licenses-for-restaurants-bars-and-retailers/"
"REMOVED","https://www.liquorlicenseagents.com/counties/lake-county/lake-county-liquor-licenses-for-restaurants-bars-and-retailers/","/sitemaps/sitemap-counties.xml","canonical is /counties/lake-county-liquor-licenses-for-restaurants-bars-and-retailers/"
"REMOVED","https://www.liquorlicenseagents.com/counties/lassen-county/lassen-county-liquor-licenses-for-restaurants-bars-and-retailers/","/sitemaps/sitemap-counties.xml","canonical is /counties/lassen-county-liquor-licenses-for-restaurants-bars-and-retailers/"
"REMOVED","https://www.liquorlicenseagents.com/counties/lee-county/lee-county-1cop/","/sitemaps/sitemap-counties.xml","canonical is /counties/lee-county-1cop/"
"REMOVED","https://www.liquorlicenseagents.com/counties/lee-county/lee-county-2cop/","/sitemaps/sitemap-counties.xml","canonical is /counties/lee-county-2cop/"
"REMOVED","https://www.liquorlicenseagents.com/counties/lee-county/lee-county-3ps/","/sitemaps/sitemap-counties.xml","canonical is /counties/lee-county-3ps/"
"REMOVED","https://www.liquorlicenseagents.com/counties/lee-county/lee-county-4cop-sfs/","/sitemaps/sitemap-counties.xml","canonical is /counties/lee-county-4cop-sfs/"
"REMOVED","https://www.liquorlicenseagents.com/counties/lee-county/lee-county-4cop/","/sitemaps/sitemap-counties.xml","canonical is /counties/lee-county-4cop/"
"REMOVED","https://www.liquorlicenseagents.com/counties/lee-county/lee-county-6cop/","/sitemaps/sitemap-counties.xml","canonical is /counties/lee-county-6cop/"
"REMOVED","https://www.liquorlicenseagents.com/counties/lee-county/lee-county-liquor-licenses/","/sitemaps/sitemap-counties.xml","canonical is /counties/lee-county-liquor-licenses/"
"REMOVED","https://www.liquorlicenseagents.com/counties/los-angeles-county/los-angeles-county-liquor-licenses/","/sitemaps/sitemap-counties.xml","canonical is /counties/los-angeles-county-liquor-licenses/"
"REMOVED","https://www.liquorlicenseagents.com/counties/los-angeles-county/los-angeles-county-type-20/","/sitemaps/sitemap-counties.xml","canonical is /counties/los-angeles-county-type-20/"
"REMOVED","https://www.liquorlicenseagents.com/counties/los-angeles-county/los-angeles-county-type-21/","/sitemaps/sitemap-counties.xml","canonical is /counties/los-angeles-county-type-21/"
"REMOVED","https://www.liquorlicenseagents.com/counties/los-angeles-county/los-angeles-county-type-41/","/sitemaps/sitemap-counties.xml","canonical is /counties/los-angeles-county-type-41/"
"REMOVED","https://www.liquorlicenseagents.com/counties/los-angeles-county/los-angeles-county-type-47/","/sitemaps/sitemap-counties.xml","canonical is /counties/los-angeles-county-type-47/"
"REMOVED","https://www.liquorlicenseagents.com/counties/los-angeles-county/los-angeles-county-type-48/","/sitemaps/sitemap-counties.xml","canonical is /counties/los-angeles-county-type-48/"
"REMOVED","https://www.liquorlicenseagents.com/counties/los-angeles-county/san-francisco-county-type-47/","/sitemaps/sitemap-counties.xml","canonical is /counties/san-francisco-county-type-47/"
"REMOVED","https://www.liquorlicenseagents.com/counties/madera-county/madera-county-liquor-licenses-for-restaurants-bars-and-retailers/","/sitemaps/sitemap-counties.xml","canonical is /counties/madera-county-liquor-licenses-for-restaurants-bars-and-retailers/"
"REMOVED","https://www.liquorlicenseagents.com/counties/maricopa-county/maricopa-county-liquor-ilcenses/","/sitemaps/sitemap-counties.xml","canonical is /counties/maricopa-county-liquor-ilcenses/"
"REMOVED","https://www.liquorlicenseagents.com/counties/maricopa-county/maricopa-county-series-10/","/sitemaps/sitemap-counties.xml","canonical is /counties/maricopa-county-series-10/"
"REMOVED","https://www.liquorlicenseagents.com/counties/maricopa-county/maricopa-county-series-11/","/sitemaps/sitemap-counties.xml","canonical is /counties/maricopa-county-series-11/"
"REMOVED","https://www.liquorlicenseagents.com/counties/maricopa-county/maricopa-county-series-12/","/sitemaps/sitemap-counties.xml","canonical is /counties/maricopa-county-series-12/"
"REMOVED","https://www.liquorlicenseagents.com/counties/maricopa-county/maricopa-county-series-14/","/sitemaps/sitemap-counties.xml","canonical is /counties/maricopa-county-series-14/"
"REMOVED","https://www.liquorlicenseagents.com/counties/maricopa-county/maricopa-county-series-6/","/sitemaps/sitemap-counties.xml","canonical is /counties/maricopa-county-series-6/"
"REMOVED","https://www.liquorlicenseagents.com/counties/maricopa-county/maricopa-county-series-7/","/sitemaps/sitemap-counties.xml","canonical is /counties/maricopa-county-series-7/"
"REMOVED","https://www.liquorlicenseagents.com/counties/maricopa-county/maricopa-county-series-9/","/sitemaps/sitemap-counties.xml","canonical is /counties/maricopa-county-series-9/"
"REMOVED","https://www.liquorlicenseagents.com/counties/marin-county/marin-county-liquor-licenses-for-restaurants-bars-and-retailers/","/sitemaps/sitemap-counties.xml","canonical is /counties/marin-county-liquor-licenses-for-restaurants-bars-and-retailers/"
"REMOVED","https://www.liquorlicenseagents.com/counties/mendocino-county/mendocino-county-liquor-licenses-for-restaurants-bars-and-retailers/","/sitemaps/sitemap-counties.xml","canonical is /counties/mendocino-county-liquor-licenses-for-restaurants-bars-and-retailers/"
"REMOVED","https://www.liquorlicenseagents.com/counties/merced-county/merced-county-liquor-licenses-for-restaurants-bars-and-retailers/","/sitemaps/sitemap-counties.xml","canonical is /counties/merced-county-liquor-licenses-for-restaurants-bars-and-retailers/"
"REMOVED","https://www.liquorlicenseagents.com/counties/miami-dade-county/miami-dade-county-1cop/","/sitemaps/sitemap-counties.xml","canonical is /counties/miami-dade-county-1cop/"
"REMOVED","https://www.liquorlicenseagents.com/counties/miami-dade-county/miami-dade-county-2cop/","/sitemaps/sitemap-counties.xml","canonical is /counties/miami-dade-county-2cop/"
"REMOVED","https://www.liquorlicenseagents.com/counties/miami-dade-county/miami-dade-county-3ps/","/sitemaps/sitemap-counties.xml","canonical is /counties/miami-dade-county-3ps/"
"REMOVED","https://www.liquorlicenseagents.com/counties/miami-dade-county/miami-dade-county-4cop-sfs/","/sitemaps/sitemap-counties.xml","canonical is /counties/miami-dade-county-4cop-sfs/"
"REMOVED","https://www.liquorlicenseagents.com/counties/miami-dade-county/miami-dade-county-4cop/","/sitemaps/sitemap-counties.xml","canonical is /counties/miami-dade-county-4cop/"
"REMOVED","https://www.liquorlicenseagents.com/counties/miami-dade-county/miami-dade-county-6cop/","/sitemaps/sitemap-counties.xml","canonical is /counties/miami-dade-county-6cop/"
"REMOVED","https://www.liquorlicenseagents.com/counties/miami-dade-county/miami-dade-county-liquor-licenses/","/sitemaps/sitemap-counties.xml","canonical is /counties/miami-dade-county-liquor-licenses/"
"REMOVED","https://www.liquorlicenseagents.com/counties/modoc-county/modoc-county-liquor-licenses-for-restaurants-bars-and-retailers/","/sitemaps/sitemap-counties.xml","canonical is /counties/modoc-county-liquor-licenses-for-restaurants-bars-and-retailers/"
"REMOVED","https://www.liquorlicenseagents.com/counties/mohave-county/mohave-county-liquor-licenses/","/sitemaps/sitemap-counties.xml","canonical is /counties/mohave-county-liquor-licenses/"
"REMOVED","https://www.liquorlicenseagents.com/counties/mohave-county/mohave-county-series-10/","/sitemaps/sitemap-counties.xml","canonical is /counties/mohave-county-series-10/"
"REMOVED","https://www.liquorlicenseagents.com/counties/mohave-county/mohave-county-series-11/","/sitemaps/sitemap-counties.xml","canonical is /counties/mohave-county-series-11/"
"REMOVED","https://www.liquorlicenseagents.com/counties/mohave-county/mohave-county-series-12/","/sitemaps/sitemap-counties.xml","canonical is /counties/mohave-county-series-12/"
"REMOVED","https://www.liquorlicenseagents.com/counties/mohave-county/mohave-county-series-14/","/sitemaps/sitemap-counties.xml","canonical is /counties/mohave-county-series-14/"
"REMOVED","https://www.liquorlicenseagents.com/counties/mohave-county/mohave-county-series-6/","/sitemaps/sitemap-counties.xml","canonical is /counties/mohave-county-series-6/"
"REMOVED","https://www.liquorlicenseagents.com/counties/mohave-county/mohave-county-series-7/","/sitemaps/sitemap-counties.xml","canonical is /counties/mohave-county-series-7/"
"REMOVED","https://www.liquorlicenseagents.com/counties/mohave-county/mohave-county-series-9-1/","/sitemaps/sitemap-counties.xml","canonical is /counties/mohave-county-series-9-1/"
"REMOVED","https://www.liquorlicenseagents.com/counties/mohave-county/mohave-county-series-9/","/sitemaps/sitemap-counties.xml","canonical is /counties/mohave-county-series-9/"
"REMOVED","https://www.liquorlicenseagents.com/counties/mono-county/mono-county-liquor-licenses-for-restaurants-bars-and-retailers/","/sitemaps/sitemap-counties.xml","canonical is /counties/mono-county-liquor-licenses-for-restaurants-bars-and-retailers/"
"REMOVED","https://www.liquorlicenseagents.com/counties/monterey-county/monterey-county-liquor-licenses-for-restaurants-bars-and-retailers/","/sitemaps/sitemap-counties.xml","canonical is /counties/monterey-county-liquor-licenses-for-restaurants-bars-and-retailers/"
"REMOVED","https://www.liquorlicenseagents.com/counties/napa-county/napa-county-liquor-licenses-for-restaurants-bars-and-retailers/","/sitemaps/sitemap-counties.xml","canonical is /counties/napa-county-liquor-licenses-for-restaurants-bars-and-retailers/"
"REMOVED","https://www.liquorlicenseagents.com/counties/navajo-county/navajo-county-liquor-licenses/","/sitemaps/sitemap-counties.xml","canonical is /counties/navajo-county-liquor-licenses/"
"REMOVED","https://www.liquorlicenseagents.com/counties/navajo-county/navajo-county-series-10/","/sitemaps/sitemap-counties.xml","canonical is /counties/navajo-county-series-10/"
"REMOVED","https://www.liquorlicenseagents.com/counties/navajo-county/navajo-county-series-11/","/sitemaps/sitemap-counties.xml","canonical is /counties/navajo-county-series-11/"
"REMOVED","https://www.liquorlicenseagents.com/counties/navajo-county/navajo-county-series-12/","/sitemaps/sitemap-counties.xml","canonical is /counties/navajo-county-series-12/"
"REMOVED","https://www.liquorlicenseagents.com/counties/navajo-county/navajo-county-series-14/","/sitemaps/sitemap-counties.xml","canonical is /counties/navajo-county-series-14/"
"REMOVED","https://www.liquorlicenseagents.com/counties/navajo-county/navajo-county-series-6/","/sitemaps/sitemap-counties.xml","canonical is /counties/navajo-county-series-6/"
"REMOVED","https://www.liquorlicenseagents.com/counties/navajo-county/navajo-county-series-7/","/sitemaps/sitemap-counties.xml","canonical is /counties/navajo-county-series-7/"
"REMOVED","https://www.liquorlicenseagents.com/counties/navajo-county/navajo-county-series-9/","/sitemaps/sitemap-counties.xml","canonical is /counties/navajo-county-series-9/"
"REMOVED","https://www.liquorlicenseagents.com/counties/nevada-county/nevada-county-liquor-licenses-for-restaurants-bars-and-retailers/","/sitemaps/sitemap-counties.xml","canonical is /counties/nevada-county-liquor-licenses-for-restaurants-bars-and-retailers/"
"REMOVED","https://www.liquorlicenseagents.com/counties/orange-county/orange-county-1cop/","/sitemaps/sitemap-counties.xml","canonical is /counties/orange-county-1cop/"
"REMOVED","https://www.liquorlicenseagents.com/counties/orange-county/orange-county-2cop/","/sitemaps/sitemap-counties.xml","canonical is /counties/orange-county-2cop/"
"REMOVED","https://www.liquorlicenseagents.com/counties/orange-county/orange-county-3ps/","/sitemaps/sitemap-counties.xml","canonical is /counties/orange-county-3ps/"
"REMOVED","https://www.liquorlicenseagents.com/counties/orange-county/orange-county-4cop-sfs/","/sitemaps/sitemap-counties.xml","canonical is /counties/orange-county-4cop-sfs/"
"REMOVED","https://www.liquorlicenseagents.com/counties/orange-county/orange-county-4cop/","/sitemaps/sitemap-counties.xml","canonical is /counties/orange-county-4cop/"
"REMOVED","https://www.liquorlicenseagents.com/counties/orange-county/orange-county-6cop/","/sitemaps/sitemap-counties.xml","canonical is /counties/orange-county-6cop/"
"REMOVED","https://www.liquorlicenseagents.com/counties/orange-county/orange-county-liquor-licenses-1/","/sitemaps/sitemap-counties.xml","canonical is /counties/orange-county-liquor-licenses-1/"
"REMOVED","https://www.liquorlicenseagents.com/counties/orange-county/orange-county-liquor-licenses/","/sitemaps/sitemap-counties.xml","canonical is /counties/orange-county-liquor-licenses/"
"REMOVED","https://www.liquorlicenseagents.com/counties/orange-county/orange-county-type-20-license/","/sitemaps/sitemap-counties.xml","canonical is /counties/orange-county-type-20-license/"
"REMOVED","https://www.liquorlicenseagents.com/counties/orange-county/orange-county-type-20/","/sitemaps/sitemap-counties.xml","canonical is /counties/orange-county-type-20/"
"REMOVED","https://www.liquorlicenseagents.com/counties/orange-county/orange-county-type-21-license/","/sitemaps/sitemap-counties.xml","canonical is /counties/orange-county-type-21-license/"
"REMOVED","https://www.liquorlicenseagents.com/counties/orange-county/orange-county-type-21/","/sitemaps/sitemap-counties.xml","canonical is /counties/orange-county-type-21/"
"REMOVED","https://www.liquorlicenseagents.com/counties/orange-county/orange-county-type-41-license/","/sitemaps/sitemap-counties.xml","canonical is /counties/orange-county-type-41-license/"
"REMOVED","https://www.liquorlicenseagents.com/counties/orange-county/orange-county-type-41/","/sitemaps/sitemap-counties.xml","canonical is /counties/orange-county-type-41/"
"REMOVED","https://www.liquorlicenseagents.com/counties/orange-county/orange-county-type-47-license/","/sitemaps/sitemap-counties.xml","canonical is /counties/orange-county-type-47-license/"
"REMOVED","https://www.liquorlicenseagents.com/counties/orange-county/orange-county-type-47/","/sitemaps/sitemap-counties.xml","canonical is /counties/orange-county-type-47/"
"REMOVED","https://www.liquorlicenseagents.com/counties/orange-county/orange-county-type-48-license/","/sitemaps/sitemap-counties.xml","canonical is /counties/orange-county-type-48-license/"
"REMOVED","https://www.liquorlicenseagents.com/counties/orange-county/orange-county-type-48/","/sitemaps/sitemap-counties.xml","canonical is /counties/orange-county-type-48/"
"REMOVED","https://www.liquorlicenseagents.com/counties/palm-beach-county/palm-beach-county-1cop/","/sitemaps/sitemap-counties.xml","canonical is /counties/palm-beach-county-1cop/"
"REMOVED","https://www.liquorlicenseagents.com/counties/palm-beach-county/palm-beach-county-2cop/","/sitemaps/sitemap-counties.xml","canonical is /counties/palm-beach-county-2cop/"
"REMOVED","https://www.liquorlicenseagents.com/counties/palm-beach-county/palm-beach-county-3ps/","/sitemaps/sitemap-counties.xml","canonical is /counties/palm-beach-county-3ps/"
"REMOVED","https://www.liquorlicenseagents.com/counties/palm-beach-county/palm-beach-county-4cop-sfs/","/sitemaps/sitemap-counties.xml","canonical is /counties/palm-beach-county-4cop-sfs/"
"REMOVED","https://www.liquorlicenseagents.com/counties/palm-beach-county/palm-beach-county-4cop/","/sitemaps/sitemap-counties.xml","canonical is /counties/palm-beach-county-4cop/"
"REMOVED","https://www.liquorlicenseagents.com/counties/palm-beach-county/palm-beach-county-6cop/","/sitemaps/sitemap-counties.xml","canonical is /counties/palm-beach-county-6cop/"
"REMOVED","https://www.liquorlicenseagents.com/counties/palm-beach-county/palm-beach-county-liquor-licenses/","/sitemaps/sitemap-counties.xml","canonical is /counties/palm-beach-county-liquor-licenses/"
"REMOVED","https://www.liquorlicenseagents.com/counties/pima-county/pima-county-liquor-licenses/","/sitemaps/sitemap-counties.xml","canonical is /counties/pima-county-liquor-licenses/"
"REMOVED","https://www.liquorlicenseagents.com/counties/pima-county/pima-county-series-10/","/sitemaps/sitemap-counties.xml","canonical is /counties/pima-county-series-10/"
"REMOVED","https://www.liquorlicenseagents.com/counties/pima-county/pima-county-series-11/","/sitemaps/sitemap-counties.xml","canonical is /counties/pima-county-series-11/"
"REMOVED","https://www.liquorlicenseagents.com/counties/pima-county/pima-county-series-12/","/sitemaps/sitemap-counties.xml","canonical is /counties/pima-county-series-12/"
"REMOVED","https://www.liquorlicenseagents.com/counties/pima-county/pima-county-series-14/","/sitemaps/sitemap-counties.xml","canonical is /counties/pima-county-series-14/"
"REMOVED","https://www.liquorlicenseagents.com/counties/pima-county/pima-county-series-6/","/sitemaps/sitemap-counties.xml","canonical is /counties/pima-county-series-6/"
"REMOVED","https://www.liquorlicenseagents.com/counties/pima-county/pima-county-series-7/","/sitemaps/sitemap-counties.xml","canonical is /counties/pima-county-series-7/"
"REMOVED","https://www.liquorlicenseagents.com/counties/pima-county/pima-county-series-9/","/sitemaps/sitemap-counties.xml","canonical is /counties/pima-county-series-9/"
"REMOVED","https://www.liquorlicenseagents.com/counties/pinal-county/pinal-county-liquor-licenses/","/sitemaps/sitemap-counties.xml","canonical is /counties/pinal-county-liquor-licenses/"
"REMOVED","https://www.liquorlicenseagents.com/counties/pinal-county/pinal-county-series-10/","/sitemaps/sitemap-counties.xml","canonical is /counties/pinal-county-series-10/"
"REMOVED","https://www.liquorlicenseagents.com/counties/pinal-county/pinal-county-series-11/","/sitemaps/sitemap-counties.xml","canonical is /counties/pinal-county-series-11/"
"REMOVED","https://www.liquorlicenseagents.com/counties/pinal-county/pinal-county-series-12/","/sitemaps/sitemap-counties.xml","canonical is /counties/pinal-county-series-12/"
"REMOVED","https://www.liquorlicenseagents.com/counties/pinal-county/pinal-county-series-14/","/sitemaps/sitemap-counties.xml","canonical is /counties/pinal-county-series-14/"
"REMOVED","https://www.liquorlicenseagents.com/counties/pinal-county/pinal-county-series-6/","/sitemaps/sitemap-counties.xml","canonical is /counties/pinal-county-series-6/"
"REMOVED","https://www.liquorlicenseagents.com/counties/pinal-county/pinal-county-series-7/","/sitemaps/sitemap-counties.xml","canonical is /counties/pinal-county-series-7/"
"REMOVED","https://www.liquorlicenseagents.com/counties/pinal-county/pinal-county-series-9/","/sitemaps/sitemap-counties.xml","canonical is /counties/pinal-county-series-9/"
"REMOVED","https://www.liquorlicenseagents.com/counties/pinellas-county/liquor-license-agents-supports-2cop/","/sitemaps/sitemap-counties.xml","canonical is /counties/liquor-license-agents-supports-2cop/"
"REMOVED","https://www.liquorlicenseagents.com/counties/pinellas-county/pinellas-county-1cop/","/sitemaps/sitemap-counties.xml","canonical is /counties/pinellas-county-1cop/"
"REMOVED","https://www.liquorlicenseagents.com/counties/pinellas-county/pinellas-county-3ps/","/sitemaps/sitemap-counties.xml","canonical is /counties/pinellas-county-3ps/"
"REMOVED","https://www.liquorlicenseagents.com/counties/pinellas-county/pinellas-county-4cop-sfs/","/sitemaps/sitemap-counties.xml","canonical is /counties/pinellas-county-4cop-sfs/"
"REMOVED","https://www.liquorlicenseagents.com/counties/pinellas-county/pinellas-county-4cop/","/sitemaps/sitemap-counties.xml","canonical is /counties/pinellas-county-4cop/"
"REMOVED","https://www.liquorlicenseagents.com/counties/pinellas-county/pinellas-county-6cop/","/sitemaps/sitemap-counties.xml","canonical is /counties/pinellas-county-6cop/"
"REMOVED","https://www.liquorlicenseagents.com/counties/pinellas-county/pinellas-county-liquor-licenses/","/sitemaps/sitemap-counties.xml","canonical is /counties/pinellas-county-liquor-licenses/"
"REMOVED","https://www.liquorlicenseagents.com/counties/polk-county/polk-county-1cop/","/sitemaps/sitemap-counties.xml","canonical is /counties/polk-county-1cop/"
"REMOVED","https://www.liquorlicenseagents.com/counties/polk-county/polk-county-2cop/","/sitemaps/sitemap-counties.xml","canonical is /counties/polk-county-2cop/"
"REMOVED","https://www.liquorlicenseagents.com/counties/polk-county/polk-county-3ps/","/sitemaps/sitemap-counties.xml","canonical is /counties/polk-county-3ps/"
"REMOVED","https://www.liquorlicenseagents.com/counties/polk-county/polk-county-4cop-sfs/","/sitemaps/sitemap-counties.xml","canonical is /counties/polk-county-4cop-sfs/"
"REMOVED","https://www.liquorlicenseagents.com/counties/polk-county/polk-county-4cop/","/sitemaps/sitemap-counties.xml","canonical is /counties/polk-county-4cop/"
"REMOVED","https://www.liquorlicenseagents.com/counties/polk-county/polk-county-6cop/","/sitemaps/sitemap-counties.xml","canonical is /counties/polk-county-6cop/"
"REMOVED","https://www.liquorlicenseagents.com/counties/polk-county/polk-county-liquor-licenses/","/sitemaps/sitemap-counties.xml","canonical is /counties/polk-county-liquor-licenses/"
"REMOVED","https://www.liquorlicenseagents.com/counties/riverside-county/riverside-county-liquor-licenses-for-restaurants-bars-and-retailers/","/sitemaps/sitemap-counties.xml","canonical is /counties/riverside-county-liquor-licenses-for-restaurants-bars-and-retailers/"
"REMOVED","https://www.liquorlicenseagents.com/counties/riverside-county/riverside-county-liquor-licenses/","/sitemaps/sitemap-counties.xml","canonical is /counties/riverside-county-liquor-licenses/"
"REMOVED","https://www.liquorlicenseagents.com/counties/riverside-county/riverside-county-type-20/","/sitemaps/sitemap-counties.xml","canonical is /counties/riverside-county-type-20/"
"REMOVED","https://www.liquorlicenseagents.com/counties/riverside-county/riverside-county-type-21/","/sitemaps/sitemap-counties.xml","canonical is /counties/riverside-county-type-21/"
"REMOVED","https://www.liquorlicenseagents.com/counties/riverside-county/riverside-county-type-41/","/sitemaps/sitemap-counties.xml","canonical is /counties/riverside-county-type-41/"
"REMOVED","https://www.liquorlicenseagents.com/counties/riverside-county/riverside-county-type-47/","/sitemaps/sitemap-counties.xml","canonical is /counties/riverside-county-type-47/"
"REMOVED","https://www.liquorlicenseagents.com/counties/riverside-county/riverside-county-type-48/","/sitemaps/sitemap-counties.xml","canonical is /counties/riverside-county-type-48/"
"REMOVED","https://www.liquorlicenseagents.com/counties/sacramento-county/sacramento-county-liquor-licenses-for-restaurants-bars-and-retailers/","/sitemaps/sitemap-counties.xml","canonical is /counties/sacramento-county-liquor-licenses-for-restaurants-bars-and-retailers/"
"REMOVED","https://www.liquorlicenseagents.com/counties/sacramento-county/sacramento-county-liquor-licenses/","/sitemaps/sitemap-counties.xml","canonical is /counties/sacramento-county-liquor-licenses/"
"REMOVED","https://www.liquorlicenseagents.com/counties/sacramento-county/sacramento-county-type-20/","/sitemaps/sitemap-counties.xml","canonical is /counties/sacramento-county-type-20/"
"REMOVED","https://www.liquorlicenseagents.com/counties/sacramento-county/sacramento-county-type-21/","/sitemaps/sitemap-counties.xml","canonical is /counties/sacramento-county-type-21/"
"REMOVED","https://www.liquorlicenseagents.com/counties/sacramento-county/sacramento-county-type-41/","/sitemaps/sitemap-counties.xml","canonical is /counties/sacramento-county-type-41/"
"REMOVED","https://www.liquorlicenseagents.com/counties/sacramento-county/sacramento-county-type-47/","/sitemaps/sitemap-counties.xml","canonical is /counties/sacramento-county-type-47/"
"REMOVED","https://www.liquorlicenseagents.com/counties/sacramento-county/sacramento-county-type-48/","/sitemaps/sitemap-counties.xml","canonical is /counties/sacramento-county-type-48/"
"REMOVED","https://www.liquorlicenseagents.com/counties/san-bernardino-county/san-bernardino-county-liquor-licenses-for-restaurants-bars-and-retailers/","/sitemaps/sitemap-counties.xml","canonical is /counties/san-bernardino-county-liquor-licenses-for-restaurants-bars-and-retailers/"
"REMOVED","https://www.liquorlicenseagents.com/counties/san-bernardino-county/san-bernardino-county-liquor-licenses/","/sitemaps/sitemap-counties.xml","canonical is /counties/san-bernardino-county-liquor-licenses/"
"REMOVED","https://www.liquorlicenseagents.com/counties/san-bernardino-county/san-bernardino-county-type-20/","/sitemaps/sitemap-counties.xml","canonical is /counties/san-bernardino-county-type-20/"
"REMOVED","https://www.liquorlicenseagents.com/counties/san-bernardino-county/san-bernardino-county-type-21/","/sitemaps/sitemap-counties.xml","canonical is /counties/san-bernardino-county-type-21/"
"REMOVED","https://www.liquorlicenseagents.com/counties/san-bernardino-county/san-bernardino-county-type-41/","/sitemaps/sitemap-counties.xml","canonical is /counties/san-bernardino-county-type-41/"
"REMOVED","https://www.liquorlicenseagents.com/counties/san-bernardino-county/san-bernardino-county-type-47/","/sitemaps/sitemap-counties.xml","canonical is /counties/san-bernardino-county-type-47/"
"REMOVED","https://www.liquorlicenseagents.com/counties/san-bernardino-county/san-bernardino-county-type-48/","/sitemaps/sitemap-counties.xml","canonical is /counties/san-bernardino-county-type-48/"
"REMOVED","https://www.liquorlicenseagents.com/counties/san-diego-county/san-diego-county-liquor-licenses/","/sitemaps/sitemap-counties.xml","canonical is /counties/san-diego-county-liquor-licenses/"
"REMOVED","https://www.liquorlicenseagents.com/counties/san-diego-county/san-diego-county-type-20/","/sitemaps/sitemap-counties.xml","canonical is /counties/san-diego-county-type-20/"
"REMOVED","https://www.liquorlicenseagents.com/counties/san-diego-county/san-diego-county-type-21/","/sitemaps/sitemap-counties.xml","canonical is /counties/san-diego-county-type-21/"
"REMOVED","https://www.liquorlicenseagents.com/counties/san-diego-county/san-diego-county-type-41/","/sitemaps/sitemap-counties.xml","canonical is /counties/san-diego-county-type-41/"
"REMOVED","https://www.liquorlicenseagents.com/counties/san-diego-county/san-diego-county-type-47/","/sitemaps/sitemap-counties.xml","canonical is /counties/san-diego-county-type-47/"
"REMOVED","https://www.liquorlicenseagents.com/counties/san-diego-county/san-diego-county-type-48/","/sitemaps/sitemap-counties.xml","canonical is /counties/san-diego-county-type-48/"
"REMOVED","https://www.liquorlicenseagents.com/counties/san-francisco-county/san-francisco-county-liquor-licenses/","/sitemaps/sitemap-counties.xml","canonical is /counties/san-francisco-county-liquor-licenses/"
"REMOVED","https://www.liquorlicenseagents.com/counties/san-francisco-county/san-francisco-county-type-20/","/sitemaps/sitemap-counties.xml","canonical is /counties/san-francisco-county-type-20/"
"REMOVED","https://www.liquorlicenseagents.com/counties/san-francisco-county/san-francisco-county-type-21/","/sitemaps/sitemap-counties.xml","canonical is /counties/san-francisco-county-type-21/"
"REMOVED","https://www.liquorlicenseagents.com/counties/san-francisco-county/san-francisco-county-type-41/","/sitemaps/sitemap-counties.xml","canonical is /counties/san-francisco-county-type-41/"
"REMOVED","https://www.liquorlicenseagents.com/counties/san-francisco-county/san-francisco-county-type-48/","/sitemaps/sitemap-counties.xml","canonical is /counties/san-francisco-county-type-48/"
"REMOVED","https://www.liquorlicenseagents.com/counties/san-joaquin-county/san-joaquin-county-liquor-licenses-for-restaurants-bars-and-retailers/","/sitemaps/sitemap-counties.xml","canonical is /counties/san-joaquin-county-liquor-licenses-for-restaurants-bars-and-retailers/"
"REMOVED","https://www.liquorlicenseagents.com/counties/san-joaquin-county/san-joaquin-county-liquor-licenses/","/sitemaps/sitemap-counties.xml","canonical is /counties/san-joaquin-county-liquor-licenses/"
"REMOVED","https://www.liquorlicenseagents.com/counties/san-joaquin-county/san-joaquin-county-type-20/","/sitemaps/sitemap-counties.xml","canonical is /counties/san-joaquin-county-type-20/"
"REMOVED","https://www.liquorlicenseagents.com/counties/san-joaquin-county/san-joaquin-county-type-21/","/sitemaps/sitemap-counties.xml","canonical is /counties/san-joaquin-county-type-21/"
"REMOVED","https://www.liquorlicenseagents.com/counties/san-joaquin-county/san-joaquin-county-type-41/","/sitemaps/sitemap-counties.xml","canonical is /counties/san-joaquin-county-type-41/"
"REMOVED","https://www.liquorlicenseagents.com/counties/san-joaquin-county/san-joaquin-county-type-47/","/sitemaps/sitemap-counties.xml","canonical is /counties/san-joaquin-county-type-47/"
"REMOVED","https://www.liquorlicenseagents.com/counties/san-joaquin-county/san-joaquin-county-type-48/","/sitemaps/sitemap-counties.xml","canonical is /counties/san-joaquin-county-type-48/"
"REMOVED","https://www.liquorlicenseagents.com/counties/san-luis-obispo-county/san-luis-obispo-county-liquor-licenses-for-restaurants-bars-and-retailers/","/sitemaps/sitemap-counties.xml","canonical is /counties/san-luis-obispo-county-liquor-licenses-for-restaurants-bars-and-retailers/"
"REMOVED","https://www.liquorlicenseagents.com/counties/san-mateo-county/san-mateo-county-liquor-licenses/","/sitemaps/sitemap-counties.xml","canonical is /counties/san-mateo-county-liquor-licenses/"
"REMOVED","https://www.liquorlicenseagents.com/counties/san-mateo-county/san-mateo-county-type-20/","/sitemaps/sitemap-counties.xml","canonical is /counties/san-mateo-county-type-20/"
"REMOVED","https://www.liquorlicenseagents.com/counties/san-mateo-county/san-mateo-county-type-21/","/sitemaps/sitemap-counties.xml","canonical is /counties/san-mateo-county-type-21/"
"REMOVED","https://www.liquorlicenseagents.com/counties/san-mateo-county/san-mateo-county-type-41/","/sitemaps/sitemap-counties.xml","canonical is /counties/san-mateo-county-type-41/"
"REMOVED","https://www.liquorlicenseagents.com/counties/san-mateo-county/san-mateo-county-type-47/","/sitemaps/sitemap-counties.xml","canonical is /counties/san-mateo-county-type-47/"
"REMOVED","https://www.liquorlicenseagents.com/counties/san-mateo-county/san-mateo-county-type-48/","/sitemaps/sitemap-counties.xml","canonical is /counties/san-mateo-county-type-48/"
"REMOVED","https://www.liquorlicenseagents.com/counties/santa-barbara-county/santa-barbara-county-liquor-licenses-for-restaurants-bars-and-retailers/","/sitemaps/sitemap-counties.xml","canonical is /counties/santa-barbara-county-liquor-licenses-for-restaurants-bars-and-retailers/"
"REMOVED","https://www.liquorlicenseagents.com/counties/santa-barbara-county/santa-barbara-county-liquor-licenses/","/sitemaps/sitemap-counties.xml","canonical is /counties/santa-barbara-county-liquor-licenses/"
"REMOVED","https://www.liquorlicenseagents.com/counties/santa-barbara-county/santa-barbara-county-type-20/","/sitemaps/sitemap-counties.xml","canonical is /counties/santa-barbara-county-type-20/"
"REMOVED","https://www.liquorlicenseagents.com/counties/santa-barbara-county/santa-barbara-county-type-21/","/sitemaps/sitemap-counties.xml","canonical is /counties/santa-barbara-county-type-21/"
"REMOVED","https://www.liquorlicenseagents.com/counties/santa-barbara-county/santa-barbara-county-type-41/","/sitemaps/sitemap-counties.xml","canonical is /counties/santa-barbara-county-type-41/"
"REMOVED","https://www.liquorlicenseagents.com/counties/santa-barbara-county/santa-barbara-county-type-47/","/sitemaps/sitemap-counties.xml","canonical is /counties/santa-barbara-county-type-47/"
"REMOVED","https://www.liquorlicenseagents.com/counties/santa-barbara-county/santa-barbara-county-type-48/","/sitemaps/sitemap-counties.xml","canonical is /counties/santa-barbara-county-type-48/"
"REMOVED","https://www.liquorlicenseagents.com/counties/santa-clara-county/santa-clara-county-liquor-licenses/","/sitemaps/sitemap-counties.xml","canonical is /counties/santa-clara-county-liquor-licenses/"
"REMOVED","https://www.liquorlicenseagents.com/counties/santa-clara-county/santa-clara-county-type-20/","/sitemaps/sitemap-counties.xml","canonical is /counties/santa-clara-county-type-20/"
"REMOVED","https://www.liquorlicenseagents.com/counties/santa-clara-county/santa-clara-county-type-21/","/sitemaps/sitemap-counties.xml","canonical is /counties/santa-clara-county-type-21/"
"REMOVED","https://www.liquorlicenseagents.com/counties/santa-clara-county/santa-clara-county-type-41/","/sitemaps/sitemap-counties.xml","canonical is /counties/santa-clara-county-type-41/"
"REMOVED","https://www.liquorlicenseagents.com/counties/santa-clara-county/santa-clara-county-type-47/","/sitemaps/sitemap-counties.xml","canonical is /counties/santa-clara-county-type-47/"
"REMOVED","https://www.liquorlicenseagents.com/counties/santa-clara-county/santa-clara-county-type-48/","/sitemaps/sitemap-counties.xml","canonical is /counties/santa-clara-county-type-48/"
"REMOVED","https://www.liquorlicenseagents.com/counties/sierra-county/sierra-county-liquor-licenses-for-restaurants-bars-and-retailers/","/sitemaps/sitemap-counties.xml","canonical is /counties/sierra-county-liquor-licenses-for-restaurants-bars-and-retailers/"
"REMOVED","https://www.liquorlicenseagents.com/counties/siskiyou-county/siskiyou-county-liquor-licenses-for-restaurants-bars-and-retailers/","/sitemaps/sitemap-counties.xml","canonical is /counties/siskiyou-county-liquor-licenses-for-restaurants-bars-and-retailers/"
"REMOVED","https://www.liquorlicenseagents.com/counties/solano-county/solano-county-liquor-licenses/","/sitemaps/sitemap-counties.xml","canonical is /counties/solano-county-liquor-licenses/"
"REMOVED","https://www.liquorlicenseagents.com/counties/solano-county/solano-county-type-20/","/sitemaps/sitemap-counties.xml","canonical is /counties/solano-county-type-20/"
"REMOVED","https://www.liquorlicenseagents.com/counties/solano-county/solano-county-type-21/","/sitemaps/sitemap-counties.xml","canonical is /counties/solano-county-type-21/"
"REMOVED","https://www.liquorlicenseagents.com/counties/solano-county/solano-county-type-41/","/sitemaps/sitemap-counties.xml","canonical is /counties/solano-county-type-41/"
"REMOVED","https://www.liquorlicenseagents.com/counties/solano-county/solano-county-type-47/","/sitemaps/sitemap-counties.xml","canonical is /counties/solano-county-type-47/"
"REMOVED","https://www.liquorlicenseagents.com/counties/solano-county/solano-county-type-48/","/sitemaps/sitemap-counties.xml","canonical is /counties/solano-county-type-48/"
"REMOVED","https://www.liquorlicenseagents.com/counties/sonoma-county/sonoma-county-liquor-licenses-for-restaurants-bars-and-retailers/","/sitemaps/sitemap-counties.xml","canonical is /counties/sonoma-county-liquor-licenses-for-restaurants-bars-and-retailers/"
"REMOVED","https://www.liquorlicenseagents.com/counties/sonoma-county/sonoma-county-liquor-licenses/","/sitemaps/sitemap-counties.xml","canonical is /counties/sonoma-county-liquor-licenses/"
"REMOVED","https://www.liquorlicenseagents.com/counties/sonoma-county/sonoma-county-type-20/","/sitemaps/sitemap-counties.xml","canonical is /counties/sonoma-county-type-20/"
"REMOVED","https://www.liquorlicenseagents.com/counties/sonoma-county/sonoma-county-type-21/","/sitemaps/sitemap-counties.xml","canonical is /counties/sonoma-county-type-21/"
"REMOVED","https://www.liquorlicenseagents.com/counties/sonoma-county/sonoma-county-type-41/","/sitemaps/sitemap-counties.xml","canonical is /counties/sonoma-county-type-41/"
"REMOVED","https://www.liquorlicenseagents.com/counties/sonoma-county/sonoma-county-type-47/","/sitemaps/sitemap-counties.xml","canonical is /counties/sonoma-county-type-47/"
"REMOVED","https://www.liquorlicenseagents.com/counties/sonoma-county/sonoma-county-type-48/","/sitemaps/sitemap-counties.xml","canonical is /counties/sonoma-county-type-48/"
"REMOVED","https://www.liquorlicenseagents.com/counties/stanislaus-county/stanislaus-county-liquor-licenses-for-restaurants-bars-and-retailers/","/sitemaps/sitemap-counties.xml","canonical is /counties/stanislaus-county-liquor-licenses-for-restaurants-bars-and-retailers/"
"REMOVED","https://www.liquorlicenseagents.com/counties/stanislaus-county/stanislaus-county-liquor-licenses/","/sitemaps/sitemap-counties.xml","canonical is /counties/stanislaus-county-liquor-licenses/"
"REMOVED","https://www.liquorlicenseagents.com/counties/stanislaus-county/stanislaus-county-type-20/","/sitemaps/sitemap-counties.xml","canonical is /counties/stanislaus-county-type-20/"
"REMOVED","https://www.liquorlicenseagents.com/counties/stanislaus-county/stanislaus-county-type-21/","/sitemaps/sitemap-counties.xml","canonical is /counties/stanislaus-county-type-21/"
"REMOVED","https://www.liquorlicenseagents.com/counties/stanislaus-county/stanislaus-county-type-41/","/sitemaps/sitemap-counties.xml","canonical is /counties/stanislaus-county-type-41/"
"REMOVED","https://www.liquorlicenseagents.com/counties/stanislaus-county/stanislaus-county-type-47/","/sitemaps/sitemap-counties.xml","canonical is /counties/stanislaus-county-type-47/"
"REMOVED","https://www.liquorlicenseagents.com/counties/stanislaus-county/stanislaus-county-type-48/","/sitemaps/sitemap-counties.xml","canonical is /counties/stanislaus-county-type-48/"
"REMOVED","https://www.liquorlicenseagents.com/counties/sutter-county/sutter-county-liquor-licenses-for-restaurants-bars-and-retailers/","/sitemaps/sitemap-counties.xml","canonical is /counties/sutter-county-liquor-licenses-for-restaurants-bars-and-retailers/"
"REMOVED","https://www.liquorlicenseagents.com/counties/tehama-county/tehama-county-liquor-licenses-for-restaurants-bars-and-retailers/","/sitemaps/sitemap-counties.xml","canonical is /counties/tehama-county-liquor-licenses-for-restaurants-bars-and-retailers/"
"REMOVED","https://www.liquorlicenseagents.com/counties/tulare-county/tulare-county-liquor-licenses-for-restaurants-bars-and-retailers/","/sitemaps/sitemap-counties.xml","canonical is /counties/tulare-county-liquor-licenses-for-restaurants-bars-and-retailers/"
"REMOVED","https://www.liquorlicenseagents.com/counties/tulare-county/tulare-county-liquor-licenses/","/sitemaps/sitemap-counties.xml","canonical is /counties/tulare-county-liquor-licenses/"
"REMOVED","https://www.liquorlicenseagents.com/counties/tulare-county/tulare-county-type-20/","/sitemaps/sitemap-counties.xml","canonical is /counties/tulare-county-type-20/"
"REMOVED","https://www.liquorlicenseagents.com/counties/tulare-county/tulare-county-type-21/","/sitemaps/sitemap-counties.xml","canonical is /counties/tulare-county-type-21/"
"REMOVED","https://www.liquorlicenseagents.com/counties/tulare-county/tulare-county-type-41/","/sitemaps/sitemap-counties.xml","canonical is /counties/tulare-county-type-41/"
"REMOVED","https://www.liquorlicenseagents.com/counties/tulare-county/tulare-county-type-47/","/sitemaps/sitemap-counties.xml","canonical is /counties/tulare-county-type-47/"
"REMOVED","https://www.liquorlicenseagents.com/counties/tulare-county/tulare-county-type-48/","/sitemaps/sitemap-counties.xml","canonical is /counties/tulare-county-type-48/"
"REMOVED","https://www.liquorlicenseagents.com/counties/tuolumne-county/tuolumne-county-liquor-licenses-for-restaurants-bars-and-retailers/","/sitemaps/sitemap-counties.xml","canonical is /counties/tuolumne-county-liquor-licenses-for-restaurants-bars-and-retailers/"
"REMOVED","https://www.liquorlicenseagents.com/counties/ventura-county/ventura-county-liquor-licenses/","/sitemaps/sitemap-counties.xml","canonical is /counties/ventura-county-liquor-licenses/"
"REMOVED","https://www.liquorlicenseagents.com/counties/ventura-county/ventura-county-type-20/","/sitemaps/sitemap-counties.xml","canonical is /counties/ventura-county-type-20/"
"REMOVED","https://www.liquorlicenseagents.com/counties/ventura-county/ventura-county-type-21/","/sitemaps/sitemap-counties.xml","canonical is /counties/ventura-county-type-21/"
"REMOVED","https://www.liquorlicenseagents.com/counties/ventura-county/ventura-county-type-41/","/sitemaps/sitemap-counties.xml","canonical is /counties/ventura-county-type-41/"
"REMOVED","https://www.liquorlicenseagents.com/counties/ventura-county/ventura-county-type-47/","/sitemaps/sitemap-counties.xml","canonical is /counties/ventura-county-type-47/"
"REMOVED","https://www.liquorlicenseagents.com/counties/ventura-county/ventura-county-type-48/","/sitemaps/sitemap-counties.xml","canonical is /counties/ventura-county-type-48/"
"REMOVED","https://www.liquorlicenseagents.com/counties/yavapai-county/yavapai-county-liquor-licenses/","/sitemaps/sitemap-counties.xml","canonical is /counties/yavapai-county-liquor-licenses/"
"REMOVED","https://www.liquorlicenseagents.com/counties/yavapai-county/yavapai-county-series-10/","/sitemaps/sitemap-counties.xml","canonical is /counties/yavapai-county-series-10/"
"REMOVED","https://www.liquorlicenseagents.com/counties/yavapai-county/yavapai-county-series-11/","/sitemaps/sitemap-counties.xml","canonical is /counties/yavapai-county-series-11/"
"REMOVED","https://www.liquorlicenseagents.com/counties/yavapai-county/yavapai-county-series-12/","/sitemaps/sitemap-counties.xml","canonical is /counties/yavapai-county-series-12/"
"REMOVED","https://www.liquorlicenseagents.com/counties/yavapai-county/yavapai-county-series-14/","/sitemaps/sitemap-counties.xml","canonical is /counties/yavapai-county-series-14/"
"REMOVED","https://www.liquorlicenseagents.com/counties/yavapai-county/yavapai-county-series-6/","/sitemaps/sitemap-counties.xml","canonical is /counties/yavapai-county-series-6/"
"REMOVED","https://www.liquorlicenseagents.com/counties/yavapai-county/yavapai-county-series-7/","/sitemaps/sitemap-counties.xml","canonical is /counties/yavapai-county-series-7/"
"REMOVED","https://www.liquorlicenseagents.com/counties/yavapai-county/yavapai-county-series-9/","/sitemaps/sitemap-counties.xml","canonical is /counties/yavapai-county-series-9/"
"REMOVED","https://www.liquorlicenseagents.com/counties/yuba-county/yuba-county-liquor-licenses/","/sitemaps/sitemap-counties.xml","canonical is /counties/yuba-county-liquor-licenses/"
"REMOVED","https://www.liquorlicenseagents.com/counties/yuma-county/yuma-county-liquor-licenses/","/sitemaps/sitemap-counties.xml","canonical is /counties/yuma-county-liquor-licenses/"
"REMOVED","https://www.liquorlicenseagents.com/counties/yuma-county/yuma-county-series-10/","/sitemaps/sitemap-counties.xml","canonical is /counties/yuma-county-series-10/"
"REMOVED","https://www.liquorlicenseagents.com/counties/yuma-county/yuma-county-series-11/","/sitemaps/sitemap-counties.xml","canonical is /counties/yuma-county-series-11/"
"REMOVED","https://www.liquorlicenseagents.com/counties/yuma-county/yuma-county-series-12/","/sitemaps/sitemap-counties.xml","canonical is /counties/yuma-county-series-12/"
"REMOVED","https://www.liquorlicenseagents.com/counties/yuma-county/yuma-county-series-14/","/sitemaps/sitemap-counties.xml","canonical is /counties/yuma-county-series-14/"
"REMOVED","https://www.liquorlicenseagents.com/counties/yuma-county/yuma-county-series-6/","/sitemaps/sitemap-counties.xml","canonical is /counties/yuma-county-series-6/"
"REMOVED","https://www.liquorlicenseagents.com/counties/yuma-county/yuma-county-series-7/","/sitemaps/sitemap-counties.xml","canonical is /counties/yuma-county-series-7/"
"REMOVED","https://www.liquorlicenseagents.com/counties/yuma-county/yuma-county-series-9/","/sitemaps/sitemap-counties.xml","canonical is /counties/yuma-county-series-9/"
"REMOVED","https://www.liquorlicenseagents.com/cities/agoura-hills/agoura-hills-liquor-licenses-for-restaurants-bars-and-retailers/","/sitemaps/sitemap-cities.xml","canonical is /cities/agoura-hills-liquor-licenses-for-restaurants-bars-and-retailers/"
"REMOVED","https://www.liquorlicenseagents.com/cities/alameda/alameda-type-20-liquor-license-for-beer-and-wine-off-sale/","/sitemaps/sitemap-cities.xml","canonical is /cities/alameda-type-20-liquor-license-for-beer-and-wine-off-sale/"
"REMOVED","https://www.liquorlicenseagents.com/cities/alameda/alameda-type-48-full-liquor-license-for-bars-and-nightclubs/","/sitemaps/sitemap-cities.xml","canonical is /cities/alameda-type-48-full-liquor-license-for-bars-and-nightclubs/"
"REMOVED","https://www.liquorlicenseagents.com/cities/alameda/alameda-type-57-full-liquor-license-for-private-clubs/","/sitemaps/sitemap-cities.xml","canonical is /cities/alameda-type-57-full-liquor-license-for-private-clubs/"
"REMOVED","https://www.liquorlicenseagents.com/cities/alameda/alameda-type-75-brewpub-license-for-restaurants-and-breweries/","/sitemaps/sitemap-cities.xml","canonical is /cities/alameda-type-75-brewpub-license-for-restaurants-and-breweries/"
"REMOVED","https://www.liquorlicenseagents.com/cities/alhambra/alhambra-liquor-licenses-for-restaurants-bars-and-retailers/","/sitemaps/sitemap-cities.xml","canonical is /cities/alhambra-liquor-licenses-for-restaurants-bars-and-retailers/"
"REMOVED","https://www.liquorlicenseagents.com/cities/aliso-viejo/aliso-viejo-liquor-licenses-for-restaurants-bars-and-retailers/","/sitemaps/sitemap-cities.xml","canonical is /cities/aliso-viejo-liquor-licenses-for-restaurants-bars-and-retailers/"
"REMOVED","https://www.liquorlicenseagents.com/cities/anaheim/anaheim-liquor-licenses-for-restaurants-bars-and-retailers/","/sitemaps/sitemap-cities.xml","canonical is /cities/anaheim-liquor-licenses-for-restaurants-bars-and-retailers/"
"REMOVED","https://www.liquorlicenseagents.com/cities/antioch/antioch-liquor-licenses-for-restaurants-bars-and-retailers/","/sitemaps/sitemap-cities.xml","canonical is /cities/antioch-liquor-licenses-for-restaurants-bars-and-retailers/"
"REMOVED","https://www.liquorlicenseagents.com/cities/arcadia/arcadia-liquor-licenses-for-restaurants-bars-and-retailers/","/sitemaps/sitemap-cities.xml","canonical is /cities/arcadia-liquor-licenses-for-restaurants-bars-and-retailers/"
"REMOVED","https://www.liquorlicenseagents.com/cities/artesia/artesia-liquor-licenses-for-restaurants-bars-and-retailers/","/sitemaps/sitemap-cities.xml","canonical is /cities/artesia-liquor-licenses-for-restaurants-bars-and-retailers/"
"REMOVED","https://www.liquorlicenseagents.com/cities/avalon/avalon-liquor-licenses-for-restaurants-bars-and-retailers/","/sitemaps/sitemap-cities.xml","canonical is /cities/avalon-liquor-licenses-for-restaurants-bars-and-retailers/"
"REMOVED","https://www.liquorlicenseagents.com/cities/azusa/azusa-liquor-licenses-for-restaurants-bars-and-retailers/","/sitemaps/sitemap-cities.xml","canonical is /cities/azusa-liquor-licenses-for-restaurants-bars-and-retailers/"
"REMOVED","https://www.liquorlicenseagents.com/cities/baldwin-park/baldwin-park-liquor-licenses-for-restaurants-bars-and-retailers/","/sitemaps/sitemap-cities.xml","canonical is /cities/baldwin-park-liquor-licenses-for-restaurants-bars-and-retailers/"
"REMOVED","https://www.liquorlicenseagents.com/cities/bell-gardens/bell-gardens-liquor-licenses-for-restaurants-bars-and-retailers/","/sitemaps/sitemap-cities.xml","canonical is /cities/bell-gardens-liquor-licenses-for-restaurants-bars-and-retailers/"
"REMOVED","https://www.liquorlicenseagents.com/cities/bell/bell-liquor-licenses-for-restaurants-bars-and-retailers/","/sitemaps/sitemap-cities.xml","canonical is /cities/bell-liquor-licenses-for-restaurants-bars-and-retailers/"
"REMOVED","https://www.liquorlicenseagents.com/cities/bellflower/bellflower-liquor-licenses-for-restaurants-bars-and-retailers/","/sitemaps/sitemap-cities.xml","canonical is /cities/bellflower-liquor-licenses-for-restaurants-bars-and-retailers/"
"REMOVED","https://www.liquorlicenseagents.com/cities/berkeley/berkeley-liquor-licenses-for-restaurants-bars-and-retailers/","/sitemaps/sitemap-cities.xml","canonical is /cities/berkeley-liquor-licenses-for-restaurants-bars-and-retailers/"
"REMOVED","https://www.liquorlicenseagents.com/cities/beverly-hills/beverly-hills-liquor-licenses-for-restaurants-bars-and-luxury-retailers/","/sitemaps/sitemap-cities.xml","canonical is /cities/beverly-hills-liquor-licenses-for-restaurants-bars-and-luxury-retailers/"
"REMOVED","https://www.liquorlicenseagents.com/cities/beverly-hills/beverly-hills-type-20-license/","/sitemaps/sitemap-cities.xml","canonical is /cities/beverly-hills-type-20-license/"
"REMOVED","https://www.liquorlicenseagents.com/cities/beverly-hills/beverly-hills-type-21-license/","/sitemaps/sitemap-cities.xml","canonical is /cities/beverly-hills-type-21-license/"
"REMOVED","https://www.liquorlicenseagents.com/cities/beverly-hills/beverly-hills-type-41-license/","/sitemaps/sitemap-cities.xml","canonical is /cities/beverly-hills-type-41-license/"
"REMOVED","https://www.liquorlicenseagents.com/cities/beverly-hills/beverly-hills-type-47-license/","/sitemaps/sitemap-cities.xml","canonical is /cities/beverly-hills-type-47-license/"
"REMOVED","https://www.liquorlicenseagents.com/cities/beverly-hills/beverly-hills-type-48-license/","/sitemaps/sitemap-cities.xml","canonical is /cities/beverly-hills-type-48-license/"
"REMOVED","https://www.liquorlicenseagents.com/cities/beverly-hills/beverly-hills-type-57-license/","/sitemaps/sitemap-cities.xml","canonical is /cities/beverly-hills-type-57-license/"
"REMOVED","https://www.liquorlicenseagents.com/cities/beverly-hills/beverly-hills-type-61-license/","/sitemaps/sitemap-cities.xml","canonical is /cities/beverly-hills-type-61-license/"
"REMOVED","https://www.liquorlicenseagents.com/cities/bradbury/bradbury-liquor-licenses-for-restaurants-bars-and-retailers/","/sitemaps/sitemap-cities.xml","canonical is /cities/bradbury-liquor-licenses-for-restaurants-bars-and-retailers/"
"REMOVED","https://www.liquorlicenseagents.com/cities/brea/brea-liquor-licenses-for-restaurants-bars-and-retailers/","/sitemaps/sitemap-cities.xml","canonical is /cities/brea-liquor-licenses-for-restaurants-bars-and-retailers/"
"REMOVED","https://www.liquorlicenseagents.com/cities/buena-park/buena-park-liquor-licenses-for-restaurants-bars-and-retailers/","/sitemaps/sitemap-cities.xml","canonical is /cities/buena-park-liquor-licenses-for-restaurants-bars-and-retailers/"
"REMOVED","https://www.liquorlicenseagents.com/cities/burbank/burbank-liquor-licenses-for-restaurants-bars-and-retailers/","/sitemaps/sitemap-cities.xml","canonical is /cities/burbank-liquor-licenses-for-restaurants-bars-and-retailers/"
"REMOVED","https://www.liquorlicenseagents.com/cities/burbank/burbank-type-20-license/","/sitemaps/sitemap-cities.xml","canonical is /cities/burbank-type-20-license/"
"REMOVED","https://www.liquorlicenseagents.com/cities/burbank/burbank-type-21-license/","/sitemaps/sitemap-cities.xml","canonical is /cities/burbank-type-21-license/"
"REMOVED","https://www.liquorlicenseagents.com/cities/burbank/burbank-type-41-license/","/sitemaps/sitemap-cities.xml","canonical is /cities/burbank-type-41-license/"
"REMOVED","https://www.liquorlicenseagents.com/cities/burbank/burbank-type-47-license/","/sitemaps/sitemap-cities.xml","canonical is /cities/burbank-type-47-license/"
"REMOVED","https://www.liquorlicenseagents.com/cities/burbank/burbank-type-48-license/","/sitemaps/sitemap-cities.xml","canonical is /cities/burbank-type-48-license/"
"REMOVED","https://www.liquorlicenseagents.com/cities/burbank/burbank-type-57-license/","/sitemaps/sitemap-cities.xml","canonical is /cities/burbank-type-57-license/"
"REMOVED","https://www.liquorlicenseagents.com/cities/burbank/burbank-type-61-license/","/sitemaps/sitemap-cities.xml","canonical is /cities/burbank-type-61-license/"
"REMOVED","https://www.liquorlicenseagents.com/cities/calabasas/calabasas-liquor-licenses-for-restaurants-bars-and-retailers/","/sitemaps/sitemap-cities.xml","canonical is /cities/calabasas-liquor-licenses-for-restaurants-bars-and-retailers/"
"REMOVED","https://www.liquorlicenseagents.com/cities/calistoga/calistoga-liquor-licenses-for-restaurants-bars-and-retailers/","/sitemaps/sitemap-cities.xml","canonical is /cities/calistoga-liquor-licenses-for-restaurants-bars-and-retailers/"
"REMOVED","https://www.liquorlicenseagents.com/cities/camarillo/camarillo-liquor-licenses-for-restaurants-bars-and-retailers/","/sitemaps/sitemap-cities.xml","canonical is /cities/camarillo-liquor-licenses-for-restaurants-bars-and-retailers/"
"REMOVED","https://www.liquorlicenseagents.com/cities/cape-coral/cape-coral-13ct-license/","/sitemaps/sitemap-cities.xml","canonical is /cities/cape-coral-13ct-license/"
"REMOVED","https://www.liquorlicenseagents.com/cities/cape-coral/cape-coral-2aps-license/","/sitemaps/sitemap-cities.xml","canonical is /cities/cape-coral-2aps-license/"
"REMOVED","https://www.liquorlicenseagents.com/cities/cape-coral/cape-coral-2cop-license/","/sitemaps/sitemap-cities.xml","canonical is /cities/cape-coral-2cop-license/"
"REMOVED","https://www.liquorlicenseagents.com/cities/cape-coral/cape-coral-3ps-quota-license/","/sitemaps/sitemap-cities.xml","canonical is /cities/cape-coral-3ps-quota-license/"
"REMOVED","https://www.liquorlicenseagents.com/cities/cape-coral/cape-coral-4cop-quota-license/","/sitemaps/sitemap-cities.xml","canonical is /cities/cape-coral-4cop-quota-license/"
"REMOVED","https://www.liquorlicenseagents.com/cities/cape-coral/cape-coral-4cop-sfs-license/","/sitemaps/sitemap-cities.xml","canonical is /cities/cape-coral-4cop-sfs-license/"
"REMOVED","https://www.liquorlicenseagents.com/cities/cape-coral/cape-coral-cmb-license/","/sitemaps/sitemap-cities.xml","canonical is /cities/cape-coral-cmb-license/"
"REMOVED","https://www.liquorlicenseagents.com/cities/cape-coral/cape-coral-liquor-licenses-for-restaurants-bars-and-retailers/","/sitemaps/sitemap-cities.xml","canonical is /cities/cape-coral-liquor-licenses-for-restaurants-bars-and-retailers/"
"REMOVED","https://www.liquorlicenseagents.com/cities/carlsbad/carlsbad-liquor-licenses-for-restaurants-bars-and-retailers/","/sitemaps/sitemap-cities.xml","canonical is /cities/carlsbad-liquor-licenses-for-restaurants-bars-and-retailers/"
"REMOVED","https://www.liquorlicenseagents.com/cities/carpinteria/carpinteria-liquor-licenses-for-restaurants-bars-and-retailers/","/sitemaps/sitemap-cities.xml","canonical is /cities/carpinteria-liquor-licenses-for-restaurants-bars-and-retailers/"
"REMOVED","https://www.liquorlicenseagents.com/cities/carson/carson-liquor-licenses-for-restaurants-bars-and-retailers/","/sitemaps/sitemap-cities.xml","canonical is /cities/carson-liquor-licenses-for-restaurants-bars-and-retailers/"
"REMOVED","https://www.liquorlicenseagents.com/cities/cerritos/cerritos-liquor-licenses-for-restaurants-bars-and-retailers/","/sitemaps/sitemap-cities.xml","canonical is /cities/cerritos-liquor-licenses-for-restaurants-bars-and-retailers/"
"REMOVED","https://www.liquorlicenseagents.com/cities/chandler/chandler-liquor-licenses-for-restaurants-bars-and-retailers/","/sitemaps/sitemap-cities.xml","canonical is /cities/chandler-liquor-licenses-for-restaurants-bars-and-retailers/"
"REMOVED","https://www.liquorlicenseagents.com/cities/chandler/chandler-series-1-license/","/sitemaps/sitemap-cities.xml","canonical is /cities/chandler-series-1-license/"
"REMOVED","https://www.liquorlicenseagents.com/cities/chandler/chandler-series-10-license/","/sitemaps/sitemap-cities.xml","canonical is /cities/chandler-series-10-license/"
"REMOVED","https://www.liquorlicenseagents.com/cities/chandler/chandler-series-11-license/","/sitemaps/sitemap-cities.xml","canonical is /cities/chandler-series-11-license/"
"REMOVED","https://www.liquorlicenseagents.com/cities/chandler/chandler-series-12-license/","/sitemaps/sitemap-cities.xml","canonical is /cities/chandler-series-12-license/"
"REMOVED","https://www.liquorlicenseagents.com/cities/chandler/chandler-series-6-license/","/sitemaps/sitemap-cities.xml","canonical is /cities/chandler-series-6-license/"
"REMOVED","https://www.liquorlicenseagents.com/cities/chandler/chandler-series-7-license/","/sitemaps/sitemap-cities.xml","canonical is /cities/chandler-series-7-license/"
"REMOVED","https://www.liquorlicenseagents.com/cities/chandler/chandler-series-9-license/","/sitemaps/sitemap-cities.xml","canonical is /cities/chandler-series-9-license/"
"REMOVED","https://www.liquorlicenseagents.com/cities/chino-hills/chino-hills-liquor-licenses-for-restaurants-bars-and-retailers/","/sitemaps/sitemap-cities.xml","canonical is /cities/chino-hills-liquor-licenses-for-restaurants-bars-and-retailers/"
"REMOVED","https://www.liquorlicenseagents.com/cities/chino-hills/chino-hills-type-20-license/","/sitemaps/sitemap-cities.xml","canonical is /cities/chino-hills-type-20-license/"
"REMOVED","https://www.liquorlicenseagents.com/cities/chino-hills/chino-hills-type-21-license/","/sitemaps/sitemap-cities.xml","canonical is /cities/chino-hills-type-21-license/"
"REMOVED","https://www.liquorlicenseagents.com/cities/chino-hills/chino-hills-type-41-license/","/sitemaps/sitemap-cities.xml","canonical is /cities/chino-hills-type-41-license/"
"REMOVED","https://www.liquorlicenseagents.com/cities/chino-hills/chino-hills-type-47-license/","/sitemaps/sitemap-cities.xml","canonical is /cities/chino-hills-type-47-license/"
"REMOVED","https://www.liquorlicenseagents.com/cities/chino-hills/chino-hills-type-48-license/","/sitemaps/sitemap-cities.xml","canonical is /cities/chino-hills-type-48-license/"
"REMOVED","https://www.liquorlicenseagents.com/cities/chino-hills/chino-hills-type-57-license/","/sitemaps/sitemap-cities.xml","canonical is /cities/chino-hills-type-57-license/"
"REMOVED","https://www.liquorlicenseagents.com/cities/chino-hills/chino-hills-type-61-license/","/sitemaps/sitemap-cities.xml","canonical is /cities/chino-hills-type-61-license/"
"REMOVED","https://www.liquorlicenseagents.com/cities/chula-vista/chula-vista-type-20-license/","/sitemaps/sitemap-cities.xml","canonical is /cities/chula-vista-type-20-license/"
"REMOVED","https://www.liquorlicenseagents.com/cities/chula-vista/chula-vista-type-21-license/","/sitemaps/sitemap-cities.xml","canonical is /cities/chula-vista-type-21-license/"
"REMOVED","https://www.liquorlicenseagents.com/cities/chula-vista/chula-vista-type-41-license/","/sitemaps/sitemap-cities.xml","canonical is /cities/chula-vista-type-41-license/"
"REMOVED","https://www.liquorlicenseagents.com/cities/chula-vista/chula-vista-type-47-license/","/sitemaps/sitemap-cities.xml","canonical is /cities/chula-vista-type-47-license/"
"REMOVED","https://www.liquorlicenseagents.com/cities/chula-vista/chula-vista-type-48-license/","/sitemaps/sitemap-cities.xml","canonical is /cities/chula-vista-type-48-license/"
"REMOVED","https://www.liquorlicenseagents.com/cities/chula-vista/chula-vista-type-57-license/","/sitemaps/sitemap-cities.xml","canonical is /cities/chula-vista-type-57-license/"
"REMOVED","https://www.liquorlicenseagents.com/cities/chula-vista/chula-vista-type-61-license/","/sitemaps/sitemap-cities.xml","canonical is /cities/chula-vista-type-61-license/"
"REMOVED","https://www.liquorlicenseagents.com/cities/claremont/claremont-liquor-licenses-for-restaurants-bars-and-retailers/","/sitemaps/sitemap-cities.xml","canonical is /cities/claremont-liquor-licenses-for-restaurants-bars-and-retailers/"
"REMOVED","https://www.liquorlicenseagents.com/cities/commerce/commerce-liquor-licenses-for-restaurants-bars-and-retailers/","/sitemaps/sitemap-cities.xml","canonical is /cities/commerce-liquor-licenses-for-restaurants-bars-and-retailers/"
"REMOVED","https://www.liquorlicenseagents.com/cities/compton/compton-liquor-licenses-for-restaurants-bars-and-retailers/","/sitemaps/sitemap-cities.xml","canonical is /cities/compton-liquor-licenses-for-restaurants-bars-and-retailers/"
"REMOVED","https://www.liquorlicenseagents.com/cities/compton/compton-type-20-license/","/sitemaps/sitemap-cities.xml","canonical is /cities/compton-type-20-license/"
"REMOVED","https://www.liquorlicenseagents.com/cities/compton/compton-type-21-license/","/sitemaps/sitemap-cities.xml","canonical is /cities/compton-type-21-license/"
"REMOVED","https://www.liquorlicenseagents.com/cities/compton/compton-type-41-license/","/sitemaps/sitemap-cities.xml","canonical is /cities/compton-type-41-license/"
"REMOVED","https://www.liquorlicenseagents.com/cities/compton/compton-type-47-license/","/sitemaps/sitemap-cities.xml","canonical is /cities/compton-type-47-license/"
"REMOVED","https://www.liquorlicenseagents.com/cities/compton/compton-type-48-license/","/sitemaps/sitemap-cities.xml","canonical is /cities/compton-type-48-license/"
"REMOVED","https://www.liquorlicenseagents.com/cities/compton/compton-type-57-license/","/sitemaps/sitemap-cities.xml","canonical is /cities/compton-type-57-license/"
"REMOVED","https://www.liquorlicenseagents.com/cities/compton/compton-type-61-license/","/sitemaps/sitemap-cities.xml","canonical is /cities/compton-type-61-license/"
"REMOVED","https://www.liquorlicenseagents.com/cities/concord/concord-liquor-licenses-for-restaurants-bars-and-retailers/","/sitemaps/sitemap-cities.xml","canonical is /cities/concord-liquor-licenses-for-restaurants-bars-and-retailers/"
"REMOVED","https://www.liquorlicenseagents.com/cities/coronado/coronado-liquor-licenses-for-restaurants-bars-and-retailers/","/sitemaps/sitemap-cities.xml","canonical is /cities/coronado-liquor-licenses-for-restaurants-bars-and-retailers/"
"REMOVED","https://www.liquorlicenseagents.com/cities/costa-mesa/costa-mesa-liquor-licenses-for-restaurants-bars-and-retailers/","/sitemaps/sitemap-cities.xml","canonical is /cities/costa-mesa-liquor-licenses-for-restaurants-bars-and-retailers/"
"REMOVED","https://www.liquorlicenseagents.com/cities/covina/covina-liquor-licenses-for-restaurants-bars-and-retailers/","/sitemaps/sitemap-cities.xml","canonical is /cities/covina-liquor-licenses-for-restaurants-bars-and-retailers/"
"REMOVED","https://www.liquorlicenseagents.com/cities/cudahy/cudahy-liquor-licenses-for-restaurants-bars-and-retailers/","/sitemaps/sitemap-cities.xml","canonical is /cities/cudahy-liquor-licenses-for-restaurants-bars-and-retailers/"
"REMOVED","https://www.liquorlicenseagents.com/cities/cypress/cypress-liquor-licenses-for-restaurants-bars-and-retailers/","/sitemaps/sitemap-cities.xml","canonical is /cities/cypress-liquor-licenses-for-restaurants-bars-and-retailers/"
"REMOVED","https://www.liquorlicenseagents.com/cities/dana-point/dana-point-liquor-licenses-for-restaurants-bars-and-retailers-1/","/sitemaps/sitemap-cities.xml","canonical is /cities/dana-point-liquor-licenses-for-restaurants-bars-and-retailers-1/"
"REMOVED","https://www.liquorlicenseagents.com/cities/dana-point/dana-point-liquor-licenses-for-restaurants-bars-and-retailers/","/sitemaps/sitemap-cities.xml","canonical is /cities/dana-point-liquor-licenses-for-restaurants-bars-and-retailers/"
"REMOVED","https://www.liquorlicenseagents.com/cities/del-mar/del-mar-liquor-licenses-for-restaurants-bars-and-retailers/","/sitemaps/sitemap-cities.xml","canonical is /cities/del-mar-liquor-licenses-for-restaurants-bars-and-retailers/"
"REMOVED","https://www.liquorlicenseagents.com/cities/diamond-bar/diamond-bar-liquor-licenses-for-restaurants-bars-and-retailers/","/sitemaps/sitemap-cities.xml","canonical is /cities/diamond-bar-liquor-licenses-for-restaurants-bars-and-retailers/"
"REMOVED","https://www.liquorlicenseagents.com/cities/downey/downey-liquor-licenses-for-restaurants-bars-and-retailers/","/sitemaps/sitemap-cities.xml","canonical is /cities/downey-liquor-licenses-for-restaurants-bars-and-retailers/"
"REMOVED","https://www.liquorlicenseagents.com/cities/duarte/duarte-liquor-licenses-for-restaurants-bars-and-retailers/","/sitemaps/sitemap-cities.xml","canonical is /cities/duarte-liquor-licenses-for-restaurants-bars-and-retailers/"
"REMOVED","https://www.liquorlicenseagents.com/cities/el-cajon/el-cajon-liquor-licenses-for-restaurants-bars-and-retailers/","/sitemaps/sitemap-cities.xml","canonical is /cities/el-cajon-liquor-licenses-for-restaurants-bars-and-retailers/"
"REMOVED","https://www.liquorlicenseagents.com/cities/el-monte/el-monte-type-20-license/","/sitemaps/sitemap-cities.xml","canonical is /cities/el-monte-type-20-license/"
"REMOVED","https://www.liquorlicenseagents.com/cities/el-monte/el-monte-type-21-license/","/sitemaps/sitemap-cities.xml","canonical is /cities/el-monte-type-21-license/"
"REMOVED","https://www.liquorlicenseagents.com/cities/el-monte/el-monte-type-41-license/","/sitemaps/sitemap-cities.xml","canonical is /cities/el-monte-type-41-license/"
"REMOVED","https://www.liquorlicenseagents.com/cities/el-monte/el-monte-type-47-license/","/sitemaps/sitemap-cities.xml","canonical is /cities/el-monte-type-47-license/"
"REMOVED","https://www.liquorlicenseagents.com/cities/el-monte/el-monte-type-48-license/","/sitemaps/sitemap-cities.xml","canonical is /cities/el-monte-type-48-license/"
"REMOVED","https://www.liquorlicenseagents.com/cities/el-monte/el-monte-type-57-license/","/sitemaps/sitemap-cities.xml","canonical is /cities/el-monte-type-57-license/"
"REMOVED","https://www.liquorlicenseagents.com/cities/el-monte/el-monte-type-61-license/","/sitemaps/sitemap-cities.xml","canonical is /cities/el-monte-type-61-license/"
"REMOVED","https://www.liquorlicenseagents.com/cities/el-segundo/el-segundo-liquor-licenses-for-restaurants-bars-and-retailers/","/sitemaps/sitemap-cities.xml","canonical is /cities/el-segundo-liquor-licenses-for-restaurants-bars-and-retailers/"
"REMOVED","https://www.liquorlicenseagents.com/cities/elk-grove/elk-grove-liquor-licenses-for-restaurants-bars-and-retailers/","/sitemaps/sitemap-cities.xml","canonical is /cities/elk-grove-liquor-licenses-for-restaurants-bars-and-retailers/"
"REMOVED","https://www.liquorlicenseagents.com/cities/encinitas/encinitas-liquor-licenses-for-restaurants-bars-and-retailers/","/sitemaps/sitemap-cities.xml","canonical is /cities/encinitas-liquor-licenses-for-restaurants-bars-and-retailers/"
"REMOVED","https://www.liquorlicenseagents.com/cities/encinitas/encinitas-type-20-license/","/sitemaps/sitemap-cities.xml","canonical is /cities/encinitas-type-20-license/"
"REMOVED","https://www.liquorlicenseagents.com/cities/encinitas/encinitas-type-21-license/","/sitemaps/sitemap-cities.xml","canonical is /cities/encinitas-type-21-license/"
"REMOVED","https://www.liquorlicenseagents.com/cities/encinitas/encinitas-type-41-license/","/sitemaps/sitemap-cities.xml","canonical is /cities/encinitas-type-41-license/"
"REMOVED","https://www.liquorlicenseagents.com/cities/encinitas/encinitas-type-47-license/","/sitemaps/sitemap-cities.xml","canonical is /cities/encinitas-type-47-license/"
"REMOVED","https://www.liquorlicenseagents.com/cities/encinitas/encinitas-type-48-license/","/sitemaps/sitemap-cities.xml","canonical is /cities/encinitas-type-48-license/"
"REMOVED","https://www.liquorlicenseagents.com/cities/encinitas/encinitas-type-57-license/","/sitemaps/sitemap-cities.xml","canonical is /cities/encinitas-type-57-license/"
"REMOVED","https://www.liquorlicenseagents.com/cities/encinitas/encinitas-type-61-license/","/sitemaps/sitemap-cities.xml","canonical is /cities/encinitas-type-61-license/"
"REMOVED","https://www.liquorlicenseagents.com/cities/escondido/escondido-liquor-licenses-for-restaurants-bars-and-retailers/","/sitemaps/sitemap-cities.xml","canonical is /cities/escondido-liquor-licenses-for-restaurants-bars-and-retailers/"
"REMOVED","https://www.liquorlicenseagents.com/cities/escondido/escondido-type-20-license/","/sitemaps/sitemap-cities.xml","canonical is /cities/escondido-type-20-license/"
"REMOVED","https://www.liquorlicenseagents.com/cities/escondido/escondido-type-21-license/","/sitemaps/sitemap-cities.xml","canonical is /cities/escondido-type-21-license/"
"REMOVED","https://www.liquorlicenseagents.com/cities/escondido/escondido-type-41-license/","/sitemaps/sitemap-cities.xml","canonical is /cities/escondido-type-41-license/"
"REMOVED","https://www.liquorlicenseagents.com/cities/escondido/escondido-type-47-license/","/sitemaps/sitemap-cities.xml","canonical is /cities/escondido-type-47-license/"
"REMOVED","https://www.liquorlicenseagents.com/cities/escondido/escondido-type-48-license/","/sitemaps/sitemap-cities.xml","canonical is /cities/escondido-type-48-license/"
"REMOVED","https://www.liquorlicenseagents.com/cities/escondido/escondido-type-57-licens/","/sitemaps/sitemap-cities.xml","canonical is /cities/escondido-type-57-licens/"
"REMOVED","https://www.liquorlicenseagents.com/cities/escondido/escondido-type-61-license/","/sitemaps/sitemap-cities.xml","canonical is /cities/escondido-type-61-license/"
"REMOVED","https://www.liquorlicenseagents.com/cities/fontana/fontana-liquor-licenses-for-restaurants-bars-and-retailers/","/sitemaps/sitemap-cities.xml","canonical is /cities/fontana-liquor-licenses-for-restaurants-bars-and-retailers/"
"REMOVED","https://www.liquorlicenseagents.com/cities/fort-lauderdale/fort-lauderdale-13ct-license/","/sitemaps/sitemap-cities.xml","canonical is /cities/fort-lauderdale-13ct-license/"
"REMOVED","https://www.liquorlicenseagents.com/cities/fort-lauderdale/fort-lauderdale-2aps-license/","/sitemaps/sitemap-cities.xml","canonical is /cities/fort-lauderdale-2aps-license/"
"REMOVED","https://www.liquorlicenseagents.com/cities/fort-lauderdale/fort-lauderdale-2cop-license/","/sitemaps/sitemap-cities.xml","canonical is /cities/fort-lauderdale-2cop-license/"
"REMOVED","https://www.liquorlicenseagents.com/cities/fort-lauderdale/fort-lauderdale-3ps-quota-license/","/sitemaps/sitemap-cities.xml","canonical is /cities/fort-lauderdale-3ps-quota-license/"
"REMOVED","https://www.liquorlicenseagents.com/cities/fort-lauderdale/fort-lauderdale-4cop-quota-license/","/sitemaps/sitemap-cities.xml","canonical is /cities/fort-lauderdale-4cop-quota-license/"
"REMOVED","https://www.liquorlicenseagents.com/cities/fort-lauderdale/fort-lauderdale-4cop-sfs-license/","/sitemaps/sitemap-cities.xml","canonical is /cities/fort-lauderdale-4cop-sfs-license/"
"REMOVED","https://www.liquorlicenseagents.com/cities/fort-lauderdale/fort-lauderdale-cmb-license/","/sitemaps/sitemap-cities.xml","canonical is /cities/fort-lauderdale-cmb-license/"
"REMOVED","https://www.liquorlicenseagents.com/cities/fort-lauderdale/fort-lauderdale-liquor-licenses-for-restaurants-bars-and-retailers/","/sitemaps/sitemap-cities.xml","canonical is /cities/fort-lauderdale-liquor-licenses-for-restaurants-bars-and-retailers/"
"REMOVED","https://www.liquorlicenseagents.com/cities/fremont/fremont-liquor-licenses-for-restaurants-bars-and-retailers/","/sitemaps/sitemap-cities.xml","canonical is /cities/fremont-liquor-licenses-for-restaurants-bars-and-retailers/"
"REMOVED","https://www.liquorlicenseagents.com/cities/fresno/fresno-county-type-02-winery-or-winegrower-license/","/sitemaps/sitemap-cities.xml","canonical is /cities/fresno-county-type-02-winery-or-winegrower-license/"
"REMOVED","https://www.liquorlicenseagents.com/cities/fresno/fresno-county-type-20-liquor-license-for-beer-and-wine-off-sale-1/","/sitemaps/sitemap-cities.xml","canonical is /cities/fresno-county-type-20-liquor-license-for-beer-and-wine-off-sale-1/"
"REMOVED","https://www.liquorlicenseagents.com/cities/fresno/fresno-county-type-20-liquor-license-for-beer-and-wine-off-sale/","/sitemaps/sitemap-cities.xml","canonical is /cities/fresno-county-type-20-liquor-license-for-beer-and-wine-off-sale/"
"REMOVED","https://www.liquorlicenseagents.com/cities/fresno/fresno-county-type-23-small-beer-manufacturer-license/","/sitemaps/sitemap-cities.xml","canonical is /cities/fresno-county-type-23-small-beer-manufacturer-license/"
"REMOVED","https://www.liquorlicenseagents.com/cities/fresno/fresno-county-type-75-brewpub-license-for-restaurants-and-breweries/","/sitemaps/sitemap-cities.xml","canonical is /cities/fresno-county-type-75-brewpub-license-for-restaurants-and-breweries/"
"REMOVED","https://www.liquorlicenseagents.com/cities/fresno/fresno-county-type-75-on-sale-general-brewpub-license/","/sitemaps/sitemap-cities.xml","canonical is /cities/fresno-county-type-75-on-sale-general-brewpub-license/"
"REMOVED","https://www.liquorlicenseagents.com/cities/fresno/fresno-county-type-85-limited-off-sale-wine-license/","/sitemaps/sitemap-cities.xml","canonical is /cities/fresno-county-type-85-limited-off-sale-wine-license/"
"REMOVED","https://www.liquorlicenseagents.com/cities/fullerton/fullerton-liquor-licenses-for-restaurants-bars-and-retailers/","/sitemaps/sitemap-cities.xml","canonical is /cities/fullerton-liquor-licenses-for-restaurants-bars-and-retailers/"
"REMOVED","https://www.liquorlicenseagents.com/cities/garden-grove/garden-grove-liquor-licenses-for-restaurants-bars-and-retailers/","/sitemaps/sitemap-cities.xml","canonical is /cities/garden-grove-liquor-licenses-for-restaurants-bars-and-retailers/"
"REMOVED","https://www.liquorlicenseagents.com/cities/gardena/gardena-liquor-licenses-for-restaurants-bars-and-retailers/","/sitemaps/sitemap-cities.xml","canonical is /cities/gardena-liquor-licenses-for-restaurants-bars-and-retailers/"
"REMOVED","https://www.liquorlicenseagents.com/cities/gilbert/gilbert-liquor-licenses-for-restaurants-bars-and-retailers/","/sitemaps/sitemap-cities.xml","canonical is /cities/gilbert-liquor-licenses-for-restaurants-bars-and-retailers/"
"REMOVED","https://www.liquorlicenseagents.com/cities/gilbert/gilbert-series-1-license/","/sitemaps/sitemap-cities.xml","canonical is /cities/gilbert-series-1-license/"
"REMOVED","https://www.liquorlicenseagents.com/cities/gilbert/gilbert-series-10-license/","/sitemaps/sitemap-cities.xml","canonical is /cities/gilbert-series-10-license/"
"REMOVED","https://www.liquorlicenseagents.com/cities/gilbert/gilbert-series-11-license/","/sitemaps/sitemap-cities.xml","canonical is /cities/gilbert-series-11-license/"
"REMOVED","https://www.liquorlicenseagents.com/cities/gilbert/gilbert-series-12-license/","/sitemaps/sitemap-cities.xml","canonical is /cities/gilbert-series-12-license/"
"REMOVED","https://www.liquorlicenseagents.com/cities/gilbert/gilbert-series-6-license/","/sitemaps/sitemap-cities.xml","canonical is /cities/gilbert-series-6-license/"
"REMOVED","https://www.liquorlicenseagents.com/cities/gilbert/gilbert-series-7-license/","/sitemaps/sitemap-cities.xml","canonical is /cities/gilbert-series-7-license/"
"REMOVED","https://www.liquorlicenseagents.com/cities/gilbert/gilbert-series-9-license/","/sitemaps/sitemap-cities.xml","canonical is /cities/gilbert-series-9-license/"
"REMOVED","https://www.liquorlicenseagents.com/cities/glendale/glendale-liquor-licenses-for-restaurants-bars-and-retailers/","/sitemaps/sitemap-cities.xml","canonical is /cities/glendale-liquor-licenses-for-restaurants-bars-and-retailers/"
"REMOVED","https://www.liquorlicenseagents.com/cities/glendale/glendale-series-1-license/","/sitemaps/sitemap-cities.xml","canonical is /cities/glendale-series-1-license/"
"REMOVED","https://www.liquorlicenseagents.com/cities/glendale/glendale-series-10-license/","/sitemaps/sitemap-cities.xml","canonical is /cities/glendale-series-10-license/"
"REMOVED","https://www.liquorlicenseagents.com/cities/glendale/glendale-series-11-license/","/sitemaps/sitemap-cities.xml","canonical is /cities/glendale-series-11-license/"
"REMOVED","https://www.liquorlicenseagents.com/cities/glendale/glendale-series-12-license/","/sitemaps/sitemap-cities.xml","canonical is /cities/glendale-series-12-license/"
"REMOVED","https://www.liquorlicenseagents.com/cities/glendale/glendale-series-6-license/","/sitemaps/sitemap-cities.xml","canonical is /cities/glendale-series-6-license/"
"REMOVED","https://www.liquorlicenseagents.com/cities/glendale/glendale-series-7-license/","/sitemaps/sitemap-cities.xml","canonical is /cities/glendale-series-7-license/"
"REMOVED","https://www.liquorlicenseagents.com/cities/glendale/glendale-series-9-license/","/sitemaps/sitemap-cities.xml","canonical is /cities/glendale-series-9-license/"
"REMOVED","https://www.liquorlicenseagents.com/cities/glendale/glendale-type-20-license/","/sitemaps/sitemap-cities.xml","canonical is /cities/glendale-type-20-license/"
"REMOVED","https://www.liquorlicenseagents.com/cities/glendale/glendale-type-21-license/","/sitemaps/sitemap-cities.xml","canonical is /cities/glendale-type-21-license/"
"REMOVED","https://www.liquorlicenseagents.com/cities/glendale/glendale-type-41-license/","/sitemaps/sitemap-cities.xml","canonical is /cities/glendale-type-41-license/"
"REMOVED","https://www.liquorlicenseagents.com/cities/glendale/glendale-type-47-license/","/sitemaps/sitemap-cities.xml","canonical is /cities/glendale-type-47-license/"
"REMOVED","https://www.liquorlicenseagents.com/cities/glendale/glendale-type-48-license/","/sitemaps/sitemap-cities.xml","canonical is /cities/glendale-type-48-license/"
"REMOVED","https://www.liquorlicenseagents.com/cities/glendale/glendale-type-57-license/","/sitemaps/sitemap-cities.xml","canonical is /cities/glendale-type-57-license/"
"REMOVED","https://www.liquorlicenseagents.com/cities/glendale/glendale-type-61-license/","/sitemaps/sitemap-cities.xml","canonical is /cities/glendale-type-61-license/"
"REMOVED","https://www.liquorlicenseagents.com/cities/glendora/glendora-liquor-licenses-for-restaurants-bars-and-retailers/","/sitemaps/sitemap-cities.xml","canonical is /cities/glendora-liquor-licenses-for-restaurants-bars-and-retailers/"
"REMOVED","https://www.liquorlicenseagents.com/cities/goleta/goleta-liquor-licenses-for-restaurants-bars-and-retailers/","/sitemaps/sitemap-cities.xml","canonical is /cities/goleta-liquor-licenses-for-restaurants-bars-and-retailers/"
"REMOVED","https://www.liquorlicenseagents.com/cities/guadalupe/guadalupe-liquor-licenses-for-restaurants-bars-and-retailers/","/sitemaps/sitemap-cities.xml","canonical is /cities/guadalupe-liquor-licenses-for-restaurants-bars-and-retailers/"
"REMOVED","https://www.liquorlicenseagents.com/cities/hawaiian-gardens/hawaiian-gardens-liquor-licenses-for-restaurants-bars-and-retailers/","/sitemaps/sitemap-cities.xml","canonical is /cities/hawaiian-gardens-liquor-licenses-for-restaurants-bars-and-retailers/"
"REMOVED","https://www.liquorlicenseagents.com/cities/hawthorne/hawthorne-liquor-licenses-for-restaurants-bars-and-retailers/","/sitemaps/sitemap-cities.xml","canonical is /cities/hawthorne-liquor-licenses-for-restaurants-bars-and-retailers/"
"REMOVED","https://www.liquorlicenseagents.com/cities/hayward/hayward-liquor-licenses-for-restaurants-bars-and-retailers/","/sitemaps/sitemap-cities.xml","canonical is /cities/hayward-liquor-licenses-for-restaurants-bars-and-retailers/"
"REMOVED","https://www.liquorlicenseagents.com/cities/hermosa-beach/hermosa-beach-liquor-licenses-for-restaurants-bars-and-retailers/","/sitemaps/sitemap-cities.xml","canonical is /cities/hermosa-beach-liquor-licenses-for-restaurants-bars-and-retailers/"
"REMOVED","https://www.liquorlicenseagents.com/cities/hialeah/hialeah-13ct-license/","/sitemaps/sitemap-cities.xml","canonical is /cities/hialeah-13ct-license/"
"REMOVED","https://www.liquorlicenseagents.com/cities/hialeah/hialeah-2aps-license/","/sitemaps/sitemap-cities.xml","canonical is /cities/hialeah-2aps-license/"
"REMOVED","https://www.liquorlicenseagents.com/cities/hialeah/hialeah-2cop-license/","/sitemaps/sitemap-cities.xml","canonical is /cities/hialeah-2cop-license/"
"REMOVED","https://www.liquorlicenseagents.com/cities/hialeah/hialeah-3ps-quota-license/","/sitemaps/sitemap-cities.xml","canonical is /cities/hialeah-3ps-quota-license/"
"REMOVED","https://www.liquorlicenseagents.com/cities/hialeah/hialeah-4cop-quota-license/","/sitemaps/sitemap-cities.xml","canonical is /cities/hialeah-4cop-quota-license/"
"REMOVED","https://www.liquorlicenseagents.com/cities/hialeah/hialeah-4cop-sfs-license/","/sitemaps/sitemap-cities.xml","canonical is /cities/hialeah-4cop-sfs-license/"
"REMOVED","https://www.liquorlicenseagents.com/cities/hialeah/hialeah-cmb-license/","/sitemaps/sitemap-cities.xml","canonical is /cities/hialeah-cmb-license/"
"REMOVED","https://www.liquorlicenseagents.com/cities/hialeah/hialeah-liquor-licenses-for-restaurants-bars-and-retailers/","/sitemaps/sitemap-cities.xml","canonical is /cities/hialeah-liquor-licenses-for-restaurants-bars-and-retailers/"
"REMOVED","https://www.liquorlicenseagents.com/cities/hidden-hills/hidden-hills-liquor-licenses-for-restaurants-bars-and-retailers/","/sitemaps/sitemap-cities.xml","canonical is /cities/hidden-hills-liquor-licenses-for-restaurants-bars-and-retailers/"
"REMOVED","https://www.liquorlicenseagents.com/cities/huntington-beach/huntington-beach-liquor-licenses-for-restaurants-bars-and-retailers/","/sitemaps/sitemap-cities.xml","canonical is /cities/huntington-beach-liquor-licenses-for-restaurants-bars-and-retailers/"
"REMOVED","https://www.liquorlicenseagents.com/cities/irvine/irvine-liquor-licenses-for-restaurants-bars-and-retailers/","/sitemaps/sitemap-cities.xml","canonical is /cities/irvine-liquor-licenses-for-restaurants-bars-and-retailers/"
"REMOVED","https://www.liquorlicenseagents.com/cities/irwindale/irwindale-liquor-licenses-for-restaurants-bars-and-retailers/","/sitemaps/sitemap-cities.xml","canonical is /cities/irwindale-liquor-licenses-for-restaurants-bars-and-retailers/"
"REMOVED","https://www.liquorlicenseagents.com/cities/jacksonville/jacksonville-13ct-license/","/sitemaps/sitemap-cities.xml","canonical is /cities/jacksonville-13ct-license/"
"REMOVED","https://www.liquorlicenseagents.com/cities/jacksonville/jacksonville-2aps-license/","/sitemaps/sitemap-cities.xml","canonical is /cities/jacksonville-2aps-license/"
"REMOVED","https://www.liquorlicenseagents.com/cities/jacksonville/jacksonville-2cop-license/","/sitemaps/sitemap-cities.xml","canonical is /cities/jacksonville-2cop-license/"
"REMOVED","https://www.liquorlicenseagents.com/cities/jacksonville/jacksonville-3ps-quota-license/","/sitemaps/sitemap-cities.xml","canonical is /cities/jacksonville-3ps-quota-license/"
"REMOVED","https://www.liquorlicenseagents.com/cities/jacksonville/jacksonville-4cop-quota-license/","/sitemaps/sitemap-cities.xml","canonical is /cities/jacksonville-4cop-quota-license/"
"REMOVED","https://www.liquorlicenseagents.com/cities/jacksonville/jacksonville-4cop-sfs-license/","/sitemaps/sitemap-cities.xml","canonical is /cities/jacksonville-4cop-sfs-license/"
"REMOVED","https://www.liquorlicenseagents.com/cities/jacksonville/jacksonville-cmb-license/","/sitemaps/sitemap-cities.xml","canonical is /cities/jacksonville-cmb-license/"
"REMOVED","https://www.liquorlicenseagents.com/cities/jacksonville/jacksonville-liquor-licenses-for-restaurants-bars-and-retailers/","/sitemaps/sitemap-cities.xml","canonical is /cities/jacksonville-liquor-licenses-for-restaurants-bars-and-retailers/"
"REMOVED","https://www.liquorlicenseagents.com/cities/la-canada-flintridge/la-cañada-flintridge-liquor-licenses-for-restaurants-bars-and-retailers/","/sitemaps/sitemap-cities.xml","returns 301 to /404?from=%2Fcities%2Fla-canada-flintridge%2Fla-ca%25C3%25B1ada-flintridge-liquor-licenses-for-restaurants-bars-and-retailers"
"REMOVED","https://www.liquorlicenseagents.com/cities/la-habra-heights/la-habra-heights-liquor-licenses-for-restaurants-bars-and-retailers/","/sitemaps/sitemap-cities.xml","canonical is /cities/la-habra-heights-liquor-licenses-for-restaurants-bars-and-retailers/"
"REMOVED","https://www.liquorlicenseagents.com/cities/la-mesa/la-mesa-liquor-licenses-for-restaurants-bars-and-retailers/","/sitemaps/sitemap-cities.xml","canonical is /cities/la-mesa-liquor-licenses-for-restaurants-bars-and-retailers/"
"REMOVED","https://www.liquorlicenseagents.com/cities/la-mirada/la-mirada-liquor-licenses-for-restaurants-bars-and-retailers/","/sitemaps/sitemap-cities.xml","canonical is /cities/la-mirada-liquor-licenses-for-restaurants-bars-and-retailers/"
"REMOVED","https://www.liquorlicenseagents.com/cities/la-mirada/laguna-woods-type-61-license/","/sitemaps/sitemap-cities.xml","canonical is /cities/laguna-woods-type-61-license/"
"REMOVED","https://www.liquorlicenseagents.com/cities/la-palma/la-palma-liquor-licenses-for-restaurants-bars-and-retailers/","/sitemaps/sitemap-cities.xml","canonical is /cities/la-palma-liquor-licenses-for-restaurants-bars-and-retailers/"
"REMOVED","https://www.liquorlicenseagents.com/cities/la-puente/la-puente-liquor-licenses-for-restaurants-bars-and-retailers/","/sitemaps/sitemap-cities.xml","canonical is /cities/la-puente-liquor-licenses-for-restaurants-bars-and-retailers/"
"REMOVED","https://www.liquorlicenseagents.com/cities/la-verne/la-verne-liquor-licenses-for-restaurants-bars-and-retailers/","/sitemaps/sitemap-cities.xml","canonical is /cities/la-verne-liquor-licenses-for-restaurants-bars-and-retailers/"
"REMOVED","https://www.liquorlicenseagents.com/cities/laguna-beach/laguna-beach-liquor-licenses-for-restaurants-bars-and-retailers/","/sitemaps/sitemap-cities.xml","canonical is /cities/laguna-beach-liquor-licenses-for-restaurants-bars-and-retailers/"
"REMOVED","https://www.liquorlicenseagents.com/cities/laguna-beach/laguna-beach-type-20-license/","/sitemaps/sitemap-cities.xml","canonical is /cities/laguna-beach-type-20-license/"
"REMOVED","https://www.liquorlicenseagents.com/cities/laguna-beach/laguna-beach-type-21-license/","/sitemaps/sitemap-cities.xml","canonical is /cities/laguna-beach-type-21-license/"
"REMOVED","https://www.liquorlicenseagents.com/cities/laguna-beach/laguna-beach-type-41-license/","/sitemaps/sitemap-cities.xml","canonical is /cities/laguna-beach-type-41-license/"
"REMOVED","https://www.liquorlicenseagents.com/cities/laguna-beach/laguna-beach-type-47-license/","/sitemaps/sitemap-cities.xml","canonical is /cities/laguna-beach-type-47-license/"
"REMOVED","https://www.liquorlicenseagents.com/cities/laguna-beach/laguna-beach-type-48-license/","/sitemaps/sitemap-cities.xml","canonical is /cities/laguna-beach-type-48-license/"
"REMOVED","https://www.liquorlicenseagents.com/cities/laguna-beach/laguna-beach-type-57-license/","/sitemaps/sitemap-cities.xml","canonical is /cities/laguna-beach-type-57-license/"
"REMOVED","https://www.liquorlicenseagents.com/cities/laguna-beach/laguna-beach-type-61-license/","/sitemaps/sitemap-cities.xml","canonical is /cities/laguna-beach-type-61-license/"
"REMOVED","https://www.liquorlicenseagents.com/cities/laguna-hills/laguna-hills-liquor-licenses-for-restaurants-bars-and-retailers/","/sitemaps/sitemap-cities.xml","canonical is /cities/laguna-hills-liquor-licenses-for-restaurants-bars-and-retailers/"
"REMOVED","https://www.liquorlicenseagents.com/cities/laguna-niguel/laguna-niguel-liquor-licenses-for-restaurants-bars-and-retailers/","/sitemaps/sitemap-cities.xml","canonical is /cities/laguna-niguel-liquor-licenses-for-restaurants-bars-and-retailers/"
"REMOVED","https://www.liquorlicenseagents.com/cities/laguna-woods/laguna-woods-liquor-licenses-for-restaurants-bars-and-retailers/","/sitemaps/sitemap-cities.xml","canonical is /cities/laguna-woods-liquor-licenses-for-restaurants-bars-and-retailers/"
"REMOVED","https://www.liquorlicenseagents.com/cities/laguna-woods/laguna-woods-type-20-license/","/sitemaps/sitemap-cities.xml","canonical is /cities/laguna-woods-type-20-license/"
"REMOVED","https://www.liquorlicenseagents.com/cities/laguna-woods/laguna-woods-type-21-license/","/sitemaps/sitemap-cities.xml","canonical is /cities/laguna-woods-type-21-license/"
"REMOVED","https://www.liquorlicenseagents.com/cities/laguna-woods/laguna-woods-type-41-license/","/sitemaps/sitemap-cities.xml","canonical is /cities/laguna-woods-type-41-license/"
"REMOVED","https://www.liquorlicenseagents.com/cities/laguna-woods/laguna-woods-type-47-license/","/sitemaps/sitemap-cities.xml","canonical is /cities/laguna-woods-type-47-license/"
"REMOVED","https://www.liquorlicenseagents.com/cities/laguna-woods/laguna-woods-type-48-license/","/sitemaps/sitemap-cities.xml","canonical is /cities/laguna-woods-type-48-license/"
"REMOVED","https://www.liquorlicenseagents.com/cities/laguna-woods/laguna-woods-type-57-license/","/sitemaps/sitemap-cities.xml","canonical is /cities/laguna-woods-type-57-license/"
"REMOVED","https://www.liquorlicenseagents.com/cities/lake-forest/lake-forest-liquor-licenses-for-restaurants-bars-and-retailers/","/sitemaps/sitemap-cities.xml","canonical is /cities/lake-forest-liquor-licenses-for-restaurants-bars-and-retailers/"
"REMOVED","https://www.liquorlicenseagents.com/cities/lakewood/lakewood-liquor-licenses-for-restaurants-bars-and-retailers/","/sitemaps/sitemap-cities.xml","canonical is /cities/lakewood-liquor-licenses-for-restaurants-bars-and-retailers/"
"REMOVED","https://www.liquorlicenseagents.com/cities/lakewood/lakewood-type-20-license/","/sitemaps/sitemap-cities.xml","canonical is /cities/lakewood-type-20-license/"
"REMOVED","https://www.liquorlicenseagents.com/cities/lakewood/lakewood-type-21-license/","/sitemaps/sitemap-cities.xml","canonical is /cities/lakewood-type-21-license/"
"REMOVED","https://www.liquorlicenseagents.com/cities/lakewood/lakewood-type-41-license/","/sitemaps/sitemap-cities.xml","canonical is /cities/lakewood-type-41-license/"
"REMOVED","https://www.liquorlicenseagents.com/cities/lakewood/lakewood-type-47-license/","/sitemaps/sitemap-cities.xml","canonical is /cities/lakewood-type-47-license/"
"REMOVED","https://www.liquorlicenseagents.com/cities/lakewood/lakewood-type-48-license/","/sitemaps/sitemap-cities.xml","canonical is /cities/lakewood-type-48-license/"
"REMOVED","https://www.liquorlicenseagents.com/cities/lakewood/lakewood-type-57-license/","/sitemaps/sitemap-cities.xml","canonical is /cities/lakewood-type-57-license/"
"REMOVED","https://www.liquorlicenseagents.com/cities/lakewood/lakewood-type-61-license/","/sitemaps/sitemap-cities.xml","canonical is /cities/lakewood-type-61-license/"
"REMOVED","https://www.liquorlicenseagents.com/cities/lancaster/lancaster-liquor-licenses-for-restaurants-bars-and-retailers/","/sitemaps/sitemap-cities.xml","canonical is /cities/lancaster-liquor-licenses-for-restaurants-bars-and-retailers/"
"REMOVED","https://www.liquorlicenseagents.com/cities/lawndale/lawndale-liquor-licenses-for-restaurants-bars-and-retailers/","/sitemaps/sitemap-cities.xml","canonical is /cities/lawndale-liquor-licenses-for-restaurants-bars-and-retailers/"
"REMOVED","https://www.liquorlicenseagents.com/cities/lemon-grove/lemon-grove-liquor-licenses-for-restaurants-bars-and-retailers/","/sitemaps/sitemap-cities.xml","canonical is /cities/lemon-grove-liquor-licenses-for-restaurants-bars-and-retailers/"
"REMOVED","https://www.liquorlicenseagents.com/cities/lomita/lomita-liquor-licenses-for-restaurants-bars-and-retailers/","/sitemaps/sitemap-cities.xml","canonical is /cities/lomita-liquor-licenses-for-restaurants-bars-and-retailers/"
"REMOVED","https://www.liquorlicenseagents.com/cities/lompoc/lompoc-liquor-licenses-for-restaurants-bars-and-retailers/","/sitemaps/sitemap-cities.xml","canonical is /cities/lompoc-liquor-licenses-for-restaurants-bars-and-retailers/"
"REMOVED","https://www.liquorlicenseagents.com/cities/long-beach/long-beach-liquor-licenses-for-restaurants-bars-and-retailers/","/sitemaps/sitemap-cities.xml","canonical is /cities/long-beach-liquor-licenses-for-restaurants-bars-and-retailers/"
"REMOVED","https://www.liquorlicenseagents.com/cities/los-alamitos/los-alamitos-liquor-licenses-for-restaurants-bars-and-retailers/","/sitemaps/sitemap-cities.xml","canonical is /cities/los-alamitos-liquor-licenses-for-restaurants-bars-and-retailers/"
"REMOVED","https://www.liquorlicenseagents.com/cities/los-angeles/los-angeles-county-type-02-winery-or-winegrower-license/","/sitemaps/sitemap-cities.xml","canonical is /cities/los-angeles-county-type-02-winery-or-winegrower-license/"
"REMOVED","https://www.liquorlicenseagents.com/cities/los-angeles/los-angeles-county-type-20-liquor-license-for-beer-and-wine-off-sale/","/sitemaps/sitemap-cities.xml","canonical is /cities/los-angeles-county-type-20-liquor-license-for-beer-and-wine-off-sale/"
"REMOVED","https://www.liquorlicenseagents.com/cities/los-angeles/los-angeles-county-type-21-full-liquor-license-for-liquor-stores/","/sitemaps/sitemap-cities.xml","canonical is /cities/los-angeles-county-type-21-full-liquor-license-for-liquor-stores/"
"REMOVED","https://www.liquorlicenseagents.com/cities/los-angeles/los-angeles-county-type-23-small-beer-manufacturer-license/","/sitemaps/sitemap-cities.xml","canonical is /cities/los-angeles-county-type-23-small-beer-manufacturer-license/"
"REMOVED","https://www.liquorlicenseagents.com/cities/los-angeles/los-angeles-county-type-40-on-sale-beer-license/","/sitemaps/sitemap-cities.xml","canonical is /cities/los-angeles-county-type-40-on-sale-beer-license/"
"REMOVED","https://www.liquorlicenseagents.com/cities/los-angeles/los-angeles-county-type-41-beer-and-wine-eating-place-license/","/sitemaps/sitemap-cities.xml","canonical is /cities/los-angeles-county-type-41-beer-and-wine-eating-place-license/"
"REMOVED","https://www.liquorlicenseagents.com/cities/los-angeles/los-angeles-county-type-41-beer-and-wine-license-for-restaurants/","/sitemaps/sitemap-cities.xml","canonical is /cities/los-angeles-county-type-41-beer-and-wine-license-for-restaurants/"
"REMOVED","https://www.liquorlicenseagents.com/cities/los-angeles/los-angeles-county-type-42-on-sale-beer-and-wine-public-premises-license/","/sitemaps/sitemap-cities.xml","canonical is /cities/los-angeles-county-type-42-on-sale-beer-and-wine-public-premises-license/"
"REMOVED","https://www.liquorlicenseagents.com/cities/los-angeles/los-angeles-county-type-47-full-liquor-license-for-restaurants/","/sitemaps/sitemap-cities.xml","canonical is /cities/los-angeles-county-type-47-full-liquor-license-for-restaurants/"
"REMOVED","https://www.liquorlicenseagents.com/cities/los-angeles/los-angeles-county-type-48-full-liquor-license-for-bars-and-nightclubs/","/sitemaps/sitemap-cities.xml","canonical is /cities/los-angeles-county-type-48-full-liquor-license-for-bars-and-nightclubs/"
"REMOVED","https://www.liquorlicenseagents.com/cities/los-angeles/los-angeles-county-type-75-on-sale-general-brewpub-license/","/sitemaps/sitemap-cities.xml","canonical is /cities/los-angeles-county-type-75-on-sale-general-brewpub-license/"
"REMOVED","https://www.liquorlicenseagents.com/cities/los-angeles/los-angeles-liquor-licenses-for-restaurants-bars-and-retailers/","/sitemaps/sitemap-cities.xml","canonical is /cities/los-angeles-liquor-licenses-for-restaurants-bars-and-retailers/"
"REMOVED","https://www.liquorlicenseagents.com/cities/lynwood/lynwood-liquor-licenses-for-restaurants-bars-and-retailers/","/sitemaps/sitemap-cities.xml","canonical is /cities/lynwood-liquor-licenses-for-restaurants-bars-and-retailers/"
"REMOVED","https://www.liquorlicenseagents.com/cities/malibu/malibu-liquor-licenses-for-restaurants-bars-and-retailers/","/sitemaps/sitemap-cities.xml","canonical is /cities/malibu-liquor-licenses-for-restaurants-bars-and-retailers/"
"REMOVED","https://www.liquorlicenseagents.com/cities/malibu/malibu-type-20-license/","/sitemaps/sitemap-cities.xml","canonical is /cities/malibu-type-20-license/"
"REMOVED","https://www.liquorlicenseagents.com/cities/malibu/malibu-type-21-license/","/sitemaps/sitemap-cities.xml","canonical is /cities/malibu-type-21-license/"
"REMOVED","https://www.liquorlicenseagents.com/cities/malibu/malibu-type-41-license/","/sitemaps/sitemap-cities.xml","canonical is /cities/malibu-type-41-license/"
"REMOVED","https://www.liquorlicenseagents.com/cities/malibu/malibu-type-47-license/","/sitemaps/sitemap-cities.xml","canonical is /cities/malibu-type-47-license/"
"REMOVED","https://www.liquorlicenseagents.com/cities/malibu/malibu-type-57-license/","/sitemaps/sitemap-cities.xml","canonical is /cities/malibu-type-57-license/"
"REMOVED","https://www.liquorlicenseagents.com/cities/malibu/malibu-type-61-license/","/sitemaps/sitemap-cities.xml","canonical is /cities/malibu-type-61-license/"
"REMOVED","https://www.liquorlicenseagents.com/cities/manhattan-beach/manhattan-beach-liquor-licenses-for-restaurants-bars-and-retailers/","/sitemaps/sitemap-cities.xml","canonical is /cities/manhattan-beach-liquor-licenses-for-restaurants-bars-and-retailers/"
"REMOVED","https://www.liquorlicenseagents.com/cities/maywood/maywood-liquor-licenses-for-restaurants-bars-and-retailers/","/sitemaps/sitemap-cities.xml","canonical is /cities/maywood-liquor-licenses-for-restaurants-bars-and-retailers/"
"REMOVED","https://www.liquorlicenseagents.com/cities/mesa/mesa-liquor-licenses-for-restaurants-bars-and-retailers/","/sitemaps/sitemap-cities.xml","canonical is /cities/mesa-liquor-licenses-for-restaurants-bars-and-retailers/"
"REMOVED","https://www.liquorlicenseagents.com/cities/mesa/mesa-series-1-license/","/sitemaps/sitemap-cities.xml","canonical is /cities/mesa-series-1-license/"
"REMOVED","https://www.liquorlicenseagents.com/cities/mesa/mesa-series-10-license/","/sitemaps/sitemap-cities.xml","canonical is /cities/mesa-series-10-license/"
"REMOVED","https://www.liquorlicenseagents.com/cities/mesa/mesa-series-11-license/","/sitemaps/sitemap-cities.xml","canonical is /cities/mesa-series-11-license/"
"REMOVED","https://www.liquorlicenseagents.com/cities/mesa/mesa-series-12-license/","/sitemaps/sitemap-cities.xml","canonical is /cities/mesa-series-12-license/"
"REMOVED","https://www.liquorlicenseagents.com/cities/mesa/mesa-series-6-license/","/sitemaps/sitemap-cities.xml","canonical is /cities/mesa-series-6-license/"
"REMOVED","https://www.liquorlicenseagents.com/cities/mesa/mesa-series-7-license/","/sitemaps/sitemap-cities.xml","canonical is /cities/mesa-series-7-license/"
"REMOVED","https://www.liquorlicenseagents.com/cities/mesa/mesa-series-9-license/","/sitemaps/sitemap-cities.xml","canonical is /cities/mesa-series-9-license/"
"REMOVED","https://www.liquorlicenseagents.com/cities/miami/miami-13ct-license/","/sitemaps/sitemap-cities.xml","canonical is /cities/miami-13ct-license/"
"REMOVED","https://www.liquorlicenseagents.com/cities/miami/miami-2aps-license/","/sitemaps/sitemap-cities.xml","canonical is /cities/miami-2aps-license/"
"REMOVED","https://www.liquorlicenseagents.com/cities/miami/miami-2cop-license/","/sitemaps/sitemap-cities.xml","canonical is /cities/miami-2cop-license/"
"REMOVED","https://www.liquorlicenseagents.com/cities/miami/miami-3ps-quota-license/","/sitemaps/sitemap-cities.xml","canonical is /cities/miami-3ps-quota-license/"
"REMOVED","https://www.liquorlicenseagents.com/cities/miami/miami-4cop-quota-license/","/sitemaps/sitemap-cities.xml","canonical is /cities/miami-4cop-quota-license/"
"REMOVED","https://www.liquorlicenseagents.com/cities/miami/miami-4cop-sfs-license/","/sitemaps/sitemap-cities.xml","canonical is /cities/miami-4cop-sfs-license/"
"REMOVED","https://www.liquorlicenseagents.com/cities/miami/miami-liquor-licenses-for-restaurants-bars-and-retailers/","/sitemaps/sitemap-cities.xml","canonical is /cities/miami-liquor-licenses-for-restaurants-bars-and-retailers/"
"REMOVED","https://www.liquorlicenseagents.com/cities/mission-viejo/mission-viejo-liquor-licenses-for-restaurants-bars-and-retailers/","/sitemaps/sitemap-cities.xml","canonical is /cities/mission-viejo-liquor-licenses-for-restaurants-bars-and-retailers/"
"REMOVED","https://www.liquorlicenseagents.com/cities/monrovia/monrovia-liquor-licenses-for-restaurants-bars-and-retailers/","/sitemaps/sitemap-cities.xml","canonical is /cities/monrovia-liquor-licenses-for-restaurants-bars-and-retailers/"
"REMOVED","https://www.liquorlicenseagents.com/cities/montebello/montebello-liquor-licenses-for-restaurants-bars-and-retailers/","/sitemaps/sitemap-cities.xml","canonical is /cities/montebello-liquor-licenses-for-restaurants-bars-and-retailers/"
"REMOVED","https://www.liquorlicenseagents.com/cities/moreno-valley/moreno-valley-liquor-licenses-for-restaurants-bars-and-retailers/","/sitemaps/sitemap-cities.xml","canonical is /cities/moreno-valley-liquor-licenses-for-restaurants-bars-and-retailers/"
"REMOVED","https://www.liquorlicenseagents.com/cities/murrieta/murrieta-liquor-licenses-for-restaurants-bars-and-retailers/","/sitemaps/sitemap-cities.xml","canonical is /cities/murrieta-liquor-licenses-for-restaurants-bars-and-retailers/"
"REMOVED","https://www.liquorlicenseagents.com/cities/newport-beach/newport-beach-type-20-license/","/sitemaps/sitemap-cities.xml","canonical is /cities/newport-beach-type-20-license/"
"REMOVED","https://www.liquorlicenseagents.com/cities/newport-beach/newport-beach-type-21-license/","/sitemaps/sitemap-cities.xml","canonical is /cities/newport-beach-type-21-license/"
"REMOVED","https://www.liquorlicenseagents.com/cities/newport-beach/newport-beach-type-41-license/","/sitemaps/sitemap-cities.xml","canonical is /cities/newport-beach-type-41-license/"
"REMOVED","https://www.liquorlicenseagents.com/cities/newport-beach/newport-beach-type-47-license/","/sitemaps/sitemap-cities.xml","canonical is /cities/newport-beach-type-47-license/"
"REMOVED","https://www.liquorlicenseagents.com/cities/newport-beach/newport-beach-type-48-license/","/sitemaps/sitemap-cities.xml","canonical is /cities/newport-beach-type-48-license/"
"REMOVED","https://www.liquorlicenseagents.com/cities/newport-beach/newport-beach-type-57-license/","/sitemaps/sitemap-cities.xml","canonical is /cities/newport-beach-type-57-license/"
"REMOVED","https://www.liquorlicenseagents.com/cities/newport-beach/newport-beach-type-61-license/","/sitemaps/sitemap-cities.xml","canonical is /cities/newport-beach-type-61-license/"
"REMOVED","https://www.liquorlicenseagents.com/cities/norwalk/norwalk-liquor-licenses-for-restaurants-bars-and-retailers/","/sitemaps/sitemap-cities.xml","canonical is /cities/norwalk-liquor-licenses-for-restaurants-bars-and-retailers/"
"REMOVED","https://www.liquorlicenseagents.com/cities/norwalk/norwalk-type-20-license/","/sitemaps/sitemap-cities.xml","canonical is /cities/norwalk-type-20-license/"
"REMOVED","https://www.liquorlicenseagents.com/cities/norwalk/norwalk-type-21-license/","/sitemaps/sitemap-cities.xml","canonical is /cities/norwalk-type-21-license/"
"REMOVED","https://www.liquorlicenseagents.com/cities/norwalk/norwalk-type-41-license/","/sitemaps/sitemap-cities.xml","canonical is /cities/norwalk-type-41-license/"
"REMOVED","https://www.liquorlicenseagents.com/cities/norwalk/norwalk-type-47-license/","/sitemaps/sitemap-cities.xml","canonical is /cities/norwalk-type-47-license/"
"REMOVED","https://www.liquorlicenseagents.com/cities/norwalk/norwalk-type-48-license/","/sitemaps/sitemap-cities.xml","canonical is /cities/norwalk-type-48-license/"
"REMOVED","https://www.liquorlicenseagents.com/cities/norwalk/norwalk-type-57-license/","/sitemaps/sitemap-cities.xml","canonical is /cities/norwalk-type-57-license/"
"REMOVED","https://www.liquorlicenseagents.com/cities/norwalk/norwalk-type-61-license/","/sitemaps/sitemap-cities.xml","canonical is /cities/norwalk-type-61-license/"
"REMOVED","https://www.liquorlicenseagents.com/cities/oakland/oakland-liquor-licenses-for-restaurants-bars-and-retailers/","/sitemaps/sitemap-cities.xml","canonical is /cities/oakland-liquor-licenses-for-restaurants-bars-and-retailers/"
"REMOVED","https://www.liquorlicenseagents.com/cities/oakland/oakland-type-20-license/","/sitemaps/sitemap-cities.xml","canonical is /cities/oakland-type-20-license/"
"REMOVED","https://www.liquorlicenseagents.com/cities/oakland/oakland-type-21-license/","/sitemaps/sitemap-cities.xml","canonical is /cities/oakland-type-21-license/"
"REMOVED","https://www.liquorlicenseagents.com/cities/oakland/oakland-type-41-license/","/sitemaps/sitemap-cities.xml","canonical is /cities/oakland-type-41-license/"
"REMOVED","https://www.liquorlicenseagents.com/cities/oakland/oakland-type-47-license/","/sitemaps/sitemap-cities.xml","canonical is /cities/oakland-type-47-license/"
"REMOVED","https://www.liquorlicenseagents.com/cities/oakland/oakland-type-48-license/","/sitemaps/sitemap-cities.xml","canonical is /cities/oakland-type-48-license/"
"REMOVED","https://www.liquorlicenseagents.com/cities/oakland/oakland-type-57-license/","/sitemaps/sitemap-cities.xml","canonical is /cities/oakland-type-57-license/"
"REMOVED","https://www.liquorlicenseagents.com/cities/oakland/oakland-type-61-license/","/sitemaps/sitemap-cities.xml","canonical is /cities/oakland-type-61-license/"
"REMOVED","https://www.liquorlicenseagents.com/cities/oceanside/oceanside-liquor-licenses-for-restaurants-bars-and-retailers/","/sitemaps/sitemap-cities.xml","canonical is /cities/oceanside-liquor-licenses-for-restaurants-bars-and-retailers/"
"REMOVED","https://www.liquorlicenseagents.com/cities/oceanside/oceanside-type-20-license/","/sitemaps/sitemap-cities.xml","canonical is /cities/oceanside-type-20-license/"
"REMOVED","https://www.liquorlicenseagents.com/cities/oceanside/oceanside-type-21-license/","/sitemaps/sitemap-cities.xml","canonical is /cities/oceanside-type-21-license/"
"REMOVED","https://www.liquorlicenseagents.com/cities/oceanside/oceanside-type-41-license/","/sitemaps/sitemap-cities.xml","canonical is /cities/oceanside-type-41-license/"
"REMOVED","https://www.liquorlicenseagents.com/cities/oceanside/oceanside-type-47-license/","/sitemaps/sitemap-cities.xml","canonical is /cities/oceanside-type-47-license/"
"REMOVED","https://www.liquorlicenseagents.com/cities/oceanside/oceanside-type-48-license/","/sitemaps/sitemap-cities.xml","canonical is /cities/oceanside-type-48-license/"
"REMOVED","https://www.liquorlicenseagents.com/cities/oceanside/oceanside-type-57-license/","/sitemaps/sitemap-cities.xml","canonical is /cities/oceanside-type-57-license/"
"REMOVED","https://www.liquorlicenseagents.com/cities/oceanside/oceanside-type-61-license/","/sitemaps/sitemap-cities.xml","canonical is /cities/oceanside-type-61-license/"
"REMOVED","https://www.liquorlicenseagents.com/cities/ontario/ontario-liquor-licenses-for-restaurants-bars-and-retailers/","/sitemaps/sitemap-cities.xml","canonical is /cities/ontario-liquor-licenses-for-restaurants-bars-and-retailers/"
"REMOVED","https://www.liquorlicenseagents.com/cities/orange/city-of-orange-liquor-licenses-for-restaurants-bars-and-retailers/","/sitemaps/sitemap-cities.xml","canonical is /cities/city-of-orange-liquor-licenses-for-restaurants-bars-and-retailers/"
"REMOVED","https://www.liquorlicenseagents.com/cities/orlando/orlando-13ct-license/","/sitemaps/sitemap-cities.xml","canonical is /cities/orlando-13ct-license/"
"REMOVED","https://www.liquorlicenseagents.com/cities/orlando/orlando-2aps-license/","/sitemaps/sitemap-cities.xml","canonical is /cities/orlando-2aps-license/"
"REMOVED","https://www.liquorlicenseagents.com/cities/orlando/orlando-2cop-license/","/sitemaps/sitemap-cities.xml","canonical is /cities/orlando-2cop-license/"
"REMOVED","https://www.liquorlicenseagents.com/cities/orlando/orlando-3ps-quota-license/","/sitemaps/sitemap-cities.xml","canonical is /cities/orlando-3ps-quota-license/"
"REMOVED","https://www.liquorlicenseagents.com/cities/orlando/orlando-4cop-quota-license/","/sitemaps/sitemap-cities.xml","canonical is /cities/orlando-4cop-quota-license/"
"REMOVED","https://www.liquorlicenseagents.com/cities/orlando/orlando-4cop-sfs-license/","/sitemaps/sitemap-cities.xml","canonical is /cities/orlando-4cop-sfs-license/"
"REMOVED","https://www.liquorlicenseagents.com/cities/orlando/orlando-cmb-license/","/sitemaps/sitemap-cities.xml","canonical is /cities/orlando-cmb-license/"
"REMOVED","https://www.liquorlicenseagents.com/cities/orlando/orlando-liquor-licenses-for-restaurants-bars-and-retailers/","/sitemaps/sitemap-cities.xml","canonical is /cities/orlando-liquor-licenses-for-restaurants-bars-and-retailers/"
"REMOVED","https://www.liquorlicenseagents.com/cities/oxnard/oxnard-liquor-licenses-for-restaurants-bars-and-retailers/","/sitemaps/sitemap-cities.xml","canonical is /cities/oxnard-liquor-licenses-for-restaurants-bars-and-retailers/"
"REMOVED","https://www.liquorlicenseagents.com/cities/oxnard/oxnard-type-20-license/","/sitemaps/sitemap-cities.xml","canonical is /cities/oxnard-type-20-license/"
"REMOVED","https://www.liquorlicenseagents.com/cities/oxnard/oxnard-type-21-license/","/sitemaps/sitemap-cities.xml","canonical is /cities/oxnard-type-21-license/"
"REMOVED","https://www.liquorlicenseagents.com/cities/oxnard/oxnard-type-41-license/","/sitemaps/sitemap-cities.xml","canonical is /cities/oxnard-type-41-license/"
"REMOVED","https://www.liquorlicenseagents.com/cities/oxnard/oxnard-type-47-license/","/sitemaps/sitemap-cities.xml","canonical is /cities/oxnard-type-47-license/"
"REMOVED","https://www.liquorlicenseagents.com/cities/oxnard/oxnard-type-48-license/","/sitemaps/sitemap-cities.xml","canonical is /cities/oxnard-type-48-license/"
"REMOVED","https://www.liquorlicenseagents.com/cities/oxnard/oxnard-type-57-license/","/sitemaps/sitemap-cities.xml","canonical is /cities/oxnard-type-57-license/"
"REMOVED","https://www.liquorlicenseagents.com/cities/oxnard/oxnard-type-61-license/","/sitemaps/sitemap-cities.xml","canonical is /cities/oxnard-type-61-license/"
"REMOVED","https://www.liquorlicenseagents.com/cities/palm-desert/palm-desert-liquor-licenses-for-restaurants-bars-and-retailers/","/sitemaps/sitemap-cities.xml","canonical is /cities/palm-desert-liquor-licenses-for-restaurants-bars-and-retailers/"
"REMOVED","https://www.liquorlicenseagents.com/cities/palmdale/palmdale-liquor-licenses-for-restaurants-bars-and-retailers/","/sitemaps/sitemap-cities.xml","canonical is /cities/palmdale-liquor-licenses-for-restaurants-bars-and-retailers/"
"REMOVED","https://www.liquorlicenseagents.com/cities/palo-alto/palo-alto-liquor-licenses-for-restaurants-bars-and-retailers/","/sitemaps/sitemap-cities.xml","canonical is /cities/palo-alto-liquor-licenses-for-restaurants-bars-and-retailers/"
"REMOVED","https://www.liquorlicenseagents.com/cities/palos-verdes-estates/palos-verdes-estates-liquor-licenses-for-restaurants-bars-and-retailers/","/sitemaps/sitemap-cities.xml","canonical is /cities/palos-verdes-estates-liquor-licenses-for-restaurants-bars-and-retailers/"
"REMOVED","https://www.liquorlicenseagents.com/cities/paramount/paramount-liquor-licenses-for-restaurants-bars-and-retailers/","/sitemaps/sitemap-cities.xml","canonical is /cities/paramount-liquor-licenses-for-restaurants-bars-and-retailers/"
"REMOVED","https://www.liquorlicenseagents.com/cities/pasadena/pasadena-liquor-licenses-for-restaurants-bars-and-retailers/","/sitemaps/sitemap-cities.xml","canonical is /cities/pasadena-liquor-licenses-for-restaurants-bars-and-retailers/"
"REMOVED","https://www.liquorlicenseagents.com/cities/peoria/peoria-liquor-licenses-for-restaurants-bars-and-retailers/","/sitemaps/sitemap-cities.xml","canonical is /cities/peoria-liquor-licenses-for-restaurants-bars-and-retailers/"
"REMOVED","https://www.liquorlicenseagents.com/cities/peoria/peoria-series-1-license/","/sitemaps/sitemap-cities.xml","canonical is /cities/peoria-series-1-license/"
"REMOVED","https://www.liquorlicenseagents.com/cities/peoria/peoria-series-10-license/","/sitemaps/sitemap-cities.xml","canonical is /cities/peoria-series-10-license/"
"REMOVED","https://www.liquorlicenseagents.com/cities/peoria/peoria-series-11-license/","/sitemaps/sitemap-cities.xml","canonical is /cities/peoria-series-11-license/"
"REMOVED","https://www.liquorlicenseagents.com/cities/peoria/peoria-series-12-license/","/sitemaps/sitemap-cities.xml","canonical is /cities/peoria-series-12-license/"
"REMOVED","https://www.liquorlicenseagents.com/cities/peoria/peoria-series-6-license/","/sitemaps/sitemap-cities.xml","canonical is /cities/peoria-series-6-license/"
"REMOVED","https://www.liquorlicenseagents.com/cities/peoria/peoria-series-7-license/","/sitemaps/sitemap-cities.xml","canonical is /cities/peoria-series-7-license/"
"REMOVED","https://www.liquorlicenseagents.com/cities/peoria/peoria-series-9-license/","/sitemaps/sitemap-cities.xml","canonical is /cities/peoria-series-9-license/"
"REMOVED","https://www.liquorlicenseagents.com/cities/phoenix/phoenix-liquor-licenses-for-restaurants-bars-and-retailers/","/sitemaps/sitemap-cities.xml","canonical is /cities/phoenix-liquor-licenses-for-restaurants-bars-and-retailers/"
"REMOVED","https://www.liquorlicenseagents.com/cities/phoenix/phoenix-series-1-license/","/sitemaps/sitemap-cities.xml","canonical is /cities/phoenix-series-1-license/"
"REMOVED","https://www.liquorlicenseagents.com/cities/phoenix/phoenix-series-10-license/","/sitemaps/sitemap-cities.xml","canonical is /cities/phoenix-series-10-license/"
"REMOVED","https://www.liquorlicenseagents.com/cities/phoenix/phoenix-series-11-license/","/sitemaps/sitemap-cities.xml","canonical is /cities/phoenix-series-11-license/"
"REMOVED","https://www.liquorlicenseagents.com/cities/phoenix/phoenix-series-12-license/","/sitemaps/sitemap-cities.xml","canonical is /cities/phoenix-series-12-license/"
"REMOVED","https://www.liquorlicenseagents.com/cities/phoenix/phoenix-series-6-license/","/sitemaps/sitemap-cities.xml","canonical is /cities/phoenix-series-6-license/"
"REMOVED","https://www.liquorlicenseagents.com/cities/phoenix/phoenix-series-7-license/","/sitemaps/sitemap-cities.xml","canonical is /cities/phoenix-series-7-license/"
"REMOVED","https://www.liquorlicenseagents.com/cities/phoenix/phoenix-series-9-license/","/sitemaps/sitemap-cities.xml","canonical is /cities/phoenix-series-9-license/"
"REMOVED","https://www.liquorlicenseagents.com/cities/pico-rivera/pico-rivera-liquor-licenses-for-restaurants-bars-and-retailers/","/sitemaps/sitemap-cities.xml","canonical is /cities/pico-rivera-liquor-licenses-for-restaurants-bars-and-retailers/"
"REMOVED","https://www.liquorlicenseagents.com/cities/placentia/placentia-liquor-licenses-for-restaurants-bars-and-retailers/","/sitemaps/sitemap-cities.xml","canonical is /cities/placentia-liquor-licenses-for-restaurants-bars-and-retailers/"
"REMOVED","https://www.liquorlicenseagents.com/cities/pomona/pomona-liquor-licenses-for-restaurants-bars-and-retailers/","/sitemaps/sitemap-cities.xml","canonical is /cities/pomona-liquor-licenses-for-restaurants-bars-and-retailers/"
"REMOVED","https://www.liquorlicenseagents.com/cities/port-st-lucie/port-st-lucie-13ct-license/","/sitemaps/sitemap-cities.xml","canonical is /cities/port-st-lucie-13ct-license/"
"REMOVED","https://www.liquorlicenseagents.com/cities/port-st-lucie/port-st-lucie-2aps-license/","/sitemaps/sitemap-cities.xml","canonical is /cities/port-st-lucie-2aps-license/"
"REMOVED","https://www.liquorlicenseagents.com/cities/port-st-lucie/port-st-lucie-2cop-license/","/sitemaps/sitemap-cities.xml","canonical is /cities/port-st-lucie-2cop-license/"
"REMOVED","https://www.liquorlicenseagents.com/cities/port-st-lucie/port-st-lucie-3ps-quota-license/","/sitemaps/sitemap-cities.xml","canonical is /cities/port-st-lucie-3ps-quota-license/"
"REMOVED","https://www.liquorlicenseagents.com/cities/port-st-lucie/port-st-lucie-4cop-quota-license/","/sitemaps/sitemap-cities.xml","canonical is /cities/port-st-lucie-4cop-quota-license/"
"REMOVED","https://www.liquorlicenseagents.com/cities/port-st-lucie/port-st-lucie-4cop-sfs-license/","/sitemaps/sitemap-cities.xml","canonical is /cities/port-st-lucie-4cop-sfs-license/"
"REMOVED","https://www.liquorlicenseagents.com/cities/port-st-lucie/port-st-lucie-cmb-license/","/sitemaps/sitemap-cities.xml","canonical is /cities/port-st-lucie-cmb-license/"
"REMOVED","https://www.liquorlicenseagents.com/cities/port-st-lucie/port-st-lucie-liquor-licenses-for-restaurants-bars-and-retailers/","/sitemaps/sitemap-cities.xml","canonical is /cities/port-st-lucie-liquor-licenses-for-restaurants-bars-and-retailers/"
"REMOVED","https://www.liquorlicenseagents.com/cities/rancho-mirage/rancho-mirage-liquor-licenses-for-restaurants-bars-and-retailers-1/","/sitemaps/sitemap-cities.xml","canonical is /cities/rancho-mirage-liquor-licenses-for-restaurants-bars-and-retailers-1/"
"REMOVED","https://www.liquorlicenseagents.com/cities/rancho-santa-margarita/rancho-santa-margarita-liquor-licenses-for-restaurants-bars-and-retailers/","/sitemaps/sitemap-cities.xml","canonical is /cities/rancho-santa-margarita-liquor-licenses-for-restaurants-bars-and-retailers/"
"REMOVED","https://www.liquorlicenseagents.com/cities/redondo-beach/redondo-beach-liquor-licenses-for-restaurants-bars-and-retailers/","/sitemaps/sitemap-cities.xml","canonical is /cities/redondo-beach-liquor-licenses-for-restaurants-bars-and-retailers/"
"REMOVED","https://www.liquorlicenseagents.com/cities/richmond/richmond-liquor-licenses-for-restaurants-bars-and-retailers/","/sitemaps/sitemap-cities.xml","canonical is /cities/richmond-liquor-licenses-for-restaurants-bars-and-retailers/"
"REMOVED","https://www.liquorlicenseagents.com/cities/rolling-hills-estates/rolling-hills-estates-liquor-licenses-for-restaurants-bars-and-retailers/","/sitemaps/sitemap-cities.xml","canonical is /cities/rolling-hills-estates-liquor-licenses-for-restaurants-bars-and-retailers/"
"REMOVED","https://www.liquorlicenseagents.com/cities/rosemead/rosemead-liquor-licenses-for-restaurants-bars-and-retailers/","/sitemaps/sitemap-cities.xml","canonical is /cities/rosemead-liquor-licenses-for-restaurants-bars-and-retailers/"
"REMOVED","https://www.liquorlicenseagents.com/cities/san-clemente/san-clemente-liquor-licenses-for-restaurants-bars-and-retailers-1/","/sitemaps/sitemap-cities.xml","canonical is /cities/san-clemente-liquor-licenses-for-restaurants-bars-and-retailers-1/"
"REMOVED","https://www.liquorlicenseagents.com/cities/san-clemente/san-clemente-liquor-licenses-for-restaurants-bars-and-retailers/","/sitemaps/sitemap-cities.xml","canonical is /cities/san-clemente-liquor-licenses-for-restaurants-bars-and-retailers/"
"REMOVED","https://www.liquorlicenseagents.com/cities/san-diego/san-diego-county-type-02-winery-or-winegrower-license/","/sitemaps/sitemap-cities.xml","canonical is /cities/san-diego-county-type-02-winery-or-winegrower-license/"
"REMOVED","https://www.liquorlicenseagents.com/cities/san-diego/san-diego-county-type-20-liquor-license-for-beer-and-wine-off-sale/","/sitemaps/sitemap-cities.xml","canonical is /cities/san-diego-county-type-20-liquor-license-for-beer-and-wine-off-sale/"
"REMOVED","https://www.liquorlicenseagents.com/cities/san-diego/san-diego-county-type-23-small-beer-manufacturer-license/","/sitemaps/sitemap-cities.xml","canonical is /cities/san-diego-county-type-23-small-beer-manufacturer-license/"
"REMOVED","https://www.liquorlicenseagents.com/cities/san-diego/san-diego-county-type-40-on-sale-beer-license/","/sitemaps/sitemap-cities.xml","canonical is /cities/san-diego-county-type-40-on-sale-beer-license/"
"REMOVED","https://www.liquorlicenseagents.com/cities/san-diego/san-diego-county-type-41-beer-and-wine-license-for-restaurants/","/sitemaps/sitemap-cities.xml","canonical is /cities/san-diego-county-type-41-beer-and-wine-license-for-restaurants/"
"REMOVED","https://www.liquorlicenseagents.com/cities/san-diego/san-diego-county-type-47-full-liquor-license-for-restaurants/","/sitemaps/sitemap-cities.xml","canonical is /cities/san-diego-county-type-47-full-liquor-license-for-restaurants/"
"REMOVED","https://www.liquorlicenseagents.com/cities/san-diego/san-diego-county-type-75-on-sale-general-brewpub-license/","/sitemaps/sitemap-cities.xml","canonical is /cities/san-diego-county-type-75-on-sale-general-brewpub-license/"
"REMOVED","https://www.liquorlicenseagents.com/cities/san-diego/san-diego-liquor-licenses-for-restaurants-bars-and-retailers-1/","/sitemaps/sitemap-cities.xml","canonical is /cities/san-diego-liquor-licenses-for-restaurants-bars-and-retailers-1/"
"REMOVED","https://www.liquorlicenseagents.com/cities/san-diego/san-diego-liquor-licenses-for-restaurants-bars-and-retailers/","/sitemaps/sitemap-cities.xml","canonical is /cities/san-diego-liquor-licenses-for-restaurants-bars-and-retailers/"
"REMOVED","https://www.liquorlicenseagents.com/cities/san-dimas/san-dimas-liquor-licenses-for-restaurants-bars-and-retailers-1/","/sitemaps/sitemap-cities.xml","canonical is /cities/san-dimas-liquor-licenses-for-restaurants-bars-and-retailers-1/"
"REMOVED","https://www.liquorlicenseagents.com/cities/san-dimas/san-dimas-liquor-licenses-for-restaurants-bars-and-retailers/","/sitemaps/sitemap-cities.xml","canonical is /cities/san-dimas-liquor-licenses-for-restaurants-bars-and-retailers/"
"REMOVED","https://www.liquorlicenseagents.com/cities/san-fernando/san-fernando-liquor-licenses-for-restaurants-bars-and-retailers-1/","/sitemaps/sitemap-cities.xml","canonical is /cities/san-fernando-liquor-licenses-for-restaurants-bars-and-retailers-1/"
"REMOVED","https://www.liquorlicenseagents.com/cities/san-fernando/san-fernando-liquor-licenses-for-restaurants-bars-and-retailers/","/sitemaps/sitemap-cities.xml","canonical is /cities/san-fernando-liquor-licenses-for-restaurants-bars-and-retailers/"
"REMOVED","https://www.liquorlicenseagents.com/cities/san-francisco/san-francisco-liquor-licenses-for-restaurants-bars-and-retailers/","/sitemaps/sitemap-cities.xml","San Francisco city page, marked for removal"
"REMOVED","https://www.liquorlicenseagents.com/cities/san-francisco/san-francisco-type-20-liquor-license-for-beer-and-wine-off-sale/","/sitemaps/sitemap-cities.xml","San Francisco city page, marked for removal"
"REMOVED","https://www.liquorlicenseagents.com/cities/san-francisco/san-francisco-type-21-full-liquor-license-for-liquor-stores/","/sitemaps/sitemap-cities.xml","San Francisco city page, marked for removal"
"REMOVED","https://www.liquorlicenseagents.com/cities/san-francisco/san-francisco-type-41-beer-and-wine-license-for-restaurants/","/sitemaps/sitemap-cities.xml","San Francisco city page, marked for removal"
"REMOVED","https://www.liquorlicenseagents.com/cities/san-francisco/san-francisco-type-47-full-liquor-license-for-restaurants/","/sitemaps/sitemap-cities.xml","San Francisco city page, marked for removal"
"REMOVED","https://www.liquorlicenseagents.com/cities/san-francisco/san-francisco-type-48-full-liquor-license-for-bars-and-nightclubs/","/sitemaps/sitemap-cities.xml","San Francisco city page, marked for removal"
"REMOVED","https://www.liquorlicenseagents.com/cities/san-gabriel/san-gabriel-liquor-licenses-for-restaurants-bars-and-retailers/","/sitemaps/sitemap-cities.xml","canonical is /cities/san-gabriel-liquor-licenses-for-restaurants-bars-and-retailers/"
"REMOVED","https://www.liquorlicenseagents.com/cities/san-juan-capistrano/san-juan-capistrano-liquor-licenses-for-restaurants-bars-and-retailers-1/","/sitemaps/sitemap-cities.xml","canonical is /cities/san-juan-capistrano-liquor-licenses-for-restaurants-bars-and-retailers-1/"
"REMOVED","https://www.liquorlicenseagents.com/cities/san-marcos/san-marcos-liquor-licenses-for-restaurants-bars-and-retailers/","/sitemaps/sitemap-cities.xml","canonical is /cities/san-marcos-liquor-licenses-for-restaurants-bars-and-retailers/"
"REMOVED","https://www.liquorlicenseagents.com/cities/san-marino/san-marino-liquor-licenses-for-restaurants-bars-and-retailers/","/sitemaps/sitemap-cities.xml","canonical is /cities/san-marino-liquor-licenses-for-restaurants-bars-and-retailers/"
"REMOVED","https://www.liquorlicenseagents.com/cities/santa-ana/santa-ana-liquor-licenses-for-restaurants-bars-and-retailers/","/sitemaps/sitemap-cities.xml","canonical is /cities/santa-ana-liquor-licenses-for-restaurants-bars-and-retailers/"
"REMOVED","https://www.liquorlicenseagents.com/cities/santa-clarita/santa-clarita-liquor-licenses-for-restaurants-bars-and-retailers/","/sitemaps/sitemap-cities.xml","canonical is /cities/santa-clarita-liquor-licenses-for-restaurants-bars-and-retailers/"
"REMOVED","https://www.liquorlicenseagents.com/cities/santa-fe-springs/santa-fe-springs-liquor-licenses-for-restaurants-bars-and-retailers/","/sitemaps/sitemap-cities.xml","canonical is /cities/santa-fe-springs-liquor-licenses-for-restaurants-bars-and-retailers/"
"REMOVED","https://www.liquorlicenseagents.com/cities/santa-maria/santa-maria-liquor-licenses-for-restaurants-bars-and-retailers/","/sitemaps/sitemap-cities.xml","canonical is /cities/santa-maria-liquor-licenses-for-restaurants-bars-and-retailers/"
"REMOVED","https://www.liquorlicenseagents.com/cities/santa-monica/santa-monica-liquor-licenses-for-restaurants-bars-and-retailers/","/sitemaps/sitemap-cities.xml","canonical is /cities/santa-monica-liquor-licenses-for-restaurants-bars-and-retailers/"
"REMOVED","https://www.liquorlicenseagents.com/cities/santa-rosa/santa-rosa-liquor-licenses-for-restaurants-bars-and-retailers/","/sitemaps/sitemap-cities.xml","canonical is /cities/santa-rosa-liquor-licenses-for-restaurants-bars-and-retailers/"
"REMOVED","https://www.liquorlicenseagents.com/cities/santee/santee-liquor-licenses-for-restaurants-bars-and-retailers/","/sitemaps/sitemap-cities.xml","canonical is /cities/santee-liquor-licenses-for-restaurants-bars-and-retailers/"
"REMOVED","https://www.liquorlicenseagents.com/cities/scottsdale/scottsdale-liquor-licenses-for-restaurants-bars-and-retailers/","/sitemaps/sitemap-cities.xml","canonical is /cities/scottsdale-liquor-licenses-for-restaurants-bars-and-retailers/"
"REMOVED","https://www.liquorlicenseagents.com/cities/scottsdale/scottsdale-series-1-license/","/sitemaps/sitemap-cities.xml","canonical is /cities/scottsdale-series-1-license/"
"REMOVED","https://www.liquorlicenseagents.com/cities/scottsdale/scottsdale-series-10-license/","/sitemaps/sitemap-cities.xml","canonical is /cities/scottsdale-series-10-license/"
"REMOVED","https://www.liquorlicenseagents.com/cities/scottsdale/scottsdale-series-11-license/","/sitemaps/sitemap-cities.xml","canonical is /cities/scottsdale-series-11-license/"
"REMOVED","https://www.liquorlicenseagents.com/cities/scottsdale/scottsdale-series-12-license/","/sitemaps/sitemap-cities.xml","canonical is /cities/scottsdale-series-12-license/"
"REMOVED","https://www.liquorlicenseagents.com/cities/scottsdale/scottsdale-series-6-license/","/sitemaps/sitemap-cities.xml","canonical is /cities/scottsdale-series-6-license/"
"REMOVED","https://www.liquorlicenseagents.com/cities/scottsdale/scottsdale-series-7-license/","/sitemaps/sitemap-cities.xml","canonical is /cities/scottsdale-series-7-license/"
"REMOVED","https://www.liquorlicenseagents.com/cities/scottsdale/scottsdale-series-9-license/","/sitemaps/sitemap-cities.xml","canonical is /cities/scottsdale-series-9-license/"
"REMOVED","https://www.liquorlicenseagents.com/cities/seal-beach/seal-beach-liquor-licenses-for-restaurants-bars-and-retailers/","/sitemaps/sitemap-cities.xml","canonical is /cities/seal-beach-liquor-licenses-for-restaurants-bars-and-retailers/"
"REMOVED","https://www.liquorlicenseagents.com/cities/sierra-madre/sierra-madre-liquor-licenses-for-restaurants-bars-and-retailers/","/sitemaps/sitemap-cities.xml","canonical is /cities/sierra-madre-liquor-licenses-for-restaurants-bars-and-retailers/"
"REMOVED","https://www.liquorlicenseagents.com/cities/simi-valley/simi-valley-liquor-licenses-for-restaurants-bars-and-retailers/","/sitemaps/sitemap-cities.xml","canonical is /cities/simi-valley-liquor-licenses-for-restaurants-bars-and-retailers/"
"REMOVED","https://www.liquorlicenseagents.com/cities/solana-beach/solana-beach-liquor-licenses-for-restaurants-bars-and-retailers/","/sitemaps/sitemap-cities.xml","canonical is /cities/solana-beach-liquor-licenses-for-restaurants-bars-and-retailers/"
"REMOVED","https://www.liquorlicenseagents.com/cities/solvang/solvang-liquor-licenses-for-restaurants-bars-and-retailers/","/sitemaps/sitemap-cities.xml","canonical is /cities/solvang-liquor-licenses-for-restaurants-bars-and-retailers/"
"REMOVED","https://www.liquorlicenseagents.com/cities/south-el-monte/south-el-monte-liquor-licenses-for-restaurants-bars-and-retailers/","/sitemaps/sitemap-cities.xml","canonical is /cities/south-el-monte-liquor-licenses-for-restaurants-bars-and-retailers/"
"REMOVED","https://www.liquorlicenseagents.com/cities/south-gate/south-gate-liquor-licenses-for-restaurants-bars-and-retailers/","/sitemaps/sitemap-cities.xml","canonical is /cities/south-gate-liquor-licenses-for-restaurants-bars-and-retailers/"
"REMOVED","https://www.liquorlicenseagents.com/cities/st-petersburg/st-petersburg-13ct-license/","/sitemaps/sitemap-cities.xml","canonical is /cities/st-petersburg-13ct-license/"
"REMOVED","https://www.liquorlicenseagents.com/cities/st-petersburg/st-petersburg-2aps-license/","/sitemaps/sitemap-cities.xml","canonical is /cities/st-petersburg-2aps-license/"
"REMOVED","https://www.liquorlicenseagents.com/cities/st-petersburg/st-petersburg-2cop-license/","/sitemaps/sitemap-cities.xml","canonical is /cities/st-petersburg-2cop-license/"
"REMOVED","https://www.liquorlicenseagents.com/cities/st-petersburg/st-petersburg-3ps-quota-license/","/sitemaps/sitemap-cities.xml","canonical is /cities/st-petersburg-3ps-quota-license/"
"REMOVED","https://www.liquorlicenseagents.com/cities/st-petersburg/st-petersburg-4cop-quota-license/","/sitemaps/sitemap-cities.xml","canonical is /cities/st-petersburg-4cop-quota-license/"
"REMOVED","https://www.liquorlicenseagents.com/cities/st-petersburg/st-petersburg-4cop-sfs-license/","/sitemaps/sitemap-cities.xml","canonical is /cities/st-petersburg-4cop-sfs-license/"
"REMOVED","https://www.liquorlicenseagents.com/cities/st-petersburg/st-petersburg-cmb-license/","/sitemaps/sitemap-cities.xml","canonical is /cities/st-petersburg-cmb-license/"
"REMOVED","https://www.liquorlicenseagents.com/cities/st-petersburg/st-petersburg-liquor-licenses-for-restaurants-bars-and-retailers/","/sitemaps/sitemap-cities.xml","canonical is /cities/st-petersburg-liquor-licenses-for-restaurants-bars-and-retailers/"
"REMOVED","https://www.liquorlicenseagents.com/cities/surprise/surprise-liquor-licenses-for-restaurants-bars-and-retailers/","/sitemaps/sitemap-cities.xml","canonical is /cities/surprise-liquor-licenses-for-restaurants-bars-and-retailers/"
"REMOVED","https://www.liquorlicenseagents.com/cities/surprise/surprise-series-1-license/","/sitemaps/sitemap-cities.xml","canonical is /cities/surprise-series-1-license/"
"REMOVED","https://www.liquorlicenseagents.com/cities/surprise/surprise-series-10-license/","/sitemaps/sitemap-cities.xml","canonical is /cities/surprise-series-10-license/"
"REMOVED","https://www.liquorlicenseagents.com/cities/surprise/surprise-series-11-license/","/sitemaps/sitemap-cities.xml","canonical is /cities/surprise-series-11-license/"
"REMOVED","https://www.liquorlicenseagents.com/cities/surprise/surprise-series-12-license/","/sitemaps/sitemap-cities.xml","canonical is /cities/surprise-series-12-license/"
"REMOVED","https://www.liquorlicenseagents.com/cities/surprise/surprise-series-6-license/","/sitemaps/sitemap-cities.xml","canonical is /cities/surprise-series-6-license/"
"REMOVED","https://www.liquorlicenseagents.com/cities/surprise/surprise-series-7-license/","/sitemaps/sitemap-cities.xml","canonical is /cities/surprise-series-7-license/"
"REMOVED","https://www.liquorlicenseagents.com/cities/surprise/surprise-series-9-license/","/sitemaps/sitemap-cities.xml","canonical is /cities/surprise-series-9-license/"
"REMOVED","https://www.liquorlicenseagents.com/cities/tallahassee/tallahassee-13ct-license/","/sitemaps/sitemap-cities.xml","canonical is /cities/tallahassee-13ct-license/"
"REMOVED","https://www.liquorlicenseagents.com/cities/tallahassee/tallahassee-2aps-license/","/sitemaps/sitemap-cities.xml","canonical is /cities/tallahassee-2aps-license/"
"REMOVED","https://www.liquorlicenseagents.com/cities/tallahassee/tallahassee-2cop-license/","/sitemaps/sitemap-cities.xml","canonical is /cities/tallahassee-2cop-license/"
"REMOVED","https://www.liquorlicenseagents.com/cities/tallahassee/tallahassee-3ps-quota-license/","/sitemaps/sitemap-cities.xml","canonical is /cities/tallahassee-3ps-quota-license/"
"REMOVED","https://www.liquorlicenseagents.com/cities/tallahassee/tallahassee-4cop-quota-license/","/sitemaps/sitemap-cities.xml","canonical is /cities/tallahassee-4cop-quota-license/"
"REMOVED","https://www.liquorlicenseagents.com/cities/tallahassee/tallahassee-4cop-sfs-license/","/sitemaps/sitemap-cities.xml","canonical is /cities/tallahassee-4cop-sfs-license/"
"REMOVED","https://www.liquorlicenseagents.com/cities/tallahassee/tallahassee-cmb-license/","/sitemaps/sitemap-cities.xml","canonical is /cities/tallahassee-cmb-license/"
"REMOVED","https://www.liquorlicenseagents.com/cities/tallahassee/tallahassee-liquor-licenses-for-restaurants-bars-and-retailers/","/sitemaps/sitemap-cities.xml","canonical is /cities/tallahassee-liquor-licenses-for-restaurants-bars-and-retailers/"
"REMOVED","https://www.liquorlicenseagents.com/cities/tampa/tampa-13ct-license/","/sitemaps/sitemap-cities.xml","canonical is /cities/tampa-13ct-license/"
"REMOVED","https://www.liquorlicenseagents.com/cities/tampa/tampa-2aps-license/","/sitemaps/sitemap-cities.xml","canonical is /cities/tampa-2aps-license/"
"REMOVED","https://www.liquorlicenseagents.com/cities/tampa/tampa-2cop-license/","/sitemaps/sitemap-cities.xml","canonical is /cities/tampa-2cop-license/"
"REMOVED","https://www.liquorlicenseagents.com/cities/tampa/tampa-3ps-quota-license/","/sitemaps/sitemap-cities.xml","canonical is /cities/tampa-3ps-quota-license/"
"REMOVED","https://www.liquorlicenseagents.com/cities/tampa/tampa-4cop-quota-license/","/sitemaps/sitemap-cities.xml","canonical is /cities/tampa-4cop-quota-license/"
"REMOVED","https://www.liquorlicenseagents.com/cities/tampa/tampa-4cop-sfs-license/","/sitemaps/sitemap-cities.xml","canonical is /cities/tampa-4cop-sfs-license/"
"REMOVED","https://www.liquorlicenseagents.com/cities/tampa/tampa-cmb-license/","/sitemaps/sitemap-cities.xml","canonical is /cities/tampa-cmb-license/"
"REMOVED","https://www.liquorlicenseagents.com/cities/tampa/tampa-liquor-licenses-for-restaurants-bars-and-retailers/","/sitemaps/sitemap-cities.xml","canonical is /cities/tampa-liquor-licenses-for-restaurants-bars-and-retailers/"
"REMOVED","https://www.liquorlicenseagents.com/cities/temecula/temecula-liquor-licenses-for-restaurants-bars-and-retailers/","/sitemaps/sitemap-cities.xml","canonical is /cities/temecula-liquor-licenses-for-restaurants-bars-and-retailers/"
"REMOVED","https://www.liquorlicenseagents.com/cities/tempe/tempe-liquor-licenses-for-restaurants-bars-and-retailers/","/sitemaps/sitemap-cities.xml","canonical is /cities/tempe-liquor-licenses-for-restaurants-bars-and-retailers/"
"REMOVED","https://www.liquorlicenseagents.com/cities/tempe/tempe-series-1-license/","/sitemaps/sitemap-cities.xml","canonical is /cities/tempe-series-1-license/"
"REMOVED","https://www.liquorlicenseagents.com/cities/tempe/tempe-series-10-license/","/sitemaps/sitemap-cities.xml","canonical is /cities/tempe-series-10-license/"
"REMOVED","https://www.liquorlicenseagents.com/cities/tempe/tempe-series-11-license/","/sitemaps/sitemap-cities.xml","canonical is /cities/tempe-series-11-license/"
"REMOVED","https://www.liquorlicenseagents.com/cities/tempe/tempe-series-12-license/","/sitemaps/sitemap-cities.xml","canonical is /cities/tempe-series-12-license/"
"REMOVED","https://www.liquorlicenseagents.com/cities/tempe/tempe-series-6-license/","/sitemaps/sitemap-cities.xml","canonical is /cities/tempe-series-6-license/"
"REMOVED","https://www.liquorlicenseagents.com/cities/tempe/tempe-series-7-license/","/sitemaps/sitemap-cities.xml","canonical is /cities/tempe-series-7-license/"
"REMOVED","https://www.liquorlicenseagents.com/cities/tempe/tempe-series-9-license/","/sitemaps/sitemap-cities.xml","canonical is /cities/tempe-series-9-license/"
"REMOVED","https://www.liquorlicenseagents.com/cities/temple-city/temple-city-liquor-licenses-for-restaurants-bars-and-retailers/","/sitemaps/sitemap-cities.xml","canonical is /cities/temple-city-liquor-licenses-for-restaurants-bars-and-retailers/"
"REMOVED","https://www.liquorlicenseagents.com/cities/thousand-oaks/thousand-oaks-liquor-licenses-for-restaurants-bars-and-retailers/","/sitemaps/sitemap-cities.xml","canonical is /cities/thousand-oaks-liquor-licenses-for-restaurants-bars-and-retailers/"
"REMOVED","https://www.liquorlicenseagents.com/cities/torrance/torrance-liquor-licenses-for-restaurants-bars-and-retailers/","/sitemaps/sitemap-cities.xml","canonical is /cities/torrance-liquor-licenses-for-restaurants-bars-and-retailers/"
"REMOVED","https://www.liquorlicenseagents.com/cities/tucson/tucson-liquor-licenses-for-restaurants-bars-and-retailers/","/sitemaps/sitemap-cities.xml","canonical is /cities/tucson-liquor-licenses-for-restaurants-bars-and-retailers/"
"REMOVED","https://www.liquorlicenseagents.com/cities/tucson/tucson-series-1-license/","/sitemaps/sitemap-cities.xml","canonical is /cities/tucson-series-1-license/"
"REMOVED","https://www.liquorlicenseagents.com/cities/tucson/tucson-series-10-license/","/sitemaps/sitemap-cities.xml","canonical is /cities/tucson-series-10-license/"
"REMOVED","https://www.liquorlicenseagents.com/cities/tucson/tucson-series-11-license/","/sitemaps/sitemap-cities.xml","canonical is /cities/tucson-series-11-license/"
"REMOVED","https://www.liquorlicenseagents.com/cities/tucson/tucson-series-12-license/","/sitemaps/sitemap-cities.xml","canonical is /cities/tucson-series-12-license/"
"REMOVED","https://www.liquorlicenseagents.com/cities/tucson/tucson-series-6-license/","/sitemaps/sitemap-cities.xml","canonical is /cities/tucson-series-6-license/"
"REMOVED","https://www.liquorlicenseagents.com/cities/tucson/tucson-series-7-license/","/sitemaps/sitemap-cities.xml","canonical is /cities/tucson-series-7-license/"
"REMOVED","https://www.liquorlicenseagents.com/cities/tucson/tucson-series-9-license/","/sitemaps/sitemap-cities.xml","canonical is /cities/tucson-series-9-license/"
"REMOVED","https://www.liquorlicenseagents.com/cities/tustin/tustin-liquor-licenses-for-restaurants-bars-and-retailers/","/sitemaps/sitemap-cities.xml","canonical is /cities/tustin-liquor-licenses-for-restaurants-bars-and-retailers/"
"REMOVED","https://www.liquorlicenseagents.com/cities/vernon/vernon-liquor-licenses-for-restaurants-bars-and-retailers/","/sitemaps/sitemap-cities.xml","canonical is /cities/vernon-liquor-licenses-for-restaurants-bars-and-retailers/"
"REMOVED","https://www.liquorlicenseagents.com/cities/villa-park/villa-park-liquor-licenses-for-restaurants-bars-and-retailers/","/sitemaps/sitemap-cities.xml","canonical is /cities/villa-park-liquor-licenses-for-restaurants-bars-and-retailers/"
"REMOVED","https://www.liquorlicenseagents.com/cities/visalia/visalia-liquor-licenses-for-restaurants-bars-and-retailers/","/sitemaps/sitemap-cities.xml","canonical is /cities/visalia-liquor-licenses-for-restaurants-bars-and-retailers/"
"REMOVED","https://www.liquorlicenseagents.com/cities/vista/vista-liquor-licenses-for-restaurants-bars-and-retailers/","/sitemaps/sitemap-cities.xml","canonical is /cities/vista-liquor-licenses-for-restaurants-bars-and-retailers/"
"REMOVED","https://www.liquorlicenseagents.com/cities/walnut/walnut-liquor-licenses-for-restaurants-bars-and-retailers/","/sitemaps/sitemap-cities.xml","canonical is /cities/walnut-liquor-licenses-for-restaurants-bars-and-retailers/"
"REMOVED","https://www.liquorlicenseagents.com/cities/west-covina/west-covina-liquor-licenses-for-restaurants-bars-and-retailers/","/sitemaps/sitemap-cities.xml","canonical is /cities/west-covina-liquor-licenses-for-restaurants-bars-and-retailers/"
"REMOVED","https://www.liquorlicenseagents.com/cities/west-hollywood/west-hollywood-liquor-licenses-for-restaurants-bars-and-retailers/","/sitemaps/sitemap-cities.xml","canonical is /cities/west-hollywood-liquor-licenses-for-restaurants-bars-and-retailers/"
"REMOVED","https://www.liquorlicenseagents.com/cities/westlake-village/westlake-village-liquor-licenses-for-restaurants-bars-and-retailers/","/sitemaps/sitemap-cities.xml","canonical is /cities/westlake-village-liquor-licenses-for-restaurants-bars-and-retailers/"
"REMOVED","https://www.liquorlicenseagents.com/cities/westminster/westminster-liquor-licenses-for-restaurants-bars-and-retailers/","/sitemaps/sitemap-cities.xml","canonical is /cities/westminster-liquor-licenses-for-restaurants-bars-and-retailers/"
"REMOVED","https://www.liquorlicenseagents.com/cities/whittier/whittier-liquor-licenses-for-restaurants-bars-and-retailers/","/sitemaps/sitemap-cities.xml","canonical is /cities/whittier-liquor-licenses-for-restaurants-bars-and-retailers/"
"REMOVED","https://www.liquorlicenseagents.com/products/","/sitemaps/sitemap-ecommerce.xml","the same page is canonical at /products, which differs only by the trailing slash"