url,was_in_live_sitemap,which_live_sitemap
"https://www.liquorlicenseagents.com/","yes","/sitemaps/sitemap-pages.xml"
"https://www.liquorlicenseagents.com/about-california-liquor-license-agents/","yes","/sitemaps/sitemap-pages.xml"
"https://www.liquorlicenseagents.com/ads/","yes","/sitemaps/sitemap-pages.xml"
"https://www.liquorlicenseagents.com/arizona","yes","/sitemaps/sitemap-arizona.xml"
"https://www.liquorlicenseagents.com/buy/","yes","/sitemaps/sitemap-pages.xml"
"https://www.liquorlicenseagents.com/california","yes","/sitemaps/sitemap-california.xml"
"https://www.liquorlicenseagents.com/california-liquor-license-services/","yes","/sitemaps/sitemap-pages.xml"
"https://www.liquorlicenseagents.com/california-liquor-license-type-20/","yes","/sitemaps/sitemap-pages.xml"
"https://www.liquorlicenseagents.com/california-liquor-license-type-21/","yes","/sitemaps/sitemap-pages.xml"
"https://www.liquorlicenseagents.com/california-liquor-license-type-41/","yes","/sitemaps/sitemap-pages.xml"
"https://www.liquorlicenseagents.com/california-liquor-license-type-47/","yes","/sitemaps/sitemap-pages.xml"
"https://www.liquorlicenseagents.com/california-liquor-license-type-48/","yes","/sitemaps/sitemap-pages.xml"
"https://www.liquorlicenseagents.com/california-type-23-small-beer-manufacturer-license/","yes","/sitemaps/sitemap-pages.xml"
"https://www.liquorlicenseagents.com/california-type-40-on-sale-beer-license/","yes","/sitemaps/sitemap-pages.xml"
"https://www.liquorlicenseagents.com/california-type-42-on-sale-beer-and-wine-public-premises-license/","yes","/sitemaps/sitemap-pages.xml"
"https://www.liquorlicenseagents.com/california-type-75-on-sale-general-brewpub-license/","yes","/sitemaps/sitemap-pages.xml"
"https://www.liquorlicenseagents.com/california-type-85-limited-off-sale-wine-license/","yes","/sitemaps/sitemap-pages.xml"
"https://www.liquorlicenseagents.com/california/california-liquor-license/","yes","/sitemaps/sitemap-california.xml"
"https://www.liquorlicenseagents.com/california/liquor-license/","yes","/sitemaps/sitemap-california.xml"
"https://www.liquorlicenseagents.com/cities","yes","/sitemaps/sitemap-cities.xml"
"https://www.liquorlicenseagents.com/cities/agoura-hills-liquor-licenses-for-restaurants-bars-and-retailers/","NO (orphan, newly added)",""
"https://www.liquorlicenseagents.com/cities/alameda-type-20-liquor-license-for-beer-and-wine-off-sale/","NO (orphan, newly added)",""
"https://www.liquorlicenseagents.com/cities/alameda-type-48-full-liquor-license-for-bars-and-nightclubs/","NO (orphan, newly added)",""
"https://www.liquorlicenseagents.com/cities/alameda-type-57-full-liquor-license-for-private-clubs/","NO (orphan, newly added)",""
"https://www.liquorlicenseagents.com/cities/alameda-type-75-brewpub-license-for-restaurants-and-breweries/","NO (orphan, newly added)",""
"https://www.liquorlicenseagents.com/cities/alameda/alameda-county-type-85-limited-off-sale-wine-license/","yes","/sitemaps/sitemap-cities.xml"
"https://www.liquorlicenseagents.com/cities/alameda/alameda-type-21-full-liquor-license-for-liquor-stores-off-sale/","yes","/sitemaps/sitemap-cities.xml"
"https://www.liquorlicenseagents.com/cities/alameda/alameda-type-21-liquor-license-for-full-liquor-off-sale-retailers/","yes","/sitemaps/sitemap-cities.xml"
"https://www.liquorlicenseagents.com/cities/alameda/alameda-type-41-beer-and-wine-license-for-restaurants/","yes","/sitemaps/sitemap-cities.xml"
"https://www.liquorlicenseagents.com/cities/alhambra-liquor-licenses-for-restaurants-bars-and-retailers/","NO (orphan, newly added)",""
"https://www.liquorlicenseagents.com/cities/aliso-viejo-liquor-licenses-for-restaurants-bars-and-retailers/","NO (orphan, newly added)",""
"https://www.liquorlicenseagents.com/cities/anaheim-liquor-licenses-for-restaurants-bars-and-retailers/","NO (orphan, newly added)",""
"https://www.liquorlicenseagents.com/cities/antioch-liquor-licenses-for-restaurants-bars-and-retailers/","NO (orphan, newly added)",""
"https://www.liquorlicenseagents.com/cities/arcadia-liquor-licenses-for-restaurants-bars-and-retailers/","NO (orphan, newly added)",""
"https://www.liquorlicenseagents.com/cities/artesia-liquor-licenses-for-restaurants-bars-and-retailers/","NO (orphan, newly added)",""
"https://www.liquorlicenseagents.com/cities/avalon-liquor-licenses-for-restaurants-bars-and-retailers/","NO (orphan, newly added)",""
"https://www.liquorlicenseagents.com/cities/azusa-liquor-licenses-for-restaurants-bars-and-retailers/","NO (orphan, newly added)",""
"https://www.liquorlicenseagents.com/cities/baldwin-park-liquor-licenses-for-restaurants-bars-and-retailers/","NO (orphan, newly added)",""
"https://www.liquorlicenseagents.com/cities/bell-gardens-liquor-licenses-for-restaurants-bars-and-retailers/","NO (orphan, newly added)",""
"https://www.liquorlicenseagents.com/cities/bell-liquor-licenses-for-restaurants-bars-and-retailers/","NO (orphan, newly added)",""
"https://www.liquorlicenseagents.com/cities/bellflower-liquor-licenses-for-restaurants-bars-and-retailers/","NO (orphan, newly added)",""
"https://www.liquorlicenseagents.com/cities/berkeley-liquor-licenses-for-restaurants-bars-and-retailers/","NO (orphan, newly added)",""
"https://www.liquorlicenseagents.com/cities/beverly-hills-liquor-licenses-for-restaurants-bars-and-luxury-retailers/","NO (orphan, newly added)",""
"https://www.liquorlicenseagents.com/cities/beverly-hills-type-20-license/","NO (orphan, newly added)",""
"https://www.liquorlicenseagents.com/cities/beverly-hills-type-21-license/","NO (orphan, newly added)",""
"https://www.liquorlicenseagents.com/cities/beverly-hills-type-41-license/","NO (orphan, newly added)",""
"https://www.liquorlicenseagents.com/cities/beverly-hills-type-47-license/","NO (orphan, newly added)",""
"https://www.liquorlicenseagents.com/cities/beverly-hills-type-48-license/","NO (orphan, newly added)",""
"https://www.liquorlicenseagents.com/cities/beverly-hills-type-57-license/","NO (orphan, newly added)",""
"https://www.liquorlicenseagents.com/cities/beverly-hills-type-61-license/","NO (orphan, newly added)",""
"https://www.liquorlicenseagents.com/cities/bradbury-liquor-licenses-for-restaurants-bars-and-retailers/","NO (orphan, newly added)",""
"https://www.liquorlicenseagents.com/cities/brea-liquor-licenses-for-restaurants-bars-and-retailers/","NO (orphan, newly added)",""
"https://www.liquorlicenseagents.com/cities/buena-park-liquor-licenses-for-restaurants-bars-and-retailers/","NO (orphan, newly added)",""
"https://www.liquorlicenseagents.com/cities/burbank-liquor-licenses-for-restaurants-bars-and-retailers/","NO (orphan, newly added)",""
"https://www.liquorlicenseagents.com/cities/burbank-type-20-license/","NO (orphan, newly added)",""
"https://www.liquorlicenseagents.com/cities/burbank-type-21-license/","NO (orphan, newly added)",""
"https://www.liquorlicenseagents.com/cities/burbank-type-41-license/","NO (orphan, newly added)",""
"https://www.liquorlicenseagents.com/cities/burbank-type-47-license/","NO (orphan, newly added)",""
"https://www.liquorlicenseagents.com/cities/burbank-type-48-license/","NO (orphan, newly added)",""
"https://www.liquorlicenseagents.com/cities/burbank-type-57-license/","NO (orphan, newly added)",""
"https://www.liquorlicenseagents.com/cities/burbank-type-61-license/","NO (orphan, newly added)",""
"https://www.liquorlicenseagents.com/cities/calabasas-liquor-licenses-for-restaurants-bars-and-retailers/","NO (orphan, newly added)",""
"https://www.liquorlicenseagents.com/cities/calistoga-liquor-licenses-for-restaurants-bars-and-retailers/","NO (orphan, newly added)",""
"https://www.liquorlicenseagents.com/cities/camarillo-liquor-licenses-for-restaurants-bars-and-retailers/","NO (orphan, newly added)",""
"https://www.liquorlicenseagents.com/cities/cape-coral","yes","/sitemaps/sitemap-cities-categories.xml"
"https://www.liquorlicenseagents.com/cities/cape-coral-13ct-license/","NO (orphan, newly added)",""
"https://www.liquorlicenseagents.com/cities/cape-coral-2aps-license/","NO (orphan, newly added)",""
"https://www.liquorlicenseagents.com/cities/cape-coral-2cop-license/","NO (orphan, newly added)",""
"https://www.liquorlicenseagents.com/cities/cape-coral-3ps-quota-license/","NO (orphan, newly added)",""
"https://www.liquorlicenseagents.com/cities/cape-coral-4cop-quota-license/","NO (orphan, newly added)",""
"https://www.liquorlicenseagents.com/cities/cape-coral-4cop-sfs-license/","NO (orphan, newly added)",""
"https://www.liquorlicenseagents.com/cities/cape-coral-cmb-license/","NO (orphan, newly added)",""
"https://www.liquorlicenseagents.com/cities/cape-coral-liquor-licenses-for-restaurants-bars-and-retailers/","NO (orphan, newly added)",""
"https://www.liquorlicenseagents.com/cities/carlsbad-liquor-licenses-for-restaurants-bars-and-retailers/","NO (orphan, newly added)",""
"https://www.liquorlicenseagents.com/cities/carpinteria-liquor-licenses-for-restaurants-bars-and-retailers/","NO (orphan, newly added)",""
"https://www.liquorlicenseagents.com/cities/carson-liquor-licenses-for-restaurants-bars-and-retailers/","NO (orphan, newly added)",""
"https://www.liquorlicenseagents.com/cities/cerritos-liquor-licenses-for-restaurants-bars-and-retailers/","NO (orphan, newly added)",""
"https://www.liquorlicenseagents.com/cities/chandler","yes","/sitemaps/sitemap-cities-categories.xml"
"https://www.liquorlicenseagents.com/cities/chandler-liquor-licenses-for-restaurants-bars-and-retailers/","NO (orphan, newly added)",""
"https://www.liquorlicenseagents.com/cities/chandler-series-1-license/","NO (orphan, newly added)",""
"https://www.liquorlicenseagents.com/cities/chandler-series-10-license/","NO (orphan, newly added)",""
"https://www.liquorlicenseagents.com/cities/chandler-series-11-license/","NO (orphan, newly added)",""
"https://www.liquorlicenseagents.com/cities/chandler-series-12-license/","NO (orphan, newly added)",""
"https://www.liquorlicenseagents.com/cities/chandler-series-6-license/","NO (orphan, newly added)",""
"https://www.liquorlicenseagents.com/cities/chandler-series-7-license/","NO (orphan, newly added)",""
"https://www.liquorlicenseagents.com/cities/chandler-series-9-license/","NO (orphan, newly added)",""
"https://www.liquorlicenseagents.com/cities/chino-hills-liquor-licenses-for-restaurants-bars-and-retailers/","NO (orphan, newly added)",""
"https://www.liquorlicenseagents.com/cities/chino-hills-type-20-license/","NO (orphan, newly added)",""
"https://www.liquorlicenseagents.com/cities/chino-hills-type-21-license/","NO (orphan, newly added)",""
"https://www.liquorlicenseagents.com/cities/chino-hills-type-41-license/","NO (orphan, newly added)",""
"https://www.liquorlicenseagents.com/cities/chino-hills-type-47-license/","NO (orphan, newly added)",""
"https://www.liquorlicenseagents.com/cities/chino-hills-type-48-license/","NO (orphan, newly added)",""
"https://www.liquorlicenseagents.com/cities/chino-hills-type-57-license/","NO (orphan, newly added)",""
"https://www.liquorlicenseagents.com/cities/chino-hills-type-61-license/","NO (orphan, newly added)",""
"https://www.liquorlicenseagents.com/cities/chula-vista-type-20-license/","NO (orphan, newly added)",""
"https://www.liquorlicenseagents.com/cities/chula-vista-type-21-license/","NO (orphan, newly added)",""
"https://www.liquorlicenseagents.com/cities/chula-vista-type-41-license/","NO (orphan, newly added)",""
"https://www.liquorlicenseagents.com/cities/chula-vista-type-47-license/","NO (orphan, newly added)",""
"https://www.liquorlicenseagents.com/cities/chula-vista-type-48-license/","NO (orphan, newly added)",""
"https://www.liquorlicenseagents.com/cities/chula-vista-type-57-license/","NO (orphan, newly added)",""
"https://www.liquorlicenseagents.com/cities/chula-vista-type-61-license/","NO (orphan, newly added)",""
"https://www.liquorlicenseagents.com/cities/chula-vista/chula-vista-liquor-licenses-for-restaurants-bars-and-retailers/","yes","/sitemaps/sitemap-cities.xml"
"https://www.liquorlicenseagents.com/cities/city-of-orange-liquor-licenses-for-restaurants-bars-and-retailers/","NO (orphan, newly added)",""
"https://www.liquorlicenseagents.com/cities/claremont-liquor-licenses-for-restaurants-bars-and-retailers/","NO (orphan, newly added)",""
"https://www.liquorlicenseagents.com/cities/commerce-liquor-licenses-for-restaurants-bars-and-retailers/","NO (orphan, newly added)",""
"https://www.liquorlicenseagents.com/cities/compton-liquor-licenses-for-restaurants-bars-and-retailers/","NO (orphan, newly added)",""
"https://www.liquorlicenseagents.com/cities/compton-type-20-license/","NO (orphan, newly added)",""
"https://www.liquorlicenseagents.com/cities/compton-type-21-license/","NO (orphan, newly added)",""
"https://www.liquorlicenseagents.com/cities/compton-type-41-license/","NO (orphan, newly added)",""
"https://www.liquorlicenseagents.com/cities/compton-type-47-license/","NO (orphan, newly added)",""
"https://www.liquorlicenseagents.com/cities/compton-type-48-license/","NO (orphan, newly added)",""
"https://www.liquorlicenseagents.com/cities/compton-type-57-license/","NO (orphan, newly added)",""
"https://www.liquorlicenseagents.com/cities/compton-type-61-license/","NO (orphan, newly added)",""
"https://www.liquorlicenseagents.com/cities/concord-liquor-licenses-for-restaurants-bars-and-retailers/","NO (orphan, newly added)",""
"https://www.liquorlicenseagents.com/cities/coronado-liquor-licenses-for-restaurants-bars-and-retailers/","NO (orphan, newly added)",""
"https://www.liquorlicenseagents.com/cities/costa-mesa-liquor-licenses-for-restaurants-bars-and-retailers/","NO (orphan, newly added)",""
"https://www.liquorlicenseagents.com/cities/covina-liquor-licenses-for-restaurants-bars-and-retailers/","NO (orphan, newly added)",""
"https://www.liquorlicenseagents.com/cities/cudahy-liquor-licenses-for-restaurants-bars-and-retailers/","NO (orphan, newly added)",""
"https://www.liquorlicenseagents.com/cities/culver-city/culver-city-liquor-licenses-for-restaurants-bars-and-retailers/","yes","/sitemaps/sitemap-cities.xml"
"https://www.liquorlicenseagents.com/cities/cypress-liquor-licenses-for-restaurants-bars-and-retailers/","NO (orphan, newly added)",""
"https://www.liquorlicenseagents.com/cities/daly-city/daly-city-liquor-licenses-for-restaurants-bars-and-retailers/","yes","/sitemaps/sitemap-cities.xml"
"https://www.liquorlicenseagents.com/cities/dana-point-liquor-licenses-for-restaurants-bars-and-retailers-1/","NO (orphan, newly added)",""
"https://www.liquorlicenseagents.com/cities/dana-point-liquor-licenses-for-restaurants-bars-and-retailers/","NO (orphan, newly added)",""
"https://www.liquorlicenseagents.com/cities/del-mar-liquor-licenses-for-restaurants-bars-and-retailers/","NO (orphan, newly added)",""
"https://www.liquorlicenseagents.com/cities/diamond-bar-liquor-licenses-for-restaurants-bars-and-retailers/","NO (orphan, newly added)",""
"https://www.liquorlicenseagents.com/cities/downey-liquor-licenses-for-restaurants-bars-and-retailers/","NO (orphan, newly added)",""
"https://www.liquorlicenseagents.com/cities/duarte-liquor-licenses-for-restaurants-bars-and-retailers/","NO (orphan, newly added)",""
"https://www.liquorlicenseagents.com/cities/el-cajon-liquor-licenses-for-restaurants-bars-and-retailers/","NO (orphan, newly added)",""
"https://www.liquorlicenseagents.com/cities/el-monte-type-20-license/","NO (orphan, newly added)",""
"https://www.liquorlicenseagents.com/cities/el-monte-type-21-license/","NO (orphan, newly added)",""
"https://www.liquorlicenseagents.com/cities/el-monte-type-41-license/","NO (orphan, newly added)",""
"https://www.liquorlicenseagents.com/cities/el-monte-type-47-license/","NO (orphan, newly added)",""
"https://www.liquorlicenseagents.com/cities/el-monte-type-48-license/","NO (orphan, newly added)",""
"https://www.liquorlicenseagents.com/cities/el-monte-type-57-license/","NO (orphan, newly added)",""
"https://www.liquorlicenseagents.com/cities/el-monte-type-61-license/","NO (orphan, newly added)",""
"https://www.liquorlicenseagents.com/cities/el-monte/el-monte-liquor-licenses-for-restaurants-bars-and-retailers/","yes","/sitemaps/sitemap-cities.xml"
"https://www.liquorlicenseagents.com/cities/el-segundo","yes","/sitemaps/sitemap-cities-categories.xml"
"https://www.liquorlicenseagents.com/cities/el-segundo-liquor-licenses-for-restaurants-bars-and-retailers/","NO (orphan, newly added)",""
"https://www.liquorlicenseagents.com/cities/elk-grove-liquor-licenses-for-restaurants-bars-and-retailers/","NO (orphan, newly added)",""
"https://www.liquorlicenseagents.com/cities/encinitas-liquor-licenses-for-restaurants-bars-and-retailers/","NO (orphan, newly added)",""
"https://www.liquorlicenseagents.com/cities/encinitas-type-20-license/","NO (orphan, newly added)",""
"https://www.liquorlicenseagents.com/cities/encinitas-type-21-license/","NO (orphan, newly added)",""
"https://www.liquorlicenseagents.com/cities/encinitas-type-41-license/","NO (orphan, newly added)",""
"https://www.liquorlicenseagents.com/cities/encinitas-type-47-license/","NO (orphan, newly added)",""
"https://www.liquorlicenseagents.com/cities/encinitas-type-48-license/","NO (orphan, newly added)",""
"https://www.liquorlicenseagents.com/cities/encinitas-type-57-license/","NO (orphan, newly added)",""
"https://www.liquorlicenseagents.com/cities/encinitas-type-61-license/","NO (orphan, newly added)",""
"https://www.liquorlicenseagents.com/cities/escondido-liquor-licenses-for-restaurants-bars-and-retailers/","NO (orphan, newly added)",""
"https://www.liquorlicenseagents.com/cities/escondido-type-20-license/","NO (orphan, newly added)",""
"https://www.liquorlicenseagents.com/cities/escondido-type-21-license/","NO (orphan, newly added)",""
"https://www.liquorlicenseagents.com/cities/escondido-type-41-license/","NO (orphan, newly added)",""
"https://www.liquorlicenseagents.com/cities/escondido-type-47-license/","NO (orphan, newly added)",""
"https://www.liquorlicenseagents.com/cities/escondido-type-48-license/","NO (orphan, newly added)",""
"https://www.liquorlicenseagents.com/cities/escondido-type-57-licens/","NO (orphan, newly added)",""
"https://www.liquorlicenseagents.com/cities/escondido-type-61-license/","NO (orphan, newly added)",""
"https://www.liquorlicenseagents.com/cities/fontana","yes","/sitemaps/sitemap-cities-categories.xml"
"https://www.liquorlicenseagents.com/cities/fontana-liquor-licenses-for-restaurants-bars-and-retailers/","NO (orphan, newly added)",""
"https://www.liquorlicenseagents.com/cities/fort-lauderdale","yes","/sitemaps/sitemap-cities-categories.xml"
"https://www.liquorlicenseagents.com/cities/fort-lauderdale-13ct-license/","NO (orphan, newly added)",""
"https://www.liquorlicenseagents.com/cities/fort-lauderdale-2aps-license/","NO (orphan, newly added)",""
"https://www.liquorlicenseagents.com/cities/fort-lauderdale-2cop-license/","NO (orphan, newly added)",""
"https://www.liquorlicenseagents.com/cities/fort-lauderdale-3ps-quota-license/","NO (orphan, newly added)",""
"https://www.liquorlicenseagents.com/cities/fort-lauderdale-4cop-quota-license/","NO (orphan, newly added)",""
"https://www.liquorlicenseagents.com/cities/fort-lauderdale-4cop-sfs-license/","NO (orphan, newly added)",""
"https://www.liquorlicenseagents.com/cities/fort-lauderdale-cmb-license/","NO (orphan, newly added)",""
"https://www.liquorlicenseagents.com/cities/fort-lauderdale-liquor-licenses-for-restaurants-bars-and-retailers/","NO (orphan, newly added)",""
"https://www.liquorlicenseagents.com/cities/fountain-valley/fountain-valley-liquor-licenses-for-restaurants-bars-and-retailers/","yes","/sitemaps/sitemap-cities.xml"
"https://www.liquorlicenseagents.com/cities/fremont-liquor-licenses-for-restaurants-bars-and-retailers/","NO (orphan, newly added)",""
"https://www.liquorlicenseagents.com/cities/fresno-county-type-02-winery-or-winegrower-license/","NO (orphan, newly added)",""
"https://www.liquorlicenseagents.com/cities/fresno-county-type-20-liquor-license-for-beer-and-wine-off-sale-1/","NO (orphan, newly added)",""
"https://www.liquorlicenseagents.com/cities/fresno-county-type-20-liquor-license-for-beer-and-wine-off-sale/","NO (orphan, newly added)",""
"https://www.liquorlicenseagents.com/cities/fresno-county-type-23-small-beer-manufacturer-license/","NO (orphan, newly added)",""
"https://www.liquorlicenseagents.com/cities/fresno-county-type-40-on-sale-beer-license/","yes","/sitemaps/sitemap-cities.xml"
"https://www.liquorlicenseagents.com/cities/fresno-county-type-75-brewpub-license-for-restaurants-and-breweries/","NO (orphan, newly added)",""
"https://www.liquorlicenseagents.com/cities/fresno-county-type-75-on-sale-general-brewpub-license/","NO (orphan, newly added)",""
"https://www.liquorlicenseagents.com/cities/fresno-county-type-85-limited-off-sale-wine-license/","NO (orphan, newly added)",""
"https://www.liquorlicenseagents.com/cities/fresno/fresno-county-type-48-full-liquor-license-for-bars-and-nightclubs/","yes","/sitemaps/sitemap-cities.xml"
"https://www.liquorlicenseagents.com/cities/fullerton-liquor-licenses-for-restaurants-bars-and-retailers/","NO (orphan, newly added)",""
"https://www.liquorlicenseagents.com/cities/garden-grove-liquor-licenses-for-restaurants-bars-and-retailers/","NO (orphan, newly added)",""
"https://www.liquorlicenseagents.com/cities/gardena-liquor-licenses-for-restaurants-bars-and-retailers/","NO (orphan, newly added)",""
"https://www.liquorlicenseagents.com/cities/gilbert","yes","/sitemaps/sitemap-cities-categories.xml"
"https://www.liquorlicenseagents.com/cities/gilbert-liquor-licenses-for-restaurants-bars-and-retailers/","NO (orphan, newly added)",""
"https://www.liquorlicenseagents.com/cities/gilbert-series-1-license/","NO (orphan, newly added)",""
"https://www.liquorlicenseagents.com/cities/gilbert-series-10-license/","NO (orphan, newly added)",""
"https://www.liquorlicenseagents.com/cities/gilbert-series-11-license/","NO (orphan, newly added)",""
"https://www.liquorlicenseagents.com/cities/gilbert-series-12-license/","NO (orphan, newly added)",""
"https://www.liquorlicenseagents.com/cities/gilbert-series-6-license/","NO (orphan, newly added)",""
"https://www.liquorlicenseagents.com/cities/gilbert-series-7-license/","NO (orphan, newly added)",""
"https://www.liquorlicenseagents.com/cities/gilbert-series-9-license/","NO (orphan, newly added)",""
"https://www.liquorlicenseagents.com/cities/glendale-liquor-licenses-for-restaurants-bars-and-retailers/","NO (orphan, newly added)",""
"https://www.liquorlicenseagents.com/cities/glendale-series-1-license/","NO (orphan, newly added)",""
"https://www.liquorlicenseagents.com/cities/glendale-series-10-license/","NO (orphan, newly added)",""
"https://www.liquorlicenseagents.com/cities/glendale-series-11-license/","NO (orphan, newly added)",""
"https://www.liquorlicenseagents.com/cities/glendale-series-12-license/","NO (orphan, newly added)",""
"https://www.liquorlicenseagents.com/cities/glendale-series-6-license/","NO (orphan, newly added)",""
"https://www.liquorlicenseagents.com/cities/glendale-series-7-license/","NO (orphan, newly added)",""
"https://www.liquorlicenseagents.com/cities/glendale-series-9-license/","NO (orphan, newly added)",""
"https://www.liquorlicenseagents.com/cities/glendale-type-20-license/","NO (orphan, newly added)",""
"https://www.liquorlicenseagents.com/cities/glendale-type-21-license/","NO (orphan, newly added)",""
"https://www.liquorlicenseagents.com/cities/glendale-type-41-license/","NO (orphan, newly added)",""
"https://www.liquorlicenseagents.com/cities/glendale-type-47-license/","NO (orphan, newly added)",""
"https://www.liquorlicenseagents.com/cities/glendale-type-48-license/","NO (orphan, newly added)",""
"https://www.liquorlicenseagents.com/cities/glendale-type-57-license/","NO (orphan, newly added)",""
"https://www.liquorlicenseagents.com/cities/glendale-type-61-license/","NO (orphan, newly added)",""
"https://www.liquorlicenseagents.com/cities/glendora-liquor-licenses-for-restaurants-bars-and-retailers/","NO (orphan, newly added)",""
"https://www.liquorlicenseagents.com/cities/goleta-liquor-licenses-for-restaurants-bars-and-retailers/","NO (orphan, newly added)",""
"https://www.liquorlicenseagents.com/cities/guadalupe-liquor-licenses-for-restaurants-bars-and-retailers/","NO (orphan, newly added)",""
"https://www.liquorlicenseagents.com/cities/hawaiian-gardens-liquor-licenses-for-restaurants-bars-and-retailers/","NO (orphan, newly added)",""
"https://www.liquorlicenseagents.com/cities/hawthorne-liquor-licenses-for-restaurants-bars-and-retailers/","NO (orphan, newly added)",""
"https://www.liquorlicenseagents.com/cities/hayward-liquor-licenses-for-restaurants-bars-and-retailers/","NO (orphan, newly added)",""
"https://www.liquorlicenseagents.com/cities/hermosa-beach-liquor-licenses-for-restaurants-bars-and-retailers/","NO (orphan, newly added)",""
"https://www.liquorlicenseagents.com/cities/hialeah","yes","/sitemaps/sitemap-cities-categories.xml"
"https://www.liquorlicenseagents.com/cities/hialeah-13ct-license/","NO (orphan, newly added)",""
"https://www.liquorlicenseagents.com/cities/hialeah-2aps-license/","NO (orphan, newly added)",""
"https://www.liquorlicenseagents.com/cities/hialeah-2cop-license/","NO (orphan, newly added)",""
"https://www.liquorlicenseagents.com/cities/hialeah-3ps-quota-license/","NO (orphan, newly added)",""
"https://www.liquorlicenseagents.com/cities/hialeah-4cop-quota-license/","NO (orphan, newly added)",""
"https://www.liquorlicenseagents.com/cities/hialeah-4cop-sfs-license/","NO (orphan, newly added)",""
"https://www.liquorlicenseagents.com/cities/hialeah-cmb-license/","NO (orphan, newly added)",""
"https://www.liquorlicenseagents.com/cities/hialeah-liquor-licenses-for-restaurants-bars-and-retailers/","NO (orphan, newly added)",""
"https://www.liquorlicenseagents.com/cities/hidden-hills-liquor-licenses-for-restaurants-bars-and-retailers/","NO (orphan, newly added)",""
"https://www.liquorlicenseagents.com/cities/huntington-beach-liquor-licenses-for-restaurants-bars-and-retailers/","NO (orphan, newly added)",""
"https://www.liquorlicenseagents.com/cities/huntington-park/huntington-park-liquor-licenses-for-restaurants-bars-and-retailers/","yes","/sitemaps/sitemap-cities.xml"
"https://www.liquorlicenseagents.com/cities/imperial-beach/imperial-beach-liquor-licenses-for-restaurants-bars-and-retailers/","yes","/sitemaps/sitemap-cities.xml"
"https://www.liquorlicenseagents.com/cities/irvine-liquor-licenses-for-restaurants-bars-and-retailers/","NO (orphan, newly added)",""
"https://www.liquorlicenseagents.com/cities/irwindale-liquor-licenses-for-restaurants-bars-and-retailers/","NO (orphan, newly added)",""
"https://www.liquorlicenseagents.com/cities/jacksonville","yes","/sitemaps/sitemap-cities-categories.xml"
"https://www.liquorlicenseagents.com/cities/jacksonville-13ct-license/","NO (orphan, newly added)",""
"https://www.liquorlicenseagents.com/cities/jacksonville-2aps-license/","NO (orphan, newly added)",""
"https://www.liquorlicenseagents.com/cities/jacksonville-2cop-license/","NO (orphan, newly added)",""
"https://www.liquorlicenseagents.com/cities/jacksonville-3ps-quota-license/","NO (orphan, newly added)",""
"https://www.liquorlicenseagents.com/cities/jacksonville-4cop-quota-license/","NO (orphan, newly added)",""
"https://www.liquorlicenseagents.com/cities/jacksonville-4cop-sfs-license/","NO (orphan, newly added)",""
"https://www.liquorlicenseagents.com/cities/jacksonville-cmb-license/","NO (orphan, newly added)",""
"https://www.liquorlicenseagents.com/cities/jacksonville-liquor-licenses-for-restaurants-bars-and-retailers/","NO (orphan, newly added)",""
"https://www.liquorlicenseagents.com/cities/la-habra","yes","/sitemaps/sitemap-cities-categories.xml"
"https://www.liquorlicenseagents.com/cities/la-habra-heights-liquor-licenses-for-restaurants-bars-and-retailers/","NO (orphan, newly added)",""
"https://www.liquorlicenseagents.com/cities/la-habra/la-habra-liquor-licenses-for-restaurants-bars-and-retailers/","yes","/sitemaps/sitemap-cities.xml"
"https://www.liquorlicenseagents.com/cities/la-mesa-liquor-licenses-for-restaurants-bars-and-retailers/","NO (orphan, newly added)",""
"https://www.liquorlicenseagents.com/cities/la-mirada-liquor-licenses-for-restaurants-bars-and-retailers/","NO (orphan, newly added)",""
"https://www.liquorlicenseagents.com/cities/la-palma-liquor-licenses-for-restaurants-bars-and-retailers/","NO (orphan, newly added)",""
"https://www.liquorlicenseagents.com/cities/la-puente-liquor-licenses-for-restaurants-bars-and-retailers/","NO (orphan, newly added)",""
"https://www.liquorlicenseagents.com/cities/la-verne-liquor-licenses-for-restaurants-bars-and-retailers/","NO (orphan, newly added)",""
"https://www.liquorlicenseagents.com/cities/laguna-beach-liquor-licenses-for-restaurants-bars-and-retailers/","NO (orphan, newly added)",""
"https://www.liquorlicenseagents.com/cities/laguna-beach-type-20-license/","NO (orphan, newly added)",""
"https://www.liquorlicenseagents.com/cities/laguna-beach-type-21-license/","NO (orphan, newly added)",""
"https://www.liquorlicenseagents.com/cities/laguna-beach-type-41-license/","NO (orphan, newly added)",""
"https://www.liquorlicenseagents.com/cities/laguna-beach-type-47-license/","NO (orphan, newly added)",""
"https://www.liquorlicenseagents.com/cities/laguna-beach-type-48-license/","NO (orphan, newly added)",""
"https://www.liquorlicenseagents.com/cities/laguna-beach-type-57-license/","NO (orphan, newly added)",""
"https://www.liquorlicenseagents.com/cities/laguna-beach-type-61-license/","NO (orphan, newly added)",""
"https://www.liquorlicenseagents.com/cities/laguna-hills-liquor-licenses-for-restaurants-bars-and-retailers/","NO (orphan, newly added)",""
"https://www.liquorlicenseagents.com/cities/laguna-niguel-liquor-licenses-for-restaurants-bars-and-retailers/","NO (orphan, newly added)",""
"https://www.liquorlicenseagents.com/cities/laguna-woods-liquor-licenses-for-restaurants-bars-and-retailers/","NO (orphan, newly added)",""
"https://www.liquorlicenseagents.com/cities/laguna-woods-type-20-license/","NO (orphan, newly added)",""
"https://www.liquorlicenseagents.com/cities/laguna-woods-type-21-license/","NO (orphan, newly added)",""
"https://www.liquorlicenseagents.com/cities/laguna-woods-type-41-license/","NO (orphan, newly added)",""
"https://www.liquorlicenseagents.com/cities/laguna-woods-type-47-license/","NO (orphan, newly added)",""
"https://www.liquorlicenseagents.com/cities/laguna-woods-type-48-license/","NO (orphan, newly added)",""
"https://www.liquorlicenseagents.com/cities/laguna-woods-type-57-license/","NO (orphan, newly added)",""
"https://www.liquorlicenseagents.com/cities/laguna-woods-type-61-license/","NO (orphan, newly added)",""
"https://www.liquorlicenseagents.com/cities/lake-forest-liquor-licenses-for-restaurants-bars-and-retailers/","NO (orphan, newly added)",""
"https://www.liquorlicenseagents.com/cities/lakewood","yes","/sitemaps/sitemap-cities-categories.xml"
"https://www.liquorlicenseagents.com/cities/lakewood-liquor-licenses-for-restaurants-bars-and-retailers/","NO (orphan, newly added)",""
"https://www.liquorlicenseagents.com/cities/lakewood-type-20-license/","NO (orphan, newly added)",""
"https://www.liquorlicenseagents.com/cities/lakewood-type-21-license/","NO (orphan, newly added)",""
"https://www.liquorlicenseagents.com/cities/lakewood-type-41-license/","NO (orphan, newly added)",""
"https://www.liquorlicenseagents.com/cities/lakewood-type-47-license/","NO (orphan, newly added)",""
"https://www.liquorlicenseagents.com/cities/lakewood-type-48-license/","NO (orphan, newly added)",""
"https://www.liquorlicenseagents.com/cities/lakewood-type-57-license/","NO (orphan, newly added)",""
"https://www.liquorlicenseagents.com/cities/lakewood-type-61-license/","NO (orphan, newly added)",""
"https://www.liquorlicenseagents.com/cities/lancaster-liquor-licenses-for-restaurants-bars-and-retailers/","NO (orphan, newly added)",""
"https://www.liquorlicenseagents.com/cities/lawndale-liquor-licenses-for-restaurants-bars-and-retailers/","NO (orphan, newly added)",""
"https://www.liquorlicenseagents.com/cities/lemon-grove-liquor-licenses-for-restaurants-bars-and-retailers/","NO (orphan, newly added)",""
"https://www.liquorlicenseagents.com/cities/lomita-liquor-licenses-for-restaurants-bars-and-retailers/","NO (orphan, newly added)",""
"https://www.liquorlicenseagents.com/cities/lompoc-liquor-licenses-for-restaurants-bars-and-retailers/","NO (orphan, newly added)",""
"https://www.liquorlicenseagents.com/cities/long-beach-liquor-licenses-for-restaurants-bars-and-retailers/","NO (orphan, newly added)",""
"https://www.liquorlicenseagents.com/cities/los-alamitos-liquor-licenses-for-restaurants-bars-and-retailers/","NO (orphan, newly added)",""
"https://www.liquorlicenseagents.com/cities/los-angeles-county-type-02-winery-or-winegrower-license/","NO (orphan, newly added)",""
"https://www.liquorlicenseagents.com/cities/los-angeles-county-type-20-liquor-license-for-beer-and-wine-off-sale/","NO (orphan, newly added)",""
"https://www.liquorlicenseagents.com/cities/los-angeles-county-type-21-full-liquor-license-for-liquor-stores/","NO (orphan, newly added)",""
"https://www.liquorlicenseagents.com/cities/los-angeles-county-type-23-small-beer-manufacturer-license/","NO (orphan, newly added)",""
"https://www.liquorlicenseagents.com/cities/los-angeles-county-type-40-on-sale-beer-license/","NO (orphan, newly added)",""
"https://www.liquorlicenseagents.com/cities/los-angeles-county-type-41-beer-and-wine-eating-place-license/","NO (orphan, newly added)",""
"https://www.liquorlicenseagents.com/cities/los-angeles-county-type-41-beer-and-wine-license-for-restaurants/","NO (orphan, newly added)",""
"https://www.liquorlicenseagents.com/cities/los-angeles-county-type-42-on-sale-beer-and-wine-public-premises-license/","NO (orphan, newly added)",""
"https://www.liquorlicenseagents.com/cities/los-angeles-county-type-47-full-liquor-license-for-restaurants/","NO (orphan, newly added)",""
"https://www.liquorlicenseagents.com/cities/los-angeles-county-type-48-full-liquor-license-for-bars-and-nightclubs/","NO (orphan, newly added)",""
"https://www.liquorlicenseagents.com/cities/los-angeles-county-type-75-on-sale-general-brewpub-license/","NO (orphan, newly added)",""
"https://www.liquorlicenseagents.com/cities/los-angeles-liquor-licenses-for-restaurants-bars-and-retailers/","NO (orphan, newly added)",""
"https://www.liquorlicenseagents.com/cities/los-angeles/los-angeles-county-type-85-limited-off-sale-wine-license/","yes","/sitemaps/sitemap-cities.xml"
"https://www.liquorlicenseagents.com/cities/lynwood-liquor-licenses-for-restaurants-bars-and-retailers/","NO (orphan, newly added)",""
"https://www.liquorlicenseagents.com/cities/malibu-liquor-licenses-for-restaurants-bars-and-retailers/","NO (orphan, newly added)",""
"https://www.liquorlicenseagents.com/cities/malibu-type-20-license/","NO (orphan, newly added)",""
"https://www.liquorlicenseagents.com/cities/malibu-type-21-license/","NO (orphan, newly added)",""
"https://www.liquorlicenseagents.com/cities/malibu-type-41-license/","NO (orphan, newly added)",""
"https://www.liquorlicenseagents.com/cities/malibu-type-47-license/","NO (orphan, newly added)",""
"https://www.liquorlicenseagents.com/cities/malibu-type-57-license/","NO (orphan, newly added)",""
"https://www.liquorlicenseagents.com/cities/malibu-type-61-license/","NO (orphan, newly added)",""
"https://www.liquorlicenseagents.com/cities/manhattan-beach-liquor-licenses-for-restaurants-bars-and-retailers/","NO (orphan, newly added)",""
"https://www.liquorlicenseagents.com/cities/maywood-liquor-licenses-for-restaurants-bars-and-retailers/","NO (orphan, newly added)",""
"https://www.liquorlicenseagents.com/cities/mesa","yes","/sitemaps/sitemap-cities-categories.xml"
"https://www.liquorlicenseagents.com/cities/mesa-liquor-licenses-for-restaurants-bars-and-retailers/","NO (orphan, newly added)",""
"https://www.liquorlicenseagents.com/cities/mesa-series-1-license/","NO (orphan, newly added)",""
"https://www.liquorlicenseagents.com/cities/mesa-series-10-license/","NO (orphan, newly added)",""
"https://www.liquorlicenseagents.com/cities/mesa-series-11-license/","NO (orphan, newly added)",""
"https://www.liquorlicenseagents.com/cities/mesa-series-12-license/","NO (orphan, newly added)",""
"https://www.liquorlicenseagents.com/cities/mesa-series-6-license/","NO (orphan, newly added)",""
"https://www.liquorlicenseagents.com/cities/mesa-series-7-license/","NO (orphan, newly added)",""
"https://www.liquorlicenseagents.com/cities/mesa-series-9-license/","NO (orphan, newly added)",""
"https://www.liquorlicenseagents.com/cities/miami","yes","/sitemaps/sitemap-cities-categories.xml"
"https://www.liquorlicenseagents.com/cities/miami-13ct-license/","NO (orphan, newly added)",""
"https://www.liquorlicenseagents.com/cities/miami-2aps-license/","NO (orphan, newly added)",""
"https://www.liquorlicenseagents.com/cities/miami-2cop-license/","NO (orphan, newly added)",""
"https://www.liquorlicenseagents.com/cities/miami-3ps-quota-license/","NO (orphan, newly added)",""
"https://www.liquorlicenseagents.com/cities/miami-4cop-quota-license/","NO (orphan, newly added)",""
"https://www.liquorlicenseagents.com/cities/miami-4cop-sfs-license/","NO (orphan, newly added)",""
"https://www.liquorlicenseagents.com/cities/miami-liquor-licenses-for-restaurants-bars-and-retailers/","NO (orphan, newly added)",""
"https://www.liquorlicenseagents.com/cities/mission-viejo-liquor-licenses-for-restaurants-bars-and-retailers/","NO (orphan, newly added)",""
"https://www.liquorlicenseagents.com/cities/monrovia-liquor-licenses-for-restaurants-bars-and-retailers/","NO (orphan, newly added)",""
"https://www.liquorlicenseagents.com/cities/montebello-liquor-licenses-for-restaurants-bars-and-retailers/","NO (orphan, newly added)",""
"https://www.liquorlicenseagents.com/cities/monterey-park/monterey-park-liquor-licenses-for-restaurants-bars-and-retailers/","yes","/sitemaps/sitemap-cities.xml"
"https://www.liquorlicenseagents.com/cities/moreno-valley-liquor-licenses-for-restaurants-bars-and-retailers/","NO (orphan, newly added)",""
"https://www.liquorlicenseagents.com/cities/murrieta-liquor-licenses-for-restaurants-bars-and-retailers/","NO (orphan, newly added)",""
"https://www.liquorlicenseagents.com/cities/national-city/national-city-liquor-licenses-for-restaurants-bars-and-retailers/","yes","/sitemaps/sitemap-cities.xml"
"https://www.liquorlicenseagents.com/cities/newport-beach-type-20-license/","NO (orphan, newly added)",""
"https://www.liquorlicenseagents.com/cities/newport-beach-type-21-license/","NO (orphan, newly added)",""
"https://www.liquorlicenseagents.com/cities/newport-beach-type-41-license/","NO (orphan, newly added)",""
"https://www.liquorlicenseagents.com/cities/newport-beach-type-47-license/","NO (orphan, newly added)",""
"https://www.liquorlicenseagents.com/cities/newport-beach-type-48-license/","NO (orphan, newly added)",""
"https://www.liquorlicenseagents.com/cities/newport-beach-type-57-license/","NO (orphan, newly added)",""
"https://www.liquorlicenseagents.com/cities/newport-beach-type-61-license/","NO (orphan, newly added)",""
"https://www.liquorlicenseagents.com/cities/newport-beach/newport-beach-liquor-licenses-for-restaurants-bars-and-retailers/","yes","/sitemaps/sitemap-cities.xml"
"https://www.liquorlicenseagents.com/cities/norwalk-liquor-licenses-for-restaurants-bars-and-retailers/","NO (orphan, newly added)",""
"https://www.liquorlicenseagents.com/cities/norwalk-type-20-license/","NO (orphan, newly added)",""
"https://www.liquorlicenseagents.com/cities/norwalk-type-21-license/","NO (orphan, newly added)",""
"https://www.liquorlicenseagents.com/cities/norwalk-type-41-license/","NO (orphan, newly added)",""
"https://www.liquorlicenseagents.com/cities/norwalk-type-47-license/","NO (orphan, newly added)",""
"https://www.liquorlicenseagents.com/cities/norwalk-type-48-license/","NO (orphan, newly added)",""
"https://www.liquorlicenseagents.com/cities/norwalk-type-57-license/","NO (orphan, newly added)",""
"https://www.liquorlicenseagents.com/cities/norwalk-type-61-license/","NO (orphan, newly added)",""
"https://www.liquorlicenseagents.com/cities/oakland-liquor-licenses-for-restaurants-bars-and-retailers/","NO (orphan, newly added)",""
"https://www.liquorlicenseagents.com/cities/oakland-type-20-license/","NO (orphan, newly added)",""
"https://www.liquorlicenseagents.com/cities/oakland-type-21-license/","NO (orphan, newly added)",""
"https://www.liquorlicenseagents.com/cities/oakland-type-41-license/","NO (orphan, newly added)",""
"https://www.liquorlicenseagents.com/cities/oakland-type-47-license/","NO (orphan, newly added)",""
"https://www.liquorlicenseagents.com/cities/oakland-type-48-license/","NO (orphan, newly added)",""
"https://www.liquorlicenseagents.com/cities/oakland-type-57-license/","NO (orphan, newly added)",""
"https://www.liquorlicenseagents.com/cities/oakland-type-61-license/","NO (orphan, newly added)",""
"https://www.liquorlicenseagents.com/cities/oceanside-liquor-licenses-for-restaurants-bars-and-retailers/","NO (orphan, newly added)",""
"https://www.liquorlicenseagents.com/cities/oceanside-type-20-license/","NO (orphan, newly added)",""
"https://www.liquorlicenseagents.com/cities/oceanside-type-21-license/","NO (orphan, newly added)",""
"https://www.liquorlicenseagents.com/cities/oceanside-type-41-license/","NO (orphan, newly added)",""
"https://www.liquorlicenseagents.com/cities/oceanside-type-47-license/","NO (orphan, newly added)",""
"https://www.liquorlicenseagents.com/cities/oceanside-type-48-license/","NO (orphan, newly added)",""
"https://www.liquorlicenseagents.com/cities/oceanside-type-57-license/","NO (orphan, newly added)",""
"https://www.liquorlicenseagents.com/cities/oceanside-type-61-license/","NO (orphan, newly added)",""
"https://www.liquorlicenseagents.com/cities/ontario-liquor-licenses-for-restaurants-bars-and-retailers/","NO (orphan, newly added)",""
"https://www.liquorlicenseagents.com/cities/orlando","yes","/sitemaps/sitemap-cities-categories.xml"
"https://www.liquorlicenseagents.com/cities/orlando-13ct-license/","NO (orphan, newly added)",""
"https://www.liquorlicenseagents.com/cities/orlando-2aps-license/","NO (orphan, newly added)",""
"https://www.liquorlicenseagents.com/cities/orlando-2cop-license/","NO (orphan, newly added)",""
"https://www.liquorlicenseagents.com/cities/orlando-3ps-quota-license/","NO (orphan, newly added)",""
"https://www.liquorlicenseagents.com/cities/orlando-4cop-quota-license/","NO (orphan, newly added)",""
"https://www.liquorlicenseagents.com/cities/orlando-4cop-sfs-license/","NO (orphan, newly added)",""
"https://www.liquorlicenseagents.com/cities/orlando-cmb-license/","NO (orphan, newly added)",""
"https://www.liquorlicenseagents.com/cities/orlando-liquor-licenses-for-restaurants-bars-and-retailers/","NO (orphan, newly added)",""
"https://www.liquorlicenseagents.com/cities/oxnard-liquor-licenses-for-restaurants-bars-and-retailers/","NO (orphan, newly added)",""
"https://www.liquorlicenseagents.com/cities/oxnard-type-20-license/","NO (orphan, newly added)",""
"https://www.liquorlicenseagents.com/cities/oxnard-type-21-license/","NO (orphan, newly added)",""
"https://www.liquorlicenseagents.com/cities/oxnard-type-41-license/","NO (orphan, newly added)",""
"https://www.liquorlicenseagents.com/cities/oxnard-type-47-license/","NO (orphan, newly added)",""
"https://www.liquorlicenseagents.com/cities/oxnard-type-48-license/","NO (orphan, newly added)",""
"https://www.liquorlicenseagents.com/cities/oxnard-type-57-license/","NO (orphan, newly added)",""
"https://www.liquorlicenseagents.com/cities/oxnard-type-61-license/","NO (orphan, newly added)",""
"https://www.liquorlicenseagents.com/cities/palm-desert-liquor-licenses-for-restaurants-bars-and-retailers/","NO (orphan, newly added)",""
"https://www.liquorlicenseagents.com/cities/palm-springs/palm-springs-liquor-licenses-for-restaurants-bars-and-retailers/","yes","/sitemaps/sitemap-cities.xml"
"https://www.liquorlicenseagents.com/cities/palmdale-liquor-licenses-for-restaurants-bars-and-retailers/","NO (orphan, newly added)",""
"https://www.liquorlicenseagents.com/cities/palo-alto-liquor-licenses-for-restaurants-bars-and-retailers/","NO (orphan, newly added)",""
"https://www.liquorlicenseagents.com/cities/palos-verdes-estates-liquor-licenses-for-restaurants-bars-and-retailers/","NO (orphan, newly added)",""
"https://www.liquorlicenseagents.com/cities/paramount-liquor-licenses-for-restaurants-bars-and-retailers/","NO (orphan, newly added)",""
"https://www.liquorlicenseagents.com/cities/pasadena-liquor-licenses-for-restaurants-bars-and-retailers/","NO (orphan, newly added)",""
"https://www.liquorlicenseagents.com/cities/peoria","yes","/sitemaps/sitemap-cities-categories.xml"
"https://www.liquorlicenseagents.com/cities/peoria-liquor-licenses-for-restaurants-bars-and-retailers/","NO (orphan, newly added)",""
"https://www.liquorlicenseagents.com/cities/peoria-series-1-license/","NO (orphan, newly added)",""
"https://www.liquorlicenseagents.com/cities/peoria-series-10-license/","NO (orphan, newly added)",""
"https://www.liquorlicenseagents.com/cities/peoria-series-11-license/","NO (orphan, newly added)",""
"https://www.liquorlicenseagents.com/cities/peoria-series-12-license/","NO (orphan, newly added)",""
"https://www.liquorlicenseagents.com/cities/peoria-series-6-license/","NO (orphan, newly added)",""
"https://www.liquorlicenseagents.com/cities/peoria-series-7-license/","NO (orphan, newly added)",""
"https://www.liquorlicenseagents.com/cities/peoria-series-9-license/","NO (orphan, newly added)",""
"https://www.liquorlicenseagents.com/cities/phoenix","yes","/sitemaps/sitemap-cities-categories.xml"
"https://www.liquorlicenseagents.com/cities/phoenix-liquor-licenses-for-restaurants-bars-and-retailers/","NO (orphan, newly added)",""
"https://www.liquorlicenseagents.com/cities/phoenix-series-1-license/","NO (orphan, newly added)",""
"https://www.liquorlicenseagents.com/cities/phoenix-series-10-license/","NO (orphan, newly added)",""
"https://www.liquorlicenseagents.com/cities/phoenix-series-11-license/","NO (orphan, newly added)",""
"https://www.liquorlicenseagents.com/cities/phoenix-series-12-license/","NO (orphan, newly added)",""
"https://www.liquorlicenseagents.com/cities/phoenix-series-6-license/","NO (orphan, newly added)",""
"https://www.liquorlicenseagents.com/cities/phoenix-series-7-license/","NO (orphan, newly added)",""
"https://www.liquorlicenseagents.com/cities/phoenix-series-9-license/","NO (orphan, newly added)",""
"https://www.liquorlicenseagents.com/cities/pico-rivera-liquor-licenses-for-restaurants-bars-and-retailers/","NO (orphan, newly added)",""
"https://www.liquorlicenseagents.com/cities/placentia-liquor-licenses-for-restaurants-bars-and-retailers/","NO (orphan, newly added)",""
"https://www.liquorlicenseagents.com/cities/pomona-liquor-licenses-for-restaurants-bars-and-retailers/","NO (orphan, newly added)",""
"https://www.liquorlicenseagents.com/cities/port-st-lucie","yes","/sitemaps/sitemap-cities-categories.xml"
"https://www.liquorlicenseagents.com/cities/port-st-lucie-13ct-license/","NO (orphan, newly added)",""
"https://www.liquorlicenseagents.com/cities/port-st-lucie-2aps-license/","NO (orphan, newly added)",""
"https://www.liquorlicenseagents.com/cities/port-st-lucie-2cop-license/","NO (orphan, newly added)",""
"https://www.liquorlicenseagents.com/cities/port-st-lucie-3ps-quota-license/","NO (orphan, newly added)",""
"https://www.liquorlicenseagents.com/cities/port-st-lucie-4cop-quota-license/","NO (orphan, newly added)",""
"https://www.liquorlicenseagents.com/cities/port-st-lucie-4cop-sfs-license/","NO (orphan, newly added)",""
"https://www.liquorlicenseagents.com/cities/port-st-lucie-cmb-license/","NO (orphan, newly added)",""
"https://www.liquorlicenseagents.com/cities/port-st-lucie-liquor-licenses-for-restaurants-bars-and-retailers/","NO (orphan, newly added)",""
"https://www.liquorlicenseagents.com/cities/rancho-mirage-liquor-licenses-for-restaurants-bars-and-retailers-1/","NO (orphan, newly added)",""
"https://www.liquorlicenseagents.com/cities/rancho-mirage/rancho-mirage-liquor-licenses-for-restaurants-bars-and-retailers/","yes","/sitemaps/sitemap-cities.xml"
"https://www.liquorlicenseagents.com/cities/rancho-palos-verdes/rancho-palos-verdes-liquor-licenses-for-restaurants-bars-and-retailers/","yes","/sitemaps/sitemap-cities.xml"
"https://www.liquorlicenseagents.com/cities/rancho-santa-margarita-liquor-licenses-for-restaurants-bars-and-retailers/","NO (orphan, newly added)",""
"https://www.liquorlicenseagents.com/cities/redondo-beach-liquor-licenses-for-restaurants-bars-and-retailers/","NO (orphan, newly added)",""
"https://www.liquorlicenseagents.com/cities/richmond-liquor-licenses-for-restaurants-bars-and-retailers/","NO (orphan, newly added)",""
"https://www.liquorlicenseagents.com/cities/rolling-hills-estates-liquor-licenses-for-restaurants-bars-and-retailers/","NO (orphan, newly added)",""
"https://www.liquorlicenseagents.com/cities/rolling-hills/rolling-hills-liquor-licenses-for-restaurants-bars-and-retailers/","yes","/sitemaps/sitemap-cities.xml"
"https://www.liquorlicenseagents.com/cities/rosemead-liquor-licenses-for-restaurants-bars-and-retailers/","NO (orphan, newly added)",""
"https://www.liquorlicenseagents.com/cities/san-clemente-liquor-licenses-for-restaurants-bars-and-retailers-1/","NO (orphan, newly added)",""
"https://www.liquorlicenseagents.com/cities/san-clemente-liquor-licenses-for-restaurants-bars-and-retailers/","NO (orphan, newly added)",""
"https://www.liquorlicenseagents.com/cities/san-diego-county-type-02-winery-or-winegrower-license/","NO (orphan, newly added)",""
"https://www.liquorlicenseagents.com/cities/san-diego-county-type-20-liquor-license-for-beer-and-wine-off-sale/","NO (orphan, newly added)",""
"https://www.liquorlicenseagents.com/cities/san-diego-county-type-23-small-beer-manufacturer-license/","NO (orphan, newly added)",""
"https://www.liquorlicenseagents.com/cities/san-diego-county-type-40-on-sale-beer-license/","NO (orphan, newly added)",""
"https://www.liquorlicenseagents.com/cities/san-diego-county-type-41-beer-and-wine-license-for-restaurants/","NO (orphan, newly added)",""
"https://www.liquorlicenseagents.com/cities/san-diego-county-type-47-full-liquor-license-for-restaurants/","NO (orphan, newly added)",""
"https://www.liquorlicenseagents.com/cities/san-diego-county-type-75-on-sale-general-brewpub-license/","NO (orphan, newly added)",""
"https://www.liquorlicenseagents.com/cities/san-diego-liquor-licenses-for-restaurants-bars-and-retailers-1/","NO (orphan, newly added)",""
"https://www.liquorlicenseagents.com/cities/san-diego-liquor-licenses-for-restaurants-bars-and-retailers/","NO (orphan, newly added)",""
"https://www.liquorlicenseagents.com/cities/san-diego/san-diego-county-type-21-full-liquor-license-for-liquor-stores/","yes","/sitemaps/sitemap-cities.xml"
"https://www.liquorlicenseagents.com/cities/san-diego/san-diego-county-type-42-on-sale-beer-and-wine-public-premises-license/","yes","/sitemaps/sitemap-cities.xml"
"https://www.liquorlicenseagents.com/cities/san-diego/san-diego-county-type-48-full-liquor-license-for-bars-and-nightclubs/","yes","/sitemaps/sitemap-cities.xml"
"https://www.liquorlicenseagents.com/cities/san-diego/san-diego-county-type-85-limited-off-sale-wine-license/","yes","/sitemaps/sitemap-cities.xml"
"https://www.liquorlicenseagents.com/cities/san-dimas-liquor-licenses-for-restaurants-bars-and-retailers-1/","NO (orphan, newly added)",""
"https://www.liquorlicenseagents.com/cities/san-dimas-liquor-licenses-for-restaurants-bars-and-retailers/","NO (orphan, newly added)",""
"https://www.liquorlicenseagents.com/cities/san-fernando-liquor-licenses-for-restaurants-bars-and-retailers-1/","NO (orphan, newly added)",""
"https://www.liquorlicenseagents.com/cities/san-fernando-liquor-licenses-for-restaurants-bars-and-retailers/","NO (orphan, newly added)",""
"https://www.liquorlicenseagents.com/cities/san-gabriel-liquor-licenses-for-restaurants-bars-and-retailers/","NO (orphan, newly added)",""
"https://www.liquorlicenseagents.com/cities/san-gabriel/san-gabriel-liquor-licenses-for-restaurants-bars-and-retailers-1/","yes","/sitemaps/sitemap-cities.xml"
"https://www.liquorlicenseagents.com/cities/san-jose/san-jose-liquor-licenses-for-restaurants-bars-and-retailers/","yes","/sitemaps/sitemap-cities.xml"
"https://www.liquorlicenseagents.com/cities/san-juan-capistrano-liquor-licenses-for-restaurants-bars-and-retailers-1/","NO (orphan, newly added)",""
"https://www.liquorlicenseagents.com/cities/san-juan-capistrano/san-juan-capistrano-liquor-licenses-for-restaurants-bars-and-retailers/","yes","/sitemaps/sitemap-cities.xml"
"https://www.liquorlicenseagents.com/cities/san-marcos-liquor-licenses-for-restaurants-bars-and-retailers/","NO (orphan, newly added)",""
"https://www.liquorlicenseagents.com/cities/san-marino-liquor-licenses-for-restaurants-bars-and-retailers/","NO (orphan, newly added)",""
"https://www.liquorlicenseagents.com/cities/santa-ana-liquor-licenses-for-restaurants-bars-and-retailers/","NO (orphan, newly added)",""
"https://www.liquorlicenseagents.com/cities/santa-barbara/city-of-santa-barbara-liquor-licenses-for-restaurants-bars-and-retailers/","yes","/sitemaps/sitemap-cities.xml"
"https://www.liquorlicenseagents.com/cities/santa-clarita-liquor-licenses-for-restaurants-bars-and-retailers/","NO (orphan, newly added)",""
"https://www.liquorlicenseagents.com/cities/santa-fe-springs-liquor-licenses-for-restaurants-bars-and-retailers/","NO (orphan, newly added)",""
"https://www.liquorlicenseagents.com/cities/santa-maria-liquor-licenses-for-restaurants-bars-and-retailers/","NO (orphan, newly added)",""
"https://www.liquorlicenseagents.com/cities/santa-monica-liquor-licenses-for-restaurants-bars-and-retailers/","NO (orphan, newly added)",""
"https://www.liquorlicenseagents.com/cities/santa-rosa-liquor-licenses-for-restaurants-bars-and-retailers/","NO (orphan, newly added)",""
"https://www.liquorlicenseagents.com/cities/santee-liquor-licenses-for-restaurants-bars-and-retailers/","NO (orphan, newly added)",""
"https://www.liquorlicenseagents.com/cities/scottsdale","yes","/sitemaps/sitemap-cities-categories.xml"
"https://www.liquorlicenseagents.com/cities/scottsdale-liquor-licenses-for-restaurants-bars-and-retailers/","NO (orphan, newly added)",""
"https://www.liquorlicenseagents.com/cities/scottsdale-series-1-license/","NO (orphan, newly added)",""
"https://www.liquorlicenseagents.com/cities/scottsdale-series-10-license/","NO (orphan, newly added)",""
"https://www.liquorlicenseagents.com/cities/scottsdale-series-11-license/","NO (orphan, newly added)",""
"https://www.liquorlicenseagents.com/cities/scottsdale-series-12-license/","NO (orphan, newly added)",""
"https://www.liquorlicenseagents.com/cities/scottsdale-series-6-license/","NO (orphan, newly added)",""
"https://www.liquorlicenseagents.com/cities/scottsdale-series-7-license/","NO (orphan, newly added)",""
"https://www.liquorlicenseagents.com/cities/scottsdale-series-9-license/","NO (orphan, newly added)",""
"https://www.liquorlicenseagents.com/cities/seal-beach-liquor-licenses-for-restaurants-bars-and-retailers/","NO (orphan, newly added)",""
"https://www.liquorlicenseagents.com/cities/sierra-madre-liquor-licenses-for-restaurants-bars-and-retailers/","NO (orphan, newly added)",""
"https://www.liquorlicenseagents.com/cities/signal-hill-estates/signal-hill-liquor-licenses-for-restaurants-bars-and-retailers/","yes","/sitemaps/sitemap-cities.xml"
"https://www.liquorlicenseagents.com/cities/simi-valley-liquor-licenses-for-restaurants-bars-and-retailers/","NO (orphan, newly added)",""
"https://www.liquorlicenseagents.com/cities/simi-valley/simi-valley-liquor-licenses-for-new-and-existing-businesses/","yes","/sitemaps/sitemap-cities.xml"
"https://www.liquorlicenseagents.com/cities/solana-beach-liquor-licenses-for-restaurants-bars-and-retailers/","NO (orphan, newly added)",""
"https://www.liquorlicenseagents.com/cities/solvang-liquor-licenses-for-restaurants-bars-and-retailers/","NO (orphan, newly added)",""
"https://www.liquorlicenseagents.com/cities/south-el-monte-liquor-licenses-for-restaurants-bars-and-retailers/","NO (orphan, newly added)",""
"https://www.liquorlicenseagents.com/cities/south-gate-liquor-licenses-for-restaurants-bars-and-retailers/","NO (orphan, newly added)",""
"https://www.liquorlicenseagents.com/cities/south-pasadena/south-pasadena-liquor-licenses-for-restaurants-bars-and-retailers/","yes","/sitemaps/sitemap-cities.xml"
"https://www.liquorlicenseagents.com/cities/st-petersburg","yes","/sitemaps/sitemap-cities-categories.xml"
"https://www.liquorlicenseagents.com/cities/st-petersburg-13ct-license/","NO (orphan, newly added)",""
"https://www.liquorlicenseagents.com/cities/st-petersburg-2aps-license/","NO (orphan, newly added)",""
"https://www.liquorlicenseagents.com/cities/st-petersburg-2cop-license/","NO (orphan, newly added)",""
"https://www.liquorlicenseagents.com/cities/st-petersburg-3ps-quota-license/","NO (orphan, newly added)",""
"https://www.liquorlicenseagents.com/cities/st-petersburg-4cop-quota-license/","NO (orphan, newly added)",""
"https://www.liquorlicenseagents.com/cities/st-petersburg-4cop-sfs-license/","NO (orphan, newly added)",""
"https://www.liquorlicenseagents.com/cities/st-petersburg-cmb-license/","NO (orphan, newly added)",""
"https://www.liquorlicenseagents.com/cities/st-petersburg-liquor-licenses-for-restaurants-bars-and-retailers/","NO (orphan, newly added)",""
"https://www.liquorlicenseagents.com/cities/surprise","yes","/sitemaps/sitemap-cities-categories.xml"
"https://www.liquorlicenseagents.com/cities/surprise-liquor-licenses-for-restaurants-bars-and-retailers/","NO (orphan, newly added)",""
"https://www.liquorlicenseagents.com/cities/surprise-series-1-license/","NO (orphan, newly added)",""
"https://www.liquorlicenseagents.com/cities/surprise-series-10-license/","NO (orphan, newly added)",""
"https://www.liquorlicenseagents.com/cities/surprise-series-11-license/","NO (orphan, newly added)",""
"https://www.liquorlicenseagents.com/cities/surprise-series-12-license/","NO (orphan, newly added)",""
"https://www.liquorlicenseagents.com/cities/surprise-series-6-license/","NO (orphan, newly added)",""
"https://www.liquorlicenseagents.com/cities/surprise-series-7-license/","NO (orphan, newly added)",""
"https://www.liquorlicenseagents.com/cities/surprise-series-9-license/","NO (orphan, newly added)",""
"https://www.liquorlicenseagents.com/cities/tallahassee","yes","/sitemaps/sitemap-cities-categories.xml"
"https://www.liquorlicenseagents.com/cities/tallahassee-13ct-license/","NO (orphan, newly added)",""
"https://www.liquorlicenseagents.com/cities/tallahassee-2aps-license/","NO (orphan, newly added)",""
"https://www.liquorlicenseagents.com/cities/tallahassee-2cop-license/","NO (orphan, newly added)",""
"https://www.liquorlicenseagents.com/cities/tallahassee-3ps-quota-license/","NO (orphan, newly added)",""
"https://www.liquorlicenseagents.com/cities/tallahassee-4cop-quota-license/","NO (orphan, newly added)",""
"https://www.liquorlicenseagents.com/cities/tallahassee-4cop-sfs-license/","NO (orphan, newly added)",""
"https://www.liquorlicenseagents.com/cities/tallahassee-cmb-license/","NO (orphan, newly added)",""
"https://www.liquorlicenseagents.com/cities/tallahassee-liquor-licenses-for-restaurants-bars-and-retailers/","NO (orphan, newly added)",""
"https://www.liquorlicenseagents.com/cities/tampa","yes","/sitemaps/sitemap-cities-categories.xml"
"https://www.liquorlicenseagents.com/cities/tampa-13ct-license/","NO (orphan, newly added)",""
"https://www.liquorlicenseagents.com/cities/tampa-2aps-license/","NO (orphan, newly added)",""
"https://www.liquorlicenseagents.com/cities/tampa-2cop-license/","NO (orphan, newly added)",""
"https://www.liquorlicenseagents.com/cities/tampa-3ps-quota-license/","NO (orphan, newly added)",""
"https://www.liquorlicenseagents.com/cities/tampa-4cop-quota-license/","NO (orphan, newly added)",""
"https://www.liquorlicenseagents.com/cities/tampa-4cop-sfs-license/","NO (orphan, newly added)",""
"https://www.liquorlicenseagents.com/cities/tampa-cmb-license/","NO (orphan, newly added)",""
"https://www.liquorlicenseagents.com/cities/tampa-liquor-licenses-for-restaurants-bars-and-retailers/","NO (orphan, newly added)",""
"https://www.liquorlicenseagents.com/cities/temecula-liquor-licenses-for-restaurants-bars-and-retailers/","NO (orphan, newly added)",""
"https://www.liquorlicenseagents.com/cities/tempe","yes","/sitemaps/sitemap-cities-categories.xml"
"https://www.liquorlicenseagents.com/cities/tempe-liquor-licenses-for-restaurants-bars-and-retailers/","NO (orphan, newly added)",""
"https://www.liquorlicenseagents.com/cities/tempe-series-1-license/","NO (orphan, newly added)",""
"https://www.liquorlicenseagents.com/cities/tempe-series-10-license/","NO (orphan, newly added)",""
"https://www.liquorlicenseagents.com/cities/tempe-series-11-license/","NO (orphan, newly added)",""
"https://www.liquorlicenseagents.com/cities/tempe-series-12-license/","NO (orphan, newly added)",""
"https://www.liquorlicenseagents.com/cities/tempe-series-6-license/","NO (orphan, newly added)",""
"https://www.liquorlicenseagents.com/cities/tempe-series-7-license/","NO (orphan, newly added)",""
"https://www.liquorlicenseagents.com/cities/tempe-series-9-license/","NO (orphan, newly added)",""
"https://www.liquorlicenseagents.com/cities/temple-city-liquor-licenses-for-restaurants-bars-and-retailers/","NO (orphan, newly added)",""
"https://www.liquorlicenseagents.com/cities/thousand-oaks-liquor-licenses-for-restaurants-bars-and-retailers/","NO (orphan, newly added)",""
"https://www.liquorlicenseagents.com/cities/torrance-liquor-licenses-for-restaurants-bars-and-retailers/","NO (orphan, newly added)",""
"https://www.liquorlicenseagents.com/cities/tucson","yes","/sitemaps/sitemap-cities-categories.xml"
"https://www.liquorlicenseagents.com/cities/tucson-liquor-licenses-for-restaurants-bars-and-retailers/","NO (orphan, newly added)",""
"https://www.liquorlicenseagents.com/cities/tucson-series-1-license/","NO (orphan, newly added)",""
"https://www.liquorlicenseagents.com/cities/tucson-series-10-license/","NO (orphan, newly added)",""
"https://www.liquorlicenseagents.com/cities/tucson-series-11-license/","NO (orphan, newly added)",""
"https://www.liquorlicenseagents.com/cities/tucson-series-12-license/","NO (orphan, newly added)",""
"https://www.liquorlicenseagents.com/cities/tucson-series-6-license/","NO (orphan, newly added)",""
"https://www.liquorlicenseagents.com/cities/tucson-series-7-license/","NO (orphan, newly added)",""
"https://www.liquorlicenseagents.com/cities/tucson-series-9-license/","NO (orphan, newly added)",""
"https://www.liquorlicenseagents.com/cities/tustin-liquor-licenses-for-restaurants-bars-and-retailers/","NO (orphan, newly added)",""
"https://www.liquorlicenseagents.com/cities/vernon-liquor-licenses-for-restaurants-bars-and-retailers/","NO (orphan, newly added)",""
"https://www.liquorlicenseagents.com/cities/villa-park-liquor-licenses-for-restaurants-bars-and-retailers/","NO (orphan, newly added)",""
"https://www.liquorlicenseagents.com/cities/visalia-liquor-licenses-for-restaurants-bars-and-retailers/","NO (orphan, newly added)",""
"https://www.liquorlicenseagents.com/cities/vista-liquor-licenses-for-restaurants-bars-and-retailers/","NO (orphan, newly added)",""
"https://www.liquorlicenseagents.com/cities/walnut-liquor-licenses-for-restaurants-bars-and-retailers/","NO (orphan, newly added)",""
"https://www.liquorlicenseagents.com/cities/west-covina-liquor-licenses-for-restaurants-bars-and-retailers/","NO (orphan, newly added)",""
"https://www.liquorlicenseagents.com/cities/west-hollywood-liquor-licenses-for-restaurants-bars-and-retailers/","NO (orphan, newly added)",""
"https://www.liquorlicenseagents.com/cities/westlake-village-liquor-licenses-for-restaurants-bars-and-retailers/","NO (orphan, newly added)",""
"https://www.liquorlicenseagents.com/cities/westminster-liquor-licenses-for-restaurants-bars-and-retailers/","NO (orphan, newly added)",""
"https://www.liquorlicenseagents.com/cities/whittier-liquor-licenses-for-restaurants-bars-and-retailers/","NO (orphan, newly added)",""
"https://www.liquorlicenseagents.com/cities/yorba-linda","yes","/sitemaps/sitemap-cities-categories.xml"
"https://www.liquorlicenseagents.com/conditional-use-permits/","yes","/sitemaps/sitemap-pages.xml"
"https://www.liquorlicenseagents.com/contact-us/","yes","/sitemaps/sitemap-pages.xml"
"https://www.liquorlicenseagents.com/counties","yes","/sitemaps/sitemap-counties.xml"
"https://www.liquorlicenseagents.com/counties/alachua-county-florida-liquor-licenses-for-restaurants-bars-and-retailers/","NO (orphan, newly added)",""
"https://www.liquorlicenseagents.com/counties/alameda-county-liquor-licenses/","NO (orphan, newly added)",""
"https://www.liquorlicenseagents.com/counties/alameda-county-type-20/","NO (orphan, newly added)",""
"https://www.liquorlicenseagents.com/counties/alameda-county-type-21/","NO (orphan, newly added)",""
"https://www.liquorlicenseagents.com/counties/alameda-county-type-41/","NO (orphan, newly added)",""
"https://www.liquorlicenseagents.com/counties/alameda-county-type-47-liquor-license-for-restaurants-and-bars/","NO (orphan, newly added)",""
"https://www.liquorlicenseagents.com/counties/alameda-county-type-48/","NO (orphan, newly added)",""
"https://www.liquorlicenseagents.com/counties/amador-county/amador-county-liquor-licenses-for-restaurants-bars-and-retailers/","yes","/sitemaps/sitemap-counties.xml"
"https://www.liquorlicenseagents.com/counties/apache-county","yes","/sitemaps/sitemap-counties-categories.xml"
"https://www.liquorlicenseagents.com/counties/apache-county-arizona-liquor-licenses-for-restaurants-bars-and-retailers/","NO (orphan, newly added)",""
"https://www.liquorlicenseagents.com/counties/apache-county-liquor-licenses/","NO (orphan, newly added)",""
"https://www.liquorlicenseagents.com/counties/apache-county-series-10/","NO (orphan, newly added)",""
"https://www.liquorlicenseagents.com/counties/apache-county-series-11/","NO (orphan, newly added)",""
"https://www.liquorlicenseagents.com/counties/apache-county-series-12/","NO (orphan, newly added)",""
"https://www.liquorlicenseagents.com/counties/apache-county-series-14/","NO (orphan, newly added)",""
"https://www.liquorlicenseagents.com/counties/apache-county-series-6/","NO (orphan, newly added)",""
"https://www.liquorlicenseagents.com/counties/apache-county-series-7/","NO (orphan, newly added)",""
"https://www.liquorlicenseagents.com/counties/apache-county-series-9/","NO (orphan, newly added)",""
"https://www.liquorlicenseagents.com/counties/baker-county-florida-liquor-licenses-for-restaurants-bars-and-retailers/","NO (orphan, newly added)",""
"https://www.liquorlicenseagents.com/counties/bay-county-florida-liquor-licenses-for-restaurants-bars-and-retailers/","NO (orphan, newly added)",""
"https://www.liquorlicenseagents.com/counties/bradford-county-florida-liquor-licenses-for-restaurants-bars-and-retailers/","NO (orphan, newly added)",""
"https://www.liquorlicenseagents.com/counties/brevard-county","yes","/sitemaps/sitemap-counties-categories.xml"
"https://www.liquorlicenseagents.com/counties/brevard-county-1cop/","NO (orphan, newly added)",""
"https://www.liquorlicenseagents.com/counties/brevard-county-2cop/","NO (orphan, newly added)",""
"https://www.liquorlicenseagents.com/counties/brevard-county-3ps/","NO (orphan, newly added)",""
"https://www.liquorlicenseagents.com/counties/brevard-county-4cop-sfs/","NO (orphan, newly added)",""
"https://www.liquorlicenseagents.com/counties/brevard-county-4cop/","NO (orphan, newly added)",""
"https://www.liquorlicenseagents.com/counties/brevard-county-6cop/","NO (orphan, newly added)",""
"https://www.liquorlicenseagents.com/counties/brevard-county-florida-liquor-licenses-for-restaurants-bars-and-retailers/","NO (orphan, newly added)",""
"https://www.liquorlicenseagents.com/counties/brevard-county-liquor-licenses/","NO (orphan, newly added)",""
"https://www.liquorlicenseagents.com/counties/broward-county","yes","/sitemaps/sitemap-counties-categories.xml"
"https://www.liquorlicenseagents.com/counties/broward-county-1cop/","NO (orphan, newly added)",""
"https://www.liquorlicenseagents.com/counties/broward-county-2cop/","NO (orphan, newly added)",""
"https://www.liquorlicenseagents.com/counties/broward-county-3ps/","NO (orphan, newly added)",""
"https://www.liquorlicenseagents.com/counties/broward-county-4cop-sfs/","NO (orphan, newly added)",""
"https://www.liquorlicenseagents.com/counties/broward-county-4cop/","NO (orphan, newly added)",""
"https://www.liquorlicenseagents.com/counties/broward-county-6cop/","NO (orphan, newly added)",""
"https://www.liquorlicenseagents.com/counties/broward-county-florida-liquor-licenses-for-restaurants-bars-and-retailers/","NO (orphan, newly added)",""
"https://www.liquorlicenseagents.com/counties/broward-county-liquor-licenses/","NO (orphan, newly added)",""
"https://www.liquorlicenseagents.com/counties/butte-county-liquor-licenses-for-restaurants-bars-and-retailers/","NO (orphan, newly added)",""
"https://www.liquorlicenseagents.com/counties/calaveras-county-liquor-licenses-for-restaurants-bars-and-retailers/","NO (orphan, newly added)",""
"https://www.liquorlicenseagents.com/counties/calhoun-county-florida-liquor-licenses-for-restaurants-bars-and-retailers/","NO (orphan, newly added)",""
"https://www.liquorlicenseagents.com/counties/charlotte-county-florida-liquor-licenses-for-restaurants-bars-and-retailers/","NO (orphan, newly added)",""
"https://www.liquorlicenseagents.com/counties/citrus-county-florida-liquor-licenses-for-restaurants-bars-and-retailers/","NO (orphan, newly added)",""
"https://www.liquorlicenseagents.com/counties/clay-county-florida-liquor-licenses-for-restaurants-bars-and-retailers/","NO (orphan, newly added)",""
"https://www.liquorlicenseagents.com/counties/cochise-county","yes","/sitemaps/sitemap-counties-categories.xml"
"https://www.liquorlicenseagents.com/counties/cochise-county-arizona-liquor-licenses-for-restaurants-bars-and-retailers/","NO (orphan, newly added)",""
"https://www.liquorlicenseagents.com/counties/cochise-county-liquor-licenses/","NO (orphan, newly added)",""
"https://www.liquorlicenseagents.com/counties/cochise-county-series-10/","NO (orphan, newly added)",""
"https://www.liquorlicenseagents.com/counties/cochise-county-series-11/","NO (orphan, newly added)",""
"https://www.liquorlicenseagents.com/counties/cochise-county-series-12/","NO (orphan, newly added)",""
"https://www.liquorlicenseagents.com/counties/cochise-county-series-14/","NO (orphan, newly added)",""
"https://www.liquorlicenseagents.com/counties/cochise-county-series-6/","NO (orphan, newly added)",""
"https://www.liquorlicenseagents.com/counties/cochise-county-series-7/","NO (orphan, newly added)",""
"https://www.liquorlicenseagents.com/counties/cochise-county-series-9/","NO (orphan, newly added)",""
"https://www.liquorlicenseagents.com/counties/coconino-county","yes","/sitemaps/sitemap-counties-categories.xml"
"https://www.liquorlicenseagents.com/counties/coconino-county-arizona-liquor-licenses-for-restaurants-bars-and-retailers/","NO (orphan, newly added)",""
"https://www.liquorlicenseagents.com/counties/coconino-county-liquor-licenses/","NO (orphan, newly added)",""
"https://www.liquorlicenseagents.com/counties/coconino-county-series-10/","NO (orphan, newly added)",""
"https://www.liquorlicenseagents.com/counties/coconino-county-series-11/","NO (orphan, newly added)",""
"https://www.liquorlicenseagents.com/counties/coconino-county-series-12/","NO (orphan, newly added)",""
"https://www.liquorlicenseagents.com/counties/coconino-county-series-14/","NO (orphan, newly added)",""
"https://www.liquorlicenseagents.com/counties/coconino-county-series-6/","NO (orphan, newly added)",""
"https://www.liquorlicenseagents.com/counties/coconino-county-series-7/","NO (orphan, newly added)",""
"https://www.liquorlicenseagents.com/counties/coconino-county-series-9/","NO (orphan, newly added)",""
"https://www.liquorlicenseagents.com/counties/collier-county-florida-liquor-licenses-for-restaurants-bars-and-retailers/","NO (orphan, newly added)",""
"https://www.liquorlicenseagents.com/counties/columbia-county-florida-liquor-licenses-for-restaurants-bars-and-retailers/","NO (orphan, newly added)",""
"https://www.liquorlicenseagents.com/counties/colusa-county-liquor-licenses-for-restaurants-bars-and-retailers/","NO (orphan, newly added)",""
"https://www.liquorlicenseagents.com/counties/contra-costa-county","yes","/sitemaps/sitemap-counties-categories.xml"
"https://www.liquorlicenseagents.com/counties/contra-costa-county-liquor-licenses/","NO (orphan, newly added)",""
"https://www.liquorlicenseagents.com/counties/contra-costa-county-type-20/","NO (orphan, newly added)",""
"https://www.liquorlicenseagents.com/counties/contra-costa-county-type-21/","NO (orphan, newly added)",""
"https://www.liquorlicenseagents.com/counties/contra-costa-county-type-41/","NO (orphan, newly added)",""
"https://www.liquorlicenseagents.com/counties/contra-costa-county-type-47/","NO (orphan, newly added)",""
"https://www.liquorlicenseagents.com/counties/contra-costa-county-type-48/","NO (orphan, newly added)",""
"https://www.liquorlicenseagents.com/counties/desoto-county-florida-liquor-licenses-for-restaurants-bars-and-retailers/","NO (orphan, newly added)",""
"https://www.liquorlicenseagents.com/counties/dixie-county-florida-liquor-licenses-for-restaurants-bars-and-retailers/","NO (orphan, newly added)",""
"https://www.liquorlicenseagents.com/counties/duval-county","yes","/sitemaps/sitemap-counties-categories.xml"
"https://www.liquorlicenseagents.com/counties/duval-county-1cop/","NO (orphan, newly added)",""
"https://www.liquorlicenseagents.com/counties/duval-county-2cop/","NO (orphan, newly added)",""
"https://www.liquorlicenseagents.com/counties/duval-county-3ps/","NO (orphan, newly added)",""
"https://www.liquorlicenseagents.com/counties/duval-county-4cop-sfs/","NO (orphan, newly added)",""
"https://www.liquorlicenseagents.com/counties/duval-county-4cop/","NO (orphan, newly added)",""
"https://www.liquorlicenseagents.com/counties/duval-county-6cop/","NO (orphan, newly added)",""
"https://www.liquorlicenseagents.com/counties/duval-county-florida-liquor-licenses-for-restaurants-bars-and-retailers/","NO (orphan, newly added)",""
"https://www.liquorlicenseagents.com/counties/duval-county-liquor-licenses/","NO (orphan, newly added)",""
"https://www.liquorlicenseagents.com/counties/el-dorado-county-liquor-licenses-for-restaurants-bars-and-retailers/","NO (orphan, newly added)",""
"https://www.liquorlicenseagents.com/counties/escambia-county-florida-liquor-licenses-for-restaurants-bars-and-retailers/","NO (orphan, newly added)",""
"https://www.liquorlicenseagents.com/counties/flagler-county-florida-liquor-licenses-for-restaurants-bars-and-retailers/","NO (orphan, newly added)",""
"https://www.liquorlicenseagents.com/counties/florida-county/nassau-county-florida-liquor-licenses-for-restaurants-bars-and-retailers/","yes","/sitemaps/sitemap-counties.xml"
"https://www.liquorlicenseagents.com/counties/florida-county/sarasota-county-florida-liquor-licenses-for-restaurants-bars-and-retailers/","yes","/sitemaps/sitemap-counties.xml"
"https://www.liquorlicenseagents.com/counties/franklin-county-florida-liquor-licenses-for-restaurants-bars-and-retailers/","NO (orphan, newly added)",""
"https://www.liquorlicenseagents.com/counties/fresno-county-liquor-licenses/","NO (orphan, newly added)",""
"https://www.liquorlicenseagents.com/counties/fresno-county-type-20/","yes","/sitemaps/sitemap-counties.xml"
"https://www.liquorlicenseagents.com/counties/fresno-county-type-21/","NO (orphan, newly added)",""
"https://www.liquorlicenseagents.com/counties/fresno-county-type-41/","NO (orphan, newly added)",""
"https://www.liquorlicenseagents.com/counties/fresno-county-type-47/","NO (orphan, newly added)",""
"https://www.liquorlicenseagents.com/counties/fresno-county-type-48/","NO (orphan, newly added)",""
"https://www.liquorlicenseagents.com/counties/fresno-county/fresno-county-liquor-licenses-for-restaurants-bars-and-retailers/","yes","/sitemaps/sitemap-counties.xml"
"https://www.liquorlicenseagents.com/counties/gadsden-county-florida-liquor-licenses-for-restaurants-bars-and-retailers/","NO (orphan, newly added)",""
"https://www.liquorlicenseagents.com/counties/gila-county-arizona-liquor-licenses-for-restaurants-bars-and-retailers/","NO (orphan, newly added)",""
"https://www.liquorlicenseagents.com/counties/gilchrist-county-florida-liquor-licenses-for-restaurants-bars-and-retailers/","NO (orphan, newly added)",""
"https://www.liquorlicenseagents.com/counties/glades-county-florida-liquor-licenses-for-restaurants-bars-and-retailers/","NO (orphan, newly added)",""
"https://www.liquorlicenseagents.com/counties/glenn-county/glenn-county-liquor-licenses-for-restaurants-bars-and-retailers/","yes","/sitemaps/sitemap-counties.xml"
"https://www.liquorlicenseagents.com/counties/graham-county-arizona-liquor-licenses-for-restaurants-bars-and-retailers/","NO (orphan, newly added)",""
"https://www.liquorlicenseagents.com/counties/greenlee-county-arizona-liquor-licenses-for-restaurants-bars-and-retailers/","NO (orphan, newly added)",""
"https://www.liquorlicenseagents.com/counties/gulf-county-florida-liquor-licenses-for-restaurants-bars-and-retailers/","NO (orphan, newly added)",""
"https://www.liquorlicenseagents.com/counties/hamilton-county-florida-liquor-licenses-for-restaurants-bars-and-retailers/","NO (orphan, newly added)",""
"https://www.liquorlicenseagents.com/counties/hardee-county-florida-liquor-licenses-for-restaurants-bars-and-retailers/","NO (orphan, newly added)",""
"https://www.liquorlicenseagents.com/counties/hendry-county-florida-liquor-licenses-for-restaurants-bars-and-retailers/","NO (orphan, newly added)",""
"https://www.liquorlicenseagents.com/counties/hernando-county-florida-liquor-licenses-for-restaurants-bars-and-retailers/","NO (orphan, newly added)",""
"https://www.liquorlicenseagents.com/counties/highlands-county-florida-liquor-licenses-for-restaurants-bars-and-retailers/","NO (orphan, newly added)",""
"https://www.liquorlicenseagents.com/counties/hillsborough-county","yes","/sitemaps/sitemap-counties-categories.xml"
"https://www.liquorlicenseagents.com/counties/hillsborough-county-1cop/","NO (orphan, newly added)",""
"https://www.liquorlicenseagents.com/counties/hillsborough-county-2cop/","NO (orphan, newly added)",""
"https://www.liquorlicenseagents.com/counties/hillsborough-county-3ps/","NO (orphan, newly added)",""
"https://www.liquorlicenseagents.com/counties/hillsborough-county-4cop-sfs/","NO (orphan, newly added)",""
"https://www.liquorlicenseagents.com/counties/hillsborough-county-4cop/","NO (orphan, newly added)",""
"https://www.liquorlicenseagents.com/counties/hillsborough-county-6cop/","NO (orphan, newly added)",""
"https://www.liquorlicenseagents.com/counties/hillsborough-county-florida-liquor-licenses-for-restaurants-bars-and-retailers/","NO (orphan, newly added)",""
"https://www.liquorlicenseagents.com/counties/hillsborough-county-liquor-licenses/","NO (orphan, newly added)",""
"https://www.liquorlicenseagents.com/counties/holmes-county-florida-liquor-licenses-for-restaurants-bars-and-retailers/","NO (orphan, newly added)",""
"https://www.liquorlicenseagents.com/counties/humboldt-county-liquor-licenses-for-restaurants-bars-and-retailers/","NO (orphan, newly added)",""
"https://www.liquorlicenseagents.com/counties/imperial-county-liquor-licenses-for-restaurants-bars-and-retailers/","NO (orphan, newly added)",""
"https://www.liquorlicenseagents.com/counties/indian-river-county-florida-liquor-licenses-for-restaurants-bars-and-retailers/","NO (orphan, newly added)",""
"https://www.liquorlicenseagents.com/counties/inyo-county/inyo-county-liquor-licenses-for-restaurants-bars-and-retailers/","yes","/sitemaps/sitemap-counties.xml"
"https://www.liquorlicenseagents.com/counties/jackson-county-florida-liquor-licenses-for-restaurants-bars-and-retailers/","NO (orphan, newly added)",""
"https://www.liquorlicenseagents.com/counties/jefferson-county-florida-liquor-licenses-for-restaurants-bars-and-retailers/","NO (orphan, newly added)",""
"https://www.liquorlicenseagents.com/counties/kern-county-1","yes","/sitemaps/sitemap-counties-categories.xml"
"https://www.liquorlicenseagents.com/counties/kern-county-liquor-licenses-for-restaurants-bars-and-retailers/","NO (orphan, newly added)",""
"https://www.liquorlicenseagents.com/counties/kern-county-liquor-licenses/","NO (orphan, newly added)",""
"https://www.liquorlicenseagents.com/counties/kern-county-type-21/","NO (orphan, newly added)",""
"https://www.liquorlicenseagents.com/counties/kern-county-type-41/","NO (orphan, newly added)",""
"https://www.liquorlicenseagents.com/counties/kern-county-type-47/","NO (orphan, newly added)",""
"https://www.liquorlicenseagents.com/counties/kern-county-type-48/","NO (orphan, newly added)",""
"https://www.liquorlicenseagents.com/counties/kings-county-liquor-licenses-for-restaurants-bars-and-retailers/","NO (orphan, newly added)",""
"https://www.liquorlicenseagents.com/counties/la-paz-county-arizona-liquor-licenses-for-restaurants-bars-and-retailers/","NO (orphan, newly added)",""
"https://www.liquorlicenseagents.com/counties/lafayette-county-florida-liquor-licenses-for-restaurants-bars-and-retailers/","NO (orphan, newly added)",""
"https://www.liquorlicenseagents.com/counties/lake-county-florida-liquor-licenses-for-restaurants-bars-and-retailers/","NO (orphan, newly added)",""
"https://www.liquorlicenseagents.com/counties/lake-county-liquor-licenses-for-restaurants-bars-and-retailers/","NO (orphan, newly added)",""
"https://www.liquorlicenseagents.com/counties/lassen-county-liquor-licenses-for-restaurants-bars-and-retailers/","NO (orphan, newly added)",""
"https://www.liquorlicenseagents.com/counties/lee-county","yes","/sitemaps/sitemap-counties-categories.xml"
"https://www.liquorlicenseagents.com/counties/lee-county-1cop/","NO (orphan, newly added)",""
"https://www.liquorlicenseagents.com/counties/lee-county-2cop/","NO (orphan, newly added)",""
"https://www.liquorlicenseagents.com/counties/lee-county-3ps/","NO (orphan, newly added)",""
"https://www.liquorlicenseagents.com/counties/lee-county-4cop-sfs/","NO (orphan, newly added)",""
"https://www.liquorlicenseagents.com/counties/lee-county-4cop/","NO (orphan, newly added)",""
"https://www.liquorlicenseagents.com/counties/lee-county-6cop/","NO (orphan, newly added)",""
"https://www.liquorlicenseagents.com/counties/lee-county-florida-liquor-licenses-for-restaurants-bars-and-retailers/","NO (orphan, newly added)",""
"https://www.liquorlicenseagents.com/counties/lee-county-liquor-licenses/","NO (orphan, newly added)",""
"https://www.liquorlicenseagents.com/counties/leon-county-florida-liquor-licenses-for-restaurants-bars-and-retailers/","NO (orphan, newly added)",""
"https://www.liquorlicenseagents.com/counties/levy-county-florida-liquor-licenses-for-restaurants-bars-and-retailers/","NO (orphan, newly added)",""
"https://www.liquorlicenseagents.com/counties/liberty-county-florida-liquor-licenses-for-restaurants-bars-and-retailers/","NO (orphan, newly added)",""
"https://www.liquorlicenseagents.com/counties/liquor-license-agents-supports-2cop/","NO (orphan, newly added)",""
"https://www.liquorlicenseagents.com/counties/los-angeles-county","yes","/sitemaps/sitemap-counties-categories.xml"
"https://www.liquorlicenseagents.com/counties/los-angeles-county-liquor-licenses/","NO (orphan, newly added)",""
"https://www.liquorlicenseagents.com/counties/los-angeles-county-type-20/","NO (orphan, newly added)",""
"https://www.liquorlicenseagents.com/counties/los-angeles-county-type-21/","NO (orphan, newly added)",""
"https://www.liquorlicenseagents.com/counties/los-angeles-county-type-41/","NO (orphan, newly added)",""
"https://www.liquorlicenseagents.com/counties/los-angeles-county-type-47/","NO (orphan, newly added)",""
"https://www.liquorlicenseagents.com/counties/los-angeles-county-type-48/","NO (orphan, newly added)",""
"https://www.liquorlicenseagents.com/counties/madera-county-liquor-licenses-for-restaurants-bars-and-retailers/","NO (orphan, newly added)",""
"https://www.liquorlicenseagents.com/counties/madison-county-florida-liquor-licenses-for-restaurants-bars-and-retailers/","NO (orphan, newly added)",""
"https://www.liquorlicenseagents.com/counties/manatee-county-florida-liquor-licenses-for-restaurants-bars-and-retailers/","NO (orphan, newly added)",""
"https://www.liquorlicenseagents.com/counties/maricopa-county","yes","/sitemaps/sitemap-counties-categories.xml"
"https://www.liquorlicenseagents.com/counties/maricopa-county-arizona-liquor-licenses-for-restaurants-bars-and-retailers/","NO (orphan, newly added)",""
"https://www.liquorlicenseagents.com/counties/maricopa-county-liquor-ilcenses/","NO (orphan, newly added)",""
"https://www.liquorlicenseagents.com/counties/maricopa-county-series-10/","NO (orphan, newly added)",""
"https://www.liquorlicenseagents.com/counties/maricopa-county-series-11/","NO (orphan, newly added)",""
"https://www.liquorlicenseagents.com/counties/maricopa-county-series-12/","NO (orphan, newly added)",""
"https://www.liquorlicenseagents.com/counties/maricopa-county-series-14/","NO (orphan, newly added)",""
"https://www.liquorlicenseagents.com/counties/maricopa-county-series-6/","NO (orphan, newly added)",""
"https://www.liquorlicenseagents.com/counties/maricopa-county-series-7/","NO (orphan, newly added)",""
"https://www.liquorlicenseagents.com/counties/maricopa-county-series-9/","NO (orphan, newly added)",""
"https://www.liquorlicenseagents.com/counties/marin-county-liquor-licenses-for-restaurants-bars-and-retailers/","NO (orphan, newly added)",""
"https://www.liquorlicenseagents.com/counties/marion-county-florida-liquor-licenses-for-restaurants-bars-and-retailers/","NO (orphan, newly added)",""
"https://www.liquorlicenseagents.com/counties/martin-county-florida-liquor-licenses-for-restaurants-bars-and-retailers/","NO (orphan, newly added)",""
"https://www.liquorlicenseagents.com/counties/mendocino-county-liquor-licenses-for-restaurants-bars-and-retailers/","NO (orphan, newly added)",""
"https://www.liquorlicenseagents.com/counties/merced-county-liquor-licenses-for-restaurants-bars-and-retailers/","NO (orphan, newly added)",""
"https://www.liquorlicenseagents.com/counties/miami-dade-county","yes","/sitemaps/sitemap-counties-categories.xml"
"https://www.liquorlicenseagents.com/counties/miami-dade-county-1cop/","NO (orphan, newly added)",""
"https://www.liquorlicenseagents.com/counties/miami-dade-county-2cop/","NO (orphan, newly added)",""
"https://www.liquorlicenseagents.com/counties/miami-dade-county-3ps/","NO (orphan, newly added)",""
"https://www.liquorlicenseagents.com/counties/miami-dade-county-4cop-sfs/","NO (orphan, newly added)",""
"https://www.liquorlicenseagents.com/counties/miami-dade-county-4cop/","NO (orphan, newly added)",""
"https://www.liquorlicenseagents.com/counties/miami-dade-county-6cop/","NO (orphan, newly added)",""
"https://www.liquorlicenseagents.com/counties/miami-dade-county-florida-liquor-licenses-for-restaurants-bars-and-retailers/","NO (orphan, newly added)",""
"https://www.liquorlicenseagents.com/counties/miami-dade-county-liquor-licenses/","NO (orphan, newly added)",""
"https://www.liquorlicenseagents.com/counties/modoc-county-liquor-licenses-for-restaurants-bars-and-retailers/","NO (orphan, newly added)",""
"https://www.liquorlicenseagents.com/counties/mohave-county","yes","/sitemaps/sitemap-counties-categories.xml"
"https://www.liquorlicenseagents.com/counties/mohave-county-arizona-liquor-licenses-for-restaurants-bars-and-retailers/","NO (orphan, newly added)",""
"https://www.liquorlicenseagents.com/counties/mohave-county-liquor-licenses/","NO (orphan, newly added)",""
"https://www.liquorlicenseagents.com/counties/mohave-county-series-10/","NO (orphan, newly added)",""
"https://www.liquorlicenseagents.com/counties/mohave-county-series-11/","NO (orphan, newly added)",""
"https://www.liquorlicenseagents.com/counties/mohave-county-series-12/","NO (orphan, newly added)",""
"https://www.liquorlicenseagents.com/counties/mohave-county-series-14/","NO (orphan, newly added)",""
"https://www.liquorlicenseagents.com/counties/mohave-county-series-6/","NO (orphan, newly added)",""
"https://www.liquorlicenseagents.com/counties/mohave-county-series-7/","NO (orphan, newly added)",""
"https://www.liquorlicenseagents.com/counties/mohave-county-series-9-1/","NO (orphan, newly added)",""
"https://www.liquorlicenseagents.com/counties/mohave-county-series-9/","NO (orphan, newly added)",""
"https://www.liquorlicenseagents.com/counties/mono-county-liquor-licenses-for-restaurants-bars-and-retailers/","NO (orphan, newly added)",""
"https://www.liquorlicenseagents.com/counties/monroe-county-florida-liquor-licenses-for-restaurants-bars-and-retailers/","NO (orphan, newly added)",""
"https://www.liquorlicenseagents.com/counties/monterey-county-liquor-licenses-for-restaurants-bars-and-retailers/","NO (orphan, newly added)",""
"https://www.liquorlicenseagents.com/counties/napa-county-liquor-licenses-for-restaurants-bars-and-retailers/","NO (orphan, newly added)",""
"https://www.liquorlicenseagents.com/counties/navajo-county","yes","/sitemaps/sitemap-counties-categories.xml"
"https://www.liquorlicenseagents.com/counties/navajo-county-arizona-liquor-licenses-for-restaurants-bars-and-retailers/","NO (orphan, newly added)",""
"https://www.liquorlicenseagents.com/counties/navajo-county-liquor-licenses/","NO (orphan, newly added)",""
"https://www.liquorlicenseagents.com/counties/navajo-county-series-10/","NO (orphan, newly added)",""
"https://www.liquorlicenseagents.com/counties/navajo-county-series-11/","NO (orphan, newly added)",""
"https://www.liquorlicenseagents.com/counties/navajo-county-series-12/","NO (orphan, newly added)",""
"https://www.liquorlicenseagents.com/counties/navajo-county-series-14/","NO (orphan, newly added)",""
"https://www.liquorlicenseagents.com/counties/navajo-county-series-6/","NO (orphan, newly added)",""
"https://www.liquorlicenseagents.com/counties/navajo-county-series-7/","NO (orphan, newly added)",""
"https://www.liquorlicenseagents.com/counties/navajo-county-series-9/","NO (orphan, newly added)",""
"https://www.liquorlicenseagents.com/counties/nevada-county-liquor-licenses-for-restaurants-bars-and-retailers/","NO (orphan, newly added)",""
"https://www.liquorlicenseagents.com/counties/okaloosa-county-florida-liquor-licenses-for-restaurants-bars-and-retailers/","NO (orphan, newly added)",""
"https://www.liquorlicenseagents.com/counties/okeechobee-county-florida-liquor-licenses-for-restaurants-bars-and-retailers/","NO (orphan, newly added)",""
"https://www.liquorlicenseagents.com/counties/orange-county-1cop/","NO (orphan, newly added)",""
"https://www.liquorlicenseagents.com/counties/orange-county-2cop/","NO (orphan, newly added)",""
"https://www.liquorlicenseagents.com/counties/orange-county-3ps/","NO (orphan, newly added)",""
"https://www.liquorlicenseagents.com/counties/orange-county-4cop-sfs/","NO (orphan, newly added)",""
"https://www.liquorlicenseagents.com/counties/orange-county-4cop/","NO (orphan, newly added)",""
"https://www.liquorlicenseagents.com/counties/orange-county-6cop/","NO (orphan, newly added)",""
"https://www.liquorlicenseagents.com/counties/orange-county-florida-liquor-licenses-for-restaurants-bars-and-retailers/","NO (orphan, newly added)",""
"https://www.liquorlicenseagents.com/counties/orange-county-liquor-licenses-1/","NO (orphan, newly added)",""
"https://www.liquorlicenseagents.com/counties/orange-county-liquor-licenses/","NO (orphan, newly added)",""
"https://www.liquorlicenseagents.com/counties/orange-county-type-20-license/","NO (orphan, newly added)",""
"https://www.liquorlicenseagents.com/counties/orange-county-type-20/","NO (orphan, newly added)",""
"https://www.liquorlicenseagents.com/counties/orange-county-type-21-license/","NO (orphan, newly added)",""
"https://www.liquorlicenseagents.com/counties/orange-county-type-21/","NO (orphan, newly added)",""
"https://www.liquorlicenseagents.com/counties/orange-county-type-41-license/","NO (orphan, newly added)",""
"https://www.liquorlicenseagents.com/counties/orange-county-type-41/","NO (orphan, newly added)",""
"https://www.liquorlicenseagents.com/counties/orange-county-type-47-license/","NO (orphan, newly added)",""
"https://www.liquorlicenseagents.com/counties/orange-county-type-47/","NO (orphan, newly added)",""
"https://www.liquorlicenseagents.com/counties/orange-county-type-48-license/","NO (orphan, newly added)",""
"https://www.liquorlicenseagents.com/counties/orange-county-type-48/","NO (orphan, newly added)",""
"https://www.liquorlicenseagents.com/counties/orange-county/orange-county-liquor-licenses-for-restaurants-bars-and-nightlife-venues/","yes","/sitemaps/sitemap-counties.xml"
"https://www.liquorlicenseagents.com/counties/osceola-county-florida-liquor-licenses-for-restaurants-bars-and-retailers/","NO (orphan, newly added)",""
"https://www.liquorlicenseagents.com/counties/palm-beach-county","yes","/sitemaps/sitemap-counties-categories.xml"
"https://www.liquorlicenseagents.com/counties/palm-beach-county-1cop/","NO (orphan, newly added)",""
"https://www.liquorlicenseagents.com/counties/palm-beach-county-2cop/","NO (orphan, newly added)",""
"https://www.liquorlicenseagents.com/counties/palm-beach-county-3ps/","NO (orphan, newly added)",""
"https://www.liquorlicenseagents.com/counties/palm-beach-county-4cop-sfs/","NO (orphan, newly added)",""
"https://www.liquorlicenseagents.com/counties/palm-beach-county-4cop/","NO (orphan, newly added)",""
"https://www.liquorlicenseagents.com/counties/palm-beach-county-6cop/","NO (orphan, newly added)",""
"https://www.liquorlicenseagents.com/counties/palm-beach-county-florida-liquor-licenses-for-restaurants-bars-and-retailers/","NO (orphan, newly added)",""
"https://www.liquorlicenseagents.com/counties/palm-beach-county-liquor-licenses/","NO (orphan, newly added)",""
"https://www.liquorlicenseagents.com/counties/pasco-county-florida-liquor-licenses-for-restaurants-bars-and-retailers/","NO (orphan, newly added)",""
"https://www.liquorlicenseagents.com/counties/pima-county","yes","/sitemaps/sitemap-counties-categories.xml"
"https://www.liquorlicenseagents.com/counties/pima-county-arizona-liquor-licenses-for-restaurants-bars-and-retailers/","NO (orphan, newly added)",""
"https://www.liquorlicenseagents.com/counties/pima-county-liquor-licenses/","NO (orphan, newly added)",""
"https://www.liquorlicenseagents.com/counties/pima-county-series-10/","NO (orphan, newly added)",""
"https://www.liquorlicenseagents.com/counties/pima-county-series-11/","NO (orphan, newly added)",""
"https://www.liquorlicenseagents.com/counties/pima-county-series-12/","NO (orphan, newly added)",""
"https://www.liquorlicenseagents.com/counties/pima-county-series-14/","NO (orphan, newly added)",""
"https://www.liquorlicenseagents.com/counties/pima-county-series-6/","NO (orphan, newly added)",""
"https://www.liquorlicenseagents.com/counties/pima-county-series-7/","NO (orphan, newly added)",""
"https://www.liquorlicenseagents.com/counties/pima-county-series-9/","NO (orphan, newly added)",""
"https://www.liquorlicenseagents.com/counties/pinal-county","yes","/sitemaps/sitemap-counties-categories.xml"
"https://www.liquorlicenseagents.com/counties/pinal-county-arizona-liquor-licenses-for-restaurants-bars-and-retailers/","NO (orphan, newly added)",""
"https://www.liquorlicenseagents.com/counties/pinal-county-liquor-licenses/","NO (orphan, newly added)",""
"https://www.liquorlicenseagents.com/counties/pinal-county-series-10/","NO (orphan, newly added)",""
"https://www.liquorlicenseagents.com/counties/pinal-county-series-11/","NO (orphan, newly added)",""
"https://www.liquorlicenseagents.com/counties/pinal-county-series-12/","NO (orphan, newly added)",""
"https://www.liquorlicenseagents.com/counties/pinal-county-series-14/","NO (orphan, newly added)",""
"https://www.liquorlicenseagents.com/counties/pinal-county-series-6/","NO (orphan, newly added)",""
"https://www.liquorlicenseagents.com/counties/pinal-county-series-7/","NO (orphan, newly added)",""
"https://www.liquorlicenseagents.com/counties/pinal-county-series-9/","NO (orphan, newly added)",""
"https://www.liquorlicenseagents.com/counties/pinellas-county","yes","/sitemaps/sitemap-counties-categories.xml"
"https://www.liquorlicenseagents.com/counties/pinellas-county-1cop/","NO (orphan, newly added)",""
"https://www.liquorlicenseagents.com/counties/pinellas-county-3ps/","NO (orphan, newly added)",""
"https://www.liquorlicenseagents.com/counties/pinellas-county-4cop-sfs/","NO (orphan, newly added)",""
"https://www.liquorlicenseagents.com/counties/pinellas-county-4cop/","NO (orphan, newly added)",""
"https://www.liquorlicenseagents.com/counties/pinellas-county-6cop/","NO (orphan, newly added)",""
"https://www.liquorlicenseagents.com/counties/pinellas-county-florida-liquor-licenses-for-restaurants-bars-and-retailers/","NO (orphan, newly added)",""
"https://www.liquorlicenseagents.com/counties/pinellas-county-liquor-licenses/","NO (orphan, newly added)",""
"https://www.liquorlicenseagents.com/counties/polk-county","yes","/sitemaps/sitemap-counties-categories.xml"
"https://www.liquorlicenseagents.com/counties/polk-county-1cop/","NO (orphan, newly added)",""
"https://www.liquorlicenseagents.com/counties/polk-county-2cop/","NO (orphan, newly added)",""
"https://www.liquorlicenseagents.com/counties/polk-county-3ps/","NO (orphan, newly added)",""
"https://www.liquorlicenseagents.com/counties/polk-county-4cop-sfs/","NO (orphan, newly added)",""
"https://www.liquorlicenseagents.com/counties/polk-county-4cop/","NO (orphan, newly added)",""
"https://www.liquorlicenseagents.com/counties/polk-county-6cop/","NO (orphan, newly added)",""
"https://www.liquorlicenseagents.com/counties/polk-county-florida-liquor-licenses-for-restaurants-bars-and-retailers/","NO (orphan, newly added)",""
"https://www.liquorlicenseagents.com/counties/polk-county-liquor-licenses/","NO (orphan, newly added)",""
"https://www.liquorlicenseagents.com/counties/putnam-county-florida-liquor-licenses-for-restaurants-bars-and-retailers/","NO (orphan, newly added)",""
"https://www.liquorlicenseagents.com/counties/riverside-county-1","yes","/sitemaps/sitemap-counties-categories.xml"
"https://www.liquorlicenseagents.com/counties/riverside-county-liquor-licenses-for-restaurants-bars-and-retailers/","NO (orphan, newly added)",""
"https://www.liquorlicenseagents.com/counties/riverside-county-liquor-licenses/","NO (orphan, newly added)",""
"https://www.liquorlicenseagents.com/counties/riverside-county-type-20/","NO (orphan, newly added)",""
"https://www.liquorlicenseagents.com/counties/riverside-county-type-21/","NO (orphan, newly added)",""
"https://www.liquorlicenseagents.com/counties/riverside-county-type-41/","NO (orphan, newly added)",""
"https://www.liquorlicenseagents.com/counties/riverside-county-type-47/","NO (orphan, newly added)",""
"https://www.liquorlicenseagents.com/counties/riverside-county-type-48/","NO (orphan, newly added)",""
"https://www.liquorlicenseagents.com/counties/sacramento-county-1","yes","/sitemaps/sitemap-counties-categories.xml"
"https://www.liquorlicenseagents.com/counties/sacramento-county-liquor-licenses-for-restaurants-bars-and-retailers/","NO (orphan, newly added)",""
"https://www.liquorlicenseagents.com/counties/sacramento-county-liquor-licenses/","NO (orphan, newly added)",""
"https://www.liquorlicenseagents.com/counties/sacramento-county-type-20/","NO (orphan, newly added)",""
"https://www.liquorlicenseagents.com/counties/sacramento-county-type-21/","NO (orphan, newly added)",""
"https://www.liquorlicenseagents.com/counties/sacramento-county-type-41/","NO (orphan, newly added)",""
"https://www.liquorlicenseagents.com/counties/sacramento-county-type-47/","NO (orphan, newly added)",""
"https://www.liquorlicenseagents.com/counties/sacramento-county-type-48/","NO (orphan, newly added)",""
"https://www.liquorlicenseagents.com/counties/san-benito-county/san-benito-county-liquor-licenses-for-restaurants-bars-and-retailers/","yes","/sitemaps/sitemap-counties.xml"
"https://www.liquorlicenseagents.com/counties/san-bernardino-county-1","yes","/sitemaps/sitemap-counties-categories.xml"
"https://www.liquorlicenseagents.com/counties/san-bernardino-county-liquor-licenses-for-restaurants-bars-and-retailers/","NO (orphan, newly added)",""
"https://www.liquorlicenseagents.com/counties/san-bernardino-county-liquor-licenses/","NO (orphan, newly added)",""
"https://www.liquorlicenseagents.com/counties/san-bernardino-county-type-20/","NO (orphan, newly added)",""
"https://www.liquorlicenseagents.com/counties/san-bernardino-county-type-21/","NO (orphan, newly added)",""
"https://www.liquorlicenseagents.com/counties/san-bernardino-county-type-41/","NO (orphan, newly added)",""
"https://www.liquorlicenseagents.com/counties/san-bernardino-county-type-47/","NO (orphan, newly added)",""
"https://www.liquorlicenseagents.com/counties/san-bernardino-county-type-48/","NO (orphan, newly added)",""
"https://www.liquorlicenseagents.com/counties/san-diego-county","yes","/sitemaps/sitemap-counties-categories.xml"
"https://www.liquorlicenseagents.com/counties/san-diego-county-liquor-licenses/","NO (orphan, newly added)",""
"https://www.liquorlicenseagents.com/counties/san-diego-county-type-20/","NO (orphan, newly added)",""
"https://www.liquorlicenseagents.com/counties/san-diego-county-type-21/","NO (orphan, newly added)",""
"https://www.liquorlicenseagents.com/counties/san-diego-county-type-41/","NO (orphan, newly added)",""
"https://www.liquorlicenseagents.com/counties/san-diego-county-type-47/","NO (orphan, newly added)",""
"https://www.liquorlicenseagents.com/counties/san-diego-county-type-48/","NO (orphan, newly added)",""
"https://www.liquorlicenseagents.com/counties/san-francisco-county","yes","/sitemaps/sitemap-counties-categories.xml"
"https://www.liquorlicenseagents.com/counties/san-francisco-county-liquor-licenses/","NO (orphan, newly added)",""
"https://www.liquorlicenseagents.com/counties/san-francisco-county-type-20/","NO (orphan, newly added)",""
"https://www.liquorlicenseagents.com/counties/san-francisco-county-type-21/","NO (orphan, newly added)",""
"https://www.liquorlicenseagents.com/counties/san-francisco-county-type-41/","NO (orphan, newly added)",""
"https://www.liquorlicenseagents.com/counties/san-francisco-county-type-47/","NO (orphan, newly added)",""
"https://www.liquorlicenseagents.com/counties/san-francisco-county-type-48/","NO (orphan, newly added)",""
"https://www.liquorlicenseagents.com/counties/san-joaquin-county-1","yes","/sitemaps/sitemap-counties-categories.xml"
"https://www.liquorlicenseagents.com/counties/san-joaquin-county-liquor-licenses-for-restaurants-bars-and-retailers/","NO (orphan, newly added)",""
"https://www.liquorlicenseagents.com/counties/san-joaquin-county-liquor-licenses/","NO (orphan, newly added)",""
"https://www.liquorlicenseagents.com/counties/san-joaquin-county-type-20/","NO (orphan, newly added)",""
"https://www.liquorlicenseagents.com/counties/san-joaquin-county-type-21/","NO (orphan, newly added)",""
"https://www.liquorlicenseagents.com/counties/san-joaquin-county-type-41/","NO (orphan, newly added)",""
"https://www.liquorlicenseagents.com/counties/san-joaquin-county-type-47/","NO (orphan, newly added)",""
"https://www.liquorlicenseagents.com/counties/san-joaquin-county-type-48/","NO (orphan, newly added)",""
"https://www.liquorlicenseagents.com/counties/san-luis-obispo-county-liquor-licenses-for-restaurants-bars-and-retailers/","NO (orphan, newly added)",""
"https://www.liquorlicenseagents.com/counties/san-mateo-county-1","yes","/sitemaps/sitemap-counties-categories.xml"
"https://www.liquorlicenseagents.com/counties/san-mateo-county-liquor-licenses/","NO (orphan, newly added)",""
"https://www.liquorlicenseagents.com/counties/san-mateo-county-type-20/","NO (orphan, newly added)",""
"https://www.liquorlicenseagents.com/counties/san-mateo-county-type-21/","NO (orphan, newly added)",""
"https://www.liquorlicenseagents.com/counties/san-mateo-county-type-41/","NO (orphan, newly added)",""
"https://www.liquorlicenseagents.com/counties/san-mateo-county-type-47/","NO (orphan, newly added)",""
"https://www.liquorlicenseagents.com/counties/san-mateo-county-type-48/","NO (orphan, newly added)",""
"https://www.liquorlicenseagents.com/counties/san-mateo-county/san-mateo-county-liquor-licenses-for-restaurants-bars-and-retailers/","yes","/sitemaps/sitemap-counties.xml"
"https://www.liquorlicenseagents.com/counties/santa-barbara-county-1","yes","/sitemaps/sitemap-counties-categories.xml"
"https://www.liquorlicenseagents.com/counties/santa-barbara-county-liquor-licenses-for-restaurants-bars-and-retailers/","NO (orphan, newly added)",""
"https://www.liquorlicenseagents.com/counties/santa-barbara-county-liquor-licenses/","NO (orphan, newly added)",""
"https://www.liquorlicenseagents.com/counties/santa-barbara-county-type-20/","NO (orphan, newly added)",""
"https://www.liquorlicenseagents.com/counties/santa-barbara-county-type-21/","NO (orphan, newly added)",""
"https://www.liquorlicenseagents.com/counties/santa-barbara-county-type-41/","NO (orphan, newly added)",""
"https://www.liquorlicenseagents.com/counties/santa-barbara-county-type-47/","NO (orphan, newly added)",""
"https://www.liquorlicenseagents.com/counties/santa-barbara-county-type-48/","NO (orphan, newly added)",""
"https://www.liquorlicenseagents.com/counties/santa-clara-county-1","yes","/sitemaps/sitemap-counties-categories.xml"
"https://www.liquorlicenseagents.com/counties/santa-clara-county-liquor-licenses/","NO (orphan, newly added)",""
"https://www.liquorlicenseagents.com/counties/santa-clara-county-type-20/","NO (orphan, newly added)",""
"https://www.liquorlicenseagents.com/counties/santa-clara-county-type-21/","NO (orphan, newly added)",""
"https://www.liquorlicenseagents.com/counties/santa-clara-county-type-41/","NO (orphan, newly added)",""
"https://www.liquorlicenseagents.com/counties/santa-clara-county-type-47/","NO (orphan, newly added)",""
"https://www.liquorlicenseagents.com/counties/santa-clara-county-type-48/","NO (orphan, newly added)",""
"https://www.liquorlicenseagents.com/counties/santa-clara-county/santa-clara-county-liquor-licenses-for-restaurants-bars-and-retailers/","yes","/sitemaps/sitemap-counties.xml"
"https://www.liquorlicenseagents.com/counties/santa-cruz-county-arizona-liquor-licenses-for-restaurants-bars-and-retailers/","NO (orphan, newly added)",""
"https://www.liquorlicenseagents.com/counties/santa-cruz-county/santa-cruz-county-liquor-licenses-for-restaurants-bars-and-retailers/","yes","/sitemaps/sitemap-counties.xml"
"https://www.liquorlicenseagents.com/counties/santa-rosa-county-florida-liquor-licenses-for-restaurants-bars-and-retailers/","NO (orphan, newly added)",""
"https://www.liquorlicenseagents.com/counties/seminole-county-florida-liquor-licenses-for-restaurants-bars-and-retailers/","NO (orphan, newly added)",""
"https://www.liquorlicenseagents.com/counties/shasta-county/shasta-county-liquor-licenses-for-restaurants-bars-and-retailers/","yes","/sitemaps/sitemap-counties.xml"
"https://www.liquorlicenseagents.com/counties/sierra-county-liquor-licenses-for-restaurants-bars-and-retailers/","NO (orphan, newly added)",""
"https://www.liquorlicenseagents.com/counties/siskiyou-county-liquor-licenses-for-restaurants-bars-and-retailers/","NO (orphan, newly added)",""
"https://www.liquorlicenseagents.com/counties/solano-county-1","yes","/sitemaps/sitemap-counties-categories.xml"
"https://www.liquorlicenseagents.com/counties/solano-county-liquor-licenses/","NO (orphan, newly added)",""
"https://www.liquorlicenseagents.com/counties/solano-county-type-20/","NO (orphan, newly added)",""
"https://www.liquorlicenseagents.com/counties/solano-county-type-21/","NO (orphan, newly added)",""
"https://www.liquorlicenseagents.com/counties/solano-county-type-41/","NO (orphan, newly added)",""
"https://www.liquorlicenseagents.com/counties/solano-county-type-47/","NO (orphan, newly added)",""
"https://www.liquorlicenseagents.com/counties/solano-county-type-48/","NO (orphan, newly added)",""
"https://www.liquorlicenseagents.com/counties/solano-county/solano-county-liquor-licenses-for-restaurants-bars-and-retailers/","yes","/sitemaps/sitemap-counties.xml"
"https://www.liquorlicenseagents.com/counties/sonoma-county-1","yes","/sitemaps/sitemap-counties-categories.xml"
"https://www.liquorlicenseagents.com/counties/sonoma-county-liquor-licenses-for-restaurants-bars-and-retailers/","NO (orphan, newly added)",""
"https://www.liquorlicenseagents.com/counties/sonoma-county-liquor-licenses/","NO (orphan, newly added)",""
"https://www.liquorlicenseagents.com/counties/sonoma-county-type-20/","NO (orphan, newly added)",""
"https://www.liquorlicenseagents.com/counties/sonoma-county-type-21/","NO (orphan, newly added)",""
"https://www.liquorlicenseagents.com/counties/sonoma-county-type-41/","NO (orphan, newly added)",""
"https://www.liquorlicenseagents.com/counties/sonoma-county-type-47/","NO (orphan, newly added)",""
"https://www.liquorlicenseagents.com/counties/sonoma-county-type-48/","NO (orphan, newly added)",""
"https://www.liquorlicenseagents.com/counties/st-johns-county-florida-liquor-licenses-for-restaurants-bars-and-retailers/","NO (orphan, newly added)",""
"https://www.liquorlicenseagents.com/counties/st-lucie-county-florida-liquor-licenses-for-restaurants-bars-and-retailers/","NO (orphan, newly added)",""
"https://www.liquorlicenseagents.com/counties/stanislaus-county-1","yes","/sitemaps/sitemap-counties-categories.xml"
"https://www.liquorlicenseagents.com/counties/stanislaus-county-liquor-licenses-for-restaurants-bars-and-retailers/","NO (orphan, newly added)",""
"https://www.liquorlicenseagents.com/counties/stanislaus-county-liquor-licenses/","NO (orphan, newly added)",""
"https://www.liquorlicenseagents.com/counties/stanislaus-county-type-20/","NO (orphan, newly added)",""
"https://www.liquorlicenseagents.com/counties/stanislaus-county-type-21/","NO (orphan, newly added)",""
"https://www.liquorlicenseagents.com/counties/stanislaus-county-type-41/","NO (orphan, newly added)",""
"https://www.liquorlicenseagents.com/counties/stanislaus-county-type-47/","NO (orphan, newly added)",""
"https://www.liquorlicenseagents.com/counties/stanislaus-county-type-48/","NO (orphan, newly added)",""
"https://www.liquorlicenseagents.com/counties/sumter-county-florida-liquor-licenses-for-restaurants-bars-and-retailers/","NO (orphan, newly added)",""
"https://www.liquorlicenseagents.com/counties/sutter-county-liquor-licenses-for-restaurants-bars-and-retailers/","NO (orphan, newly added)",""
"https://www.liquorlicenseagents.com/counties/suwannee-county-florida-liquor-licenses-for-restaurants-bars-and-retailers/","NO (orphan, newly added)",""
"https://www.liquorlicenseagents.com/counties/taylor-county-florida-liquor-licenses-for-restaurants-bars-and-retailers/","NO (orphan, newly added)",""
"https://www.liquorlicenseagents.com/counties/tehama-county-liquor-licenses-for-restaurants-bars-and-retailers/","NO (orphan, newly added)",""
"https://www.liquorlicenseagents.com/counties/tulare-county-1","yes","/sitemaps/sitemap-counties-categories.xml"
"https://www.liquorlicenseagents.com/counties/tulare-county-liquor-licenses-for-restaurants-bars-and-retailers/","NO (orphan, newly added)",""
"https://www.liquorlicenseagents.com/counties/tulare-county-liquor-licenses/","NO (orphan, newly added)",""
"https://www.liquorlicenseagents.com/counties/tulare-county-type-20/","NO (orphan, newly added)",""
"https://www.liquorlicenseagents.com/counties/tulare-county-type-21/","NO (orphan, newly added)",""
"https://www.liquorlicenseagents.com/counties/tulare-county-type-41/","NO (orphan, newly added)",""
"https://www.liquorlicenseagents.com/counties/tulare-county-type-47/","NO (orphan, newly added)",""
"https://www.liquorlicenseagents.com/counties/tulare-county-type-48/","NO (orphan, newly added)",""
"https://www.liquorlicenseagents.com/counties/tuolumne-county-liquor-licenses-for-restaurants-bars-and-retailers/","NO (orphan, newly added)",""
"https://www.liquorlicenseagents.com/counties/union-county-florida-liquor-licenses-for-restaurants-bars-and-retailers/","NO (orphan, newly added)",""
"https://www.liquorlicenseagents.com/counties/ventura-county-1","yes","/sitemaps/sitemap-counties-categories.xml"
"https://www.liquorlicenseagents.com/counties/ventura-county-liquor-licenses/","NO (orphan, newly added)",""
"https://www.liquorlicenseagents.com/counties/ventura-county-type-20/","NO (orphan, newly added)",""
"https://www.liquorlicenseagents.com/counties/ventura-county-type-21/","NO (orphan, newly added)",""
"https://www.liquorlicenseagents.com/counties/ventura-county-type-41/","NO (orphan, newly added)",""
"https://www.liquorlicenseagents.com/counties/ventura-county-type-47/","NO (orphan, newly added)",""
"https://www.liquorlicenseagents.com/counties/ventura-county-type-48/","NO (orphan, newly added)",""
"https://www.liquorlicenseagents.com/counties/ventura-county/ventura-county-liquor-licenses-for-restaurants-bars-and-retailers/","yes","/sitemaps/sitemap-counties.xml"
"https://www.liquorlicenseagents.com/counties/volusia-county-florida-liquor-licenses-for-restaurants-bars-and-retailers/","NO (orphan, newly added)",""
"https://www.liquorlicenseagents.com/counties/wakulla-county-florida-liquor-licenses-for-restaurants-bars-and-retailers/","NO (orphan, newly added)",""
"https://www.liquorlicenseagents.com/counties/walton-county-florida-liquor-licenses-for-restaurants-bars-and-retailers-1/","NO (orphan, newly added)",""
"https://www.liquorlicenseagents.com/counties/walton-county-florida-liquor-licenses-for-restaurants-bars-and-retailers/","NO (orphan, newly added)",""
"https://www.liquorlicenseagents.com/counties/yavapai-county","yes","/sitemaps/sitemap-counties-categories.xml"
"https://www.liquorlicenseagents.com/counties/yavapai-county-arizona-liquor-licenses-for-restaurants-bars-and-retailers-1/","NO (orphan, newly added)",""
"https://www.liquorlicenseagents.com/counties/yavapai-county-arizona-liquor-licenses-for-restaurants-bars-and-retailers/","NO (orphan, newly added)",""
"https://www.liquorlicenseagents.com/counties/yavapai-county-liquor-licenses/","NO (orphan, newly added)",""
"https://www.liquorlicenseagents.com/counties/yavapai-county-series-10/","NO (orphan, newly added)",""
"https://www.liquorlicenseagents.com/counties/yavapai-county-series-11/","NO (orphan, newly added)",""
"https://www.liquorlicenseagents.com/counties/yavapai-county-series-12/","NO (orphan, newly added)",""
"https://www.liquorlicenseagents.com/counties/yavapai-county-series-14/","NO (orphan, newly added)",""
"https://www.liquorlicenseagents.com/counties/yavapai-county-series-6/","NO (orphan, newly added)",""
"https://www.liquorlicenseagents.com/counties/yavapai-county-series-7/","NO (orphan, newly added)",""
"https://www.liquorlicenseagents.com/counties/yavapai-county-series-9/","NO (orphan, newly added)",""
"https://www.liquorlicenseagents.com/counties/yolo-county/yolo-county-liquor-licenses-for-restaurants-bars-and-retailers/","yes","/sitemaps/sitemap-counties.xml"
"https://www.liquorlicenseagents.com/counties/yuba-county-liquor-licenses/","NO (orphan, newly added)",""
"https://www.liquorlicenseagents.com/counties/yuma-county","yes","/sitemaps/sitemap-counties-categories.xml"
"https://www.liquorlicenseagents.com/counties/yuma-county-liquor-licenses/","NO (orphan, newly added)",""
"https://www.liquorlicenseagents.com/counties/yuma-county-series-10/","NO (orphan, newly added)",""
"https://www.liquorlicenseagents.com/counties/yuma-county-series-11/","NO (orphan, newly added)",""
"https://www.liquorlicenseagents.com/counties/yuma-county-series-12/","NO (orphan, newly added)",""
"https://www.liquorlicenseagents.com/counties/yuma-county-series-14/","NO (orphan, newly added)",""
"https://www.liquorlicenseagents.com/counties/yuma-county-series-6/","NO (orphan, newly added)",""
"https://www.liquorlicenseagents.com/counties/yuma-county-series-7/","NO (orphan, newly added)",""
"https://www.liquorlicenseagents.com/counties/yuma-county-series-9/","NO (orphan, newly added)",""
"https://www.liquorlicenseagents.com/faq/","yes","/sitemaps/sitemap-pages.xml"
"https://www.liquorlicenseagents.com/florida","yes","/sitemaps/sitemap-florida.xml"
"https://www.liquorlicenseagents.com/florida-cop-liquor-licenses/","yes","/sitemaps/sitemap-pages.xml"
"https://www.liquorlicenseagents.com/how-to-buy-a-california-liquor-license/","yes","/sitemaps/sitemap-pages.xml"
"https://www.liquorlicenseagents.com/how-to-sell-a-california-liquor-license/","yes","/sitemaps/sitemap-pages.xml"
"https://www.liquorlicenseagents.com/new-jersey-liquor-license/","yes","/sitemaps/sitemap-pages.xml"
"https://www.liquorlicenseagents.com/ohio-liquor-license/","yes","/sitemaps/sitemap-pages.xml"
"https://www.liquorlicenseagents.com/pennsylvania-liquor-license/","yes","/sitemaps/sitemap-pages.xml"
"https://www.liquorlicenseagents.com/privacy-policy/","yes","/sitemaps/sitemap-pages.xml"
"https://www.liquorlicenseagents.com/products","NO (orphan, newly added)",""
"https://www.liquorlicenseagents.com/sell/","yes","/sitemaps/sitemap-pages.xml"
"https://www.liquorlicenseagents.com/state","NO (orphan, newly added)",""
"https://www.liquorlicenseagents.com/thank-you/","yes","/sitemaps/sitemap-pages.xml"